Composition_ID,Partitions,Partition_Count
COMP-0346738121cb655e,Final_Test;Proper_Training,2
COMP-06072d2dd3b021af,Final_Test;Proper_Training,2
COMP-0765adc8c505dd3b,Calibration;Proper_Training,2
COMP-0966c0019ec07f39,Calibration;Proper_Training,2
COMP-0b765af90e5ebd4c,Calibration;Final_Test;Proper_Training,3
COMP-0ee2ef468faff8db,Final_Test;Proper_Training,2
COMP-150ce51691dfb5f9,Final_Test;Proper_Training,2
COMP-15c7378d46cadefa,Final_Test;Proper_Training,2
COMP-1fc9679353325516,Final_Test;Proper_Training,2
COMP-21d126c9d34df073,Final_Test;Proper_Training,2
COMP-221944a235b3f36b,Calibration;Final_Test;Proper_Training,3
COMP-266a388f7afdbe91,Calibration;Proper_Training,2
COMP-289a02a6b94655b9,Final_Test;Proper_Training,2
COMP-30cef922979fb9fd,Final_Test;Proper_Training,2
COMP-384273ac244080b1,Calibration;Proper_Training,2
COMP-478c9f483894c42c,Calibration;Final_Test;Proper_Training,3
COMP-5502f8bc72167a0b,Calibration;Proper_Training,2
COMP-59ce4655e65cf94a,Final_Test;Proper_Training,2
COMP-59f47d6774b9fdfb,Calibration;Final_Test;Proper_Training,3
COMP-69c6ecd7284d3b47,Final_Test;Proper_Training,2
COMP-6f2ca218fbd1923b,Calibration;Final_Test;Proper_Training,3
COMP-725d39a40881dc4b,Calibration;Final_Test;Proper_Training,3
COMP-773f99d6dc417f9e,Calibration;Proper_Training,2
COMP-7decbe1f0284bd78,Final_Test;Proper_Training,2
COMP-7fb1fecc93ced403,Calibration;Final_Test;Proper_Training,3
COMP-81f8a3600f73b006,Calibration;Final_Test;Proper_Training,3
COMP-87a7ec252c82f56c,Calibration;Proper_Training,2
COMP-89919c53d3149a2d,Calibration;Final_Test;Proper_Training,3
COMP-8bbe9ce01fb6a2d3,Calibration;Proper_Training,2
COMP-8e1fe5f59d3c7565,Final_Test;Proper_Training,2
COMP-92ed17371ff559b6,Calibration;Proper_Training,2
COMP-941f92def7f50542,Calibration;Final_Test;Proper_Training,3
COMP-95a56990f4bea8a9,Calibration;Final_Test;Proper_Training,3
COMP-98f4f40f49690531,Calibration;Final_Test,2
COMP-a14831ff30c0b14d,Calibration;Final_Test;Proper_Training,3
COMP-a7670bf71188b1d6,Calibration;Proper_Training,2
COMP-a85acb2f2da0216b,Calibration;Final_Test;Proper_Training,3
COMP-a87a2533a652007c,Final_Test;Proper_Training,2
COMP-b0cc51380afea02b,Final_Test;Proper_Training,2
COMP-b2e9edd7bc55d085,Final_Test;Proper_Training,2
COMP-b9abc443805301b1,Calibration;Proper_Training,2
COMP-dbc0864492ec7b98,Calibration;Final_Test;Proper_Training,3
COMP-ddfcf6030a718a0c,Calibration;Proper_Training,2
COMP-e1e52574fbb04f58,Calibration;Final_Test;Proper_Training,3
COMP-e295ac85ac1ada41,Final_Test;Proper_Training,2
COMP-e913f917a7e36868,Calibration;Final_Test;Proper_Training,3
COMP-ea1f0dc96a173899,Final_Test;Proper_Training,2
COMP-ea2a626c3522e4a5,Calibration;Final_Test;Proper_Training,3
COMP-eacd4f126ab29a30,Calibration;Proper_Training,2
COMP-f9d9cbed014e8b80,Calibration;Final_Test;Proper_Training,3
