Feature_Count,Repeat,Fold,Outer_ID,Implementation,Chain_Order,Target,R2,RMSE,MAE,NRMSE,NMAE,MAPE_Percent,Validation_Type
,1,1,R01_F01,Fixed_k12_Native_ET,Not applicable,YS,0.8527097161757443,46.28450142258184,36.00522407407453,0.3851449336378166,0.2996084911883363,11.647438359008696,Fixed_Rowwise
,1,1,R01_F01,Fixed_k12_Native_ET,Not applicable,UTS,0.8576881665998303,39.27141569711974,28.221009953703497,0.37871470506992055,0.27214988998158207,6.545103738842512,Fixed_Rowwise
,1,1,R01_F01,Fixed_k12_Native_ET,Not applicable,El,0.7457336600856239,3.6362015491724016,2.6173537422839592,0.5029493227179133,0.3620251171980619,24.203106129272964,Fixed_Rowwise
,1,1,R01_F01,Fixed_k12_Native_ET,Not applicable,Macro,0.8187105142870662,,,0.42226965380855014,0.3112611661226601,,Fixed_Rowwise
,1,2,R01_F02,Fixed_k12_Native_ET,Not applicable,YS,0.8499873321192477,53.827334178033894,40.19578533950647,0.4669303995368249,0.34868221499127106,13.660872257678857,Fixed_Rowwise
,1,2,R01_F02,Fixed_k12_Native_ET,Not applicable,UTS,0.8744717054609293,43.22554786659513,31.602463811727862,0.4376919985679867,0.3199993112433672,7.918262617070537,Fixed_Rowwise
,1,2,R01_F02,Fixed_k12_Native_ET,Not applicable,El,0.7715028979402202,3.7284929568666674,2.517715624999996,0.5278736775615376,0.3564538867038069,19.65797823719976,Fixed_Rowwise
,1,2,R01_F02,Fixed_k12_Native_ET,Not applicable,Macro,0.8319873118401325,,,0.4774986918887831,0.34171180431281506,,Fixed_Rowwise
,1,3,R01_F03,Fixed_k12_Native_ET,Not applicable,YS,0.852412249489487,44.050474759893795,29.72770636574099,0.36328881022160164,0.245167461533466,10.661951581932067,Fixed_Rowwise
,1,3,R01_F03,Fixed_k12_Native_ET,Not applicable,UTS,0.8800279657979041,34.88151248209611,24.67641053240784,0.33496811643680685,0.23696824387144017,6.437668490934663,Fixed_Rowwise
,1,3,R01_F03,Fixed_k12_Native_ET,Not applicable,El,0.8090572038342688,3.265010593070886,2.148449074074093,0.45569068388164496,0.2998545333750024,16.00291262833332,Fixed_Rowwise
,1,3,R01_F03,Fixed_k12_Native_ET,Not applicable,Macro,0.8471658063738866,,,0.38464920351335113,0.26066341292663614,,Fixed_Rowwise
,1,4,R01_F04,Fixed_k12_Native_ET,Not applicable,YS,0.9004492853624105,36.53701621690885,26.018280054012624,0.30195225630804623,0.21502243973408983,7.99260034721153,Fixed_Rowwise
,1,4,R01_F04,Fixed_k12_Native_ET,Not applicable,UTS,0.9130734121249722,30.224677087304777,20.883971489198192,0.2907826002129044,0.2009184586111564,5.131224899266711,Fixed_Rowwise
,1,4,R01_F04,Fixed_k12_Native_ET,Not applicable,El,0.8263719234370107,2.9589633354995266,1.8400210648148256,0.4081005352570162,0.2537758992908736,16.84393285781709,Fixed_Rowwise
,1,4,R01_F04,Fixed_k12_Native_ET,Not applicable,Macro,0.8799648736414646,,,0.3336117972593223,0.22323893254537328,,Fixed_Rowwise
,1,5,R01_F05,Fixed_k12_Native_ET,Not applicable,YS,0.8213026850350469,43.71177545237165,30.13942407407397,0.35185852707056864,0.24260770128209294,9.002097971106714,Fixed_Rowwise
,1,5,R01_F05,Fixed_k12_Native_ET,Not applicable,UTS,0.7865051962472341,37.68804197844604,27.297648379629035,0.3474028493988709,0.25162572346939993,5.810044335039972,Fixed_Rowwise
,1,5,R01_F05,Fixed_k12_Native_ET,Not applicable,El,0.6089627360912176,3.93013804671704,2.1241555555555447,0.5284768325056606,0.2856304247854625,15.587205556022491,Fixed_Rowwise
,1,5,R01_F05,Fixed_k12_Native_ET,Not applicable,Macro,0.7389235391244996,,,0.4092460696583667,0.2599546165123185,,Fixed_Rowwise
,2,1,R02_F01,Fixed_k12_Native_ET,Not applicable,YS,0.8077434922931462,53.42324096045158,36.840850983796635,0.44511855832535285,0.30695529104133373,11.413734206798852,Fixed_Rowwise
,2,1,R02_F01,Fixed_k12_Native_ET,Not applicable,UTS,0.844047602621793,41.86874412566699,29.766065219908523,0.40537740392677046,0.2881980459634631,6.871815127912974,Fixed_Rowwise
,2,1,R02_F01,Fixed_k12_Native_ET,Not applicable,El,0.4968887106933514,6.0468311017241865,3.3273715856481427,0.8810120206887913,0.48479183806183473,24.43145864844093,Fixed_Rowwise
,2,1,R02_F01,Fixed_k12_Native_ET,Not applicable,Macro,0.7162266018694302,,,0.5771693276469715,0.35998172502221054,,Fixed_Rowwise
,2,2,R02_F02,Fixed_k12_Native_ET,Not applicable,YS,0.8848385792011477,40.50123056484414,31.08113950617341,0.3395597496119935,0.2605823033321036,8.847523869884096,Fixed_Rowwise
,2,2,R02_F02,Fixed_k12_Native_ET,Not applicable,UTS,0.9009447242773971,32.116646059070106,24.854883179012063,0.31073361754833234,0.24047491602176438,5.2540533710081405,Fixed_Rowwise
,2,2,R02_F02,Fixed_k12_Native_ET,Not applicable,El,0.7360683519127349,3.326404105265711,2.183344598765442,0.4496204989800115,0.295116425087449,17.4848348936006,Fixed_Rowwise
,2,2,R02_F02,Fixed_k12_Native_ET,Not applicable,Macro,0.8406172184637599,,,0.36663795538011246,0.2653912148137723,,Fixed_Rowwise
,2,3,R02_F03,Fixed_k12_Native_ET,Not applicable,YS,0.910769521727713,34.12986541518229,22.856827121913586,0.27993390698520787,0.18747219889933928,7.848497247587671,Fixed_Rowwise
,2,3,R02_F03,Fixed_k12_Native_ET,Not applicable,UTS,0.8351628483457271,38.086396770851714,24.718813425926186,0.3590056359664315,0.2330016511591297,6.137373822484254,Fixed_Rowwise
,2,3,R02_F03,Fixed_k12_Native_ET,Not applicable,El,0.8853375785589657,2.316758929603167,1.635284799382715,0.3169278022037017,0.22370355880499754,14.981110906962241,Fixed_Rowwise
,2,3,R02_F03,Fixed_k12_Native_ET,Not applicable,Macro,0.8770899828774686,,,0.31862244838511367,0.21472580295448884,,Fixed_Rowwise
,2,4,R02_F04,Fixed_k12_Native_ET,Not applicable,YS,0.8110383987860014,50.87099143958416,36.829959413580205,0.42085833051339366,0.3046961498693,13.170067556572343,Fixed_Rowwise
,2,4,R02_F04,Fixed_k12_Native_ET,Not applicable,UTS,0.8317229077121582,41.92446159369388,28.530169367283882,0.40320476552125356,0.274386356144587,7.01865795588032,Fixed_Rowwise
,2,4,R02_F04,Fixed_k12_Native_ET,Not applicable,El,0.703713027904642,3.7153204654659904,2.256701736111119,0.507155766361251,0.30804860820603597,16.38178380390763,Fixed_Rowwise
,2,4,R02_F04,Fixed_k12_Native_ET,Not applicable,Macro,0.7821581114676004,,,0.4437396207986328,0.29571037140664097,,Fixed_Rowwise
,2,5,R02_F05,Fixed_k12_Native_ET,Not applicable,YS,0.8466937364080471,47.30484720449356,35.48248761574103,0.3947613165659179,0.296103134329398,11.426768039966923,Fixed_Rowwise
,2,5,R02_F05,Fixed_k12_Native_ET,Not applicable,UTS,0.8954903527434435,34.570851511763465,26.720379513889174,0.3379701420537538,0.26122267937098553,6.833431492055772,Fixed_Rowwise
,2,5,R02_F05,Fixed_k12_Native_ET,Not applicable,El,0.6546363451582311,4.207653768521684,2.8006630787036957,0.5808942624284105,0.3866499486210472,24.303523952524998,Fixed_Rowwise
,2,5,R02_F05,Fixed_k12_Native_ET,Not applicable,Macro,0.7989401447699072,,,0.4378752403493607,0.3146585874404769,,Fixed_Rowwise
,3,1,R03_F01,Fixed_k12_Native_ET,Not applicable,YS,0.8967894278108945,41.02997818392601,26.708627527006442,0.34751463357659945,0.22621603323244552,10.731532758264972,Fixed_Rowwise
,3,1,R03_F01,Fixed_k12_Native_ET,Not applicable,UTS,0.9014244324191689,35.92560957679469,22.60459292052442,0.357639421536483,0.22502870880681988,6.136770647044011,Fixed_Rowwise
,3,1,R03_F01,Fixed_k12_Native_ET,Not applicable,El,0.7226266916064199,3.8677718237884746,2.244690682870359,0.5377131747612609,0.3120659150624325,17.00022869117879,Fixed_Rowwise
,3,1,R03_F01,Fixed_k12_Native_ET,Not applicable,Macro,0.8402801839454944,,,0.4142890766247811,0.25443688570056594,,Fixed_Rowwise
,3,2,R03_F02,Fixed_k12_Native_ET,Not applicable,YS,0.8276065260332535,47.65102808393803,34.87061277006192,0.39137749677673145,0.2864066880776873,11.356679840218007,Fixed_Rowwise
,3,2,R03_F02,Fixed_k12_Native_ET,Not applicable,UTS,0.8187472694643736,39.925756794671045,30.87197017746966,0.37592752816961356,0.2906801115437145,7.128664454646956,Fixed_Rowwise
,3,2,R03_F02,Fixed_k12_Native_ET,Not applicable,El,0.741886968007158,3.9305192265091065,2.6147154706790263,0.5564468216030543,0.3701674077162302,18.21813834314129,Fixed_Rowwise
,3,2,R03_F02,Fixed_k12_Native_ET,Not applicable,Macro,0.7960802545015951,,,0.4412506155164664,0.31575140244587735,,Fixed_Rowwise
,3,3,R03_F03,Fixed_k12_Native_ET,Not applicable,YS,0.8589256670766967,43.5945584018476,29.94450949074085,0.3592280678384578,0.24674887603112647,9.556124079070415,Fixed_Rowwise
,3,3,R03_F03,Fixed_k12_Native_ET,Not applicable,UTS,0.8898758777305629,34.20846193549459,25.0539905092593,0.3289275929511299,0.2409038093431594,5.7295184755550475,Fixed_Rowwise
,3,3,R03_F03,Fixed_k12_Native_ET,Not applicable,El,0.8224120394454759,3.003279462313535,1.982301620370373,0.4163333922277879,0.2747990549609662,17.453147073735998,Fixed_Rowwise
,3,3,R03_F03,Fixed_k12_Native_ET,Not applicable,Macro,0.8570711947509118,,,0.36816301767245857,0.2541505801117507,,Fixed_Rowwise
,3,4,R03_F04,Fixed_k12_Native_ET,Not applicable,YS,0.8411845944170271,49.245638879558356,32.49779567901286,0.41404524938697995,0.2732334928043616,9.922801849356043,Fixed_Rowwise
,3,4,R03_F04,Fixed_k12_Native_ET,Not applicable,UTS,0.8762664054874193,37.163148371409555,23.09559837963006,0.36104136813847665,0.22437459694274428,5.266091696106757,Fixed_Rowwise
,3,4,R03_F04,Fixed_k12_Native_ET,Not applicable,El,0.7212644933803875,3.9028414781870207,2.286921064814813,0.5432749700675713,0.31833908191713384,23.65217953961842,Fixed_Rowwise
,3,4,R03_F04,Fixed_k12_Native_ET,Not applicable,Macro,0.8129051644282779,,,0.4394538625310093,0.27198239055474654,,Fixed_Rowwise
,3,5,R03_F05,Fixed_k12_Native_ET,Not applicable,YS,0.8830339578204872,38.898545027173796,28.301378472222517,0.31893536381728854,0.2320475080305306,8.506499585096073,Fixed_Rowwise
,3,5,R03_F05,Fixed_k12_Native_ET,Not applicable,UTS,0.891643748288128,31.778720148210706,23.778839583333948,0.3010936953358485,0.22529726331182942,5.723842332965589,Fixed_Rowwise
,3,5,R03_F05,Fixed_k12_Native_ET,Not applicable,El,0.6772154352619844,3.453926263892435,2.5832174768518605,0.46179533695812924,0.3453802119720307,22.63187362492662,Fixed_Rowwise
,3,5,R03_F05,Fixed_k12_Native_ET,Not applicable,Macro,0.8172977137901999,,,0.3606081320370887,0.26757499443813026,,Fixed_Rowwise
,4,1,R04_F01,Fixed_k12_Native_ET,Not applicable,YS,0.8922951788469713,42.38523810175107,29.273208506944712,0.3596377422214545,0.24838248141351213,9.706291020425608,Fixed_Rowwise
,4,1,R04_F01,Fixed_k12_Native_ET,Not applicable,UTS,0.9046632748688714,33.017933597613265,22.229499942130182,0.3207470991281324,0.21594469564329868,5.678263073076276,Fixed_Rowwise
,4,1,R04_F01,Fixed_k12_Native_ET,Not applicable,El,0.6466262925991717,4.321485546497532,2.5913804976851798,0.5988562214232629,0.35910436733299567,18.383458304017154,Fixed_Rowwise
,4,1,R04_F01,Fixed_k12_Native_ET,Not applicable,Macro,0.8145282487716715,,,0.42641368759094994,0.2744771814632688,,Fixed_Rowwise
,4,2,R04_F02,Fixed_k12_Native_ET,Not applicable,YS,0.8451369617543574,56.54082620692136,39.83898024691399,0.5001314397929225,0.3523953908606281,17.135948374029294,Fixed_Rowwise
,4,2,R04_F02,Fixed_k12_Native_ET,Not applicable,UTS,0.889060915828531,40.292278961515976,30.17457160493832,0.4086318177806453,0.30602116245286387,7.8708652914501185,Fixed_Rowwise
,4,2,R04_F02,Fixed_k12_Native_ET,Not applicable,El,0.4757369804392426,6.296241402832429,3.4471941743827155,0.9325777435951441,0.5105866117893698,22.148681553442287,Fixed_Rowwise
,4,2,R04_F02,Fixed_k12_Native_ET,Not applicable,Macro,0.7366449526740437,,,0.613780333722904,0.38966772170095393,,Fixed_Rowwise
,4,3,R04_F03,Fixed_k12_Native_ET,Not applicable,YS,0.8360941014075591,41.33832708947433,26.09368634259276,0.33201984931832296,0.20957843283970684,8.051585871985369,Fixed_Rowwise
,4,3,R04_F03,Fixed_k12_Native_ET,Not applicable,UTS,0.8859813775016231,30.45098336694953,20.272897685184958,0.2846850051318798,0.18953049601048438,4.775122342675955,Fixed_Rowwise
,4,3,R04_F03,Fixed_k12_Native_ET,Not applicable,El,0.833465714946632,2.64885241185544,1.7916646990740903,0.3589306041850574,0.2427780762935154,16.399286938454924,Fixed_Rowwise
,4,3,R04_F03,Fixed_k12_Native_ET,Not applicable,Macro,0.8518470646186048,,,0.3252118195450867,0.2139623350479022,,Fixed_Rowwise
,4,4,R04_F04,Fixed_k12_Native_ET,Not applicable,YS,0.7021196312878956,59.930860138256406,41.96466751543171,0.487562030668842,0.3413997139865167,12.360966843408674,Fixed_Rowwise
,4,4,R04_F04,Fixed_k12_Native_ET,Not applicable,UTS,0.7931536859692676,45.18240602298578,33.38377534722202,0.43054877535842057,0.31811815389545384,7.4393446408949,Fixed_Rowwise
,4,4,R04_F04,Fixed_k12_Native_ET,Not applicable,El,0.7119197841120566,3.451414217056035,2.4667150462963034,0.4654870812489328,0.3326821745993435,20.735195343217484,Fixed_Rowwise
,4,4,R04_F04,Fixed_k12_Native_ET,Not applicable,Macro,0.7357310337897399,,,0.4611992957587318,0.3307333474937713,,Fixed_Rowwise
,4,5,R04_F05,Fixed_k12_Native_ET,Not applicable,YS,0.8109749794064605,46.673373450627395,32.266608757715815,0.37805745900602056,0.26136169759804395,10.245607680987929,Fixed_Rowwise
,4,5,R04_F05,Fixed_k12_Native_ET,Not applicable,UTS,0.8375834130056997,38.72259614232671,26.994858526235028,0.36643168199397413,0.255452175226062,6.4438378195718595,Fixed_Rowwise
,4,5,R04_F05,Fixed_k12_Native_ET,Not applicable,El,0.7828490509063217,3.0975321856401012,1.9949606481481337,0.4210469497222443,0.271174614298674,17.954518829953873,Fixed_Rowwise
,4,5,R04_F05,Fixed_k12_Native_ET,Not applicable,Macro,0.8104691477728272,,,0.3885120302407463,0.2626628290409267,,Fixed_Rowwise
,5,1,R05_F01,Fixed_k12_Native_ET,Not applicable,YS,0.9199313307355151,34.132946116488256,26.027247337962823,0.28360685402182645,0.21625750414793185,7.516873073544378,Fixed_Rowwise
,5,1,R05_F01,Fixed_k12_Native_ET,Not applicable,UTS,0.9418014927771677,25.32531593702197,18.712073881172987,0.24464474513884898,0.18076025416870625,4.358061098623072,Fixed_Rowwise
,5,1,R05_F01,Fixed_k12_Native_ET,Not applicable,El,0.8001771662371189,3.346564449536034,2.0238510802469154,0.4673103504760436,0.28260820070344855,19.693782617951648,Fixed_Rowwise
,5,1,R05_F01,Fixed_k12_Native_ET,Not applicable,Macro,0.8873033299166005,,,0.33185398321223963,0.22654198634002887,,Fixed_Rowwise
,5,2,R05_F02,Fixed_k12_Native_ET,Not applicable,YS,0.8168050864824007,50.52896961821284,35.771989699074204,0.41845201438424295,0.2962431504384875,13.377678506987682,Fixed_Rowwise
,5,2,R05_F02,Fixed_k12_Native_ET,Not applicable,UTS,0.7821949762320884,49.745926046789556,35.26130648148147,0.4828319031552246,0.3422447840287438,9.306618953806337,Fixed_Rowwise
,5,2,R05_F02,Fixed_k12_Native_ET,Not applicable,El,0.7539677021809145,3.4329832498873474,2.124954282407403,0.47006583312821126,0.29096221344860157,14.869300498851146,Fixed_Rowwise
,5,2,R05_F02,Fixed_k12_Native_ET,Not applicable,Macro,0.7843225882984678,,,0.45711658355589296,0.30981671597194427,,Fixed_Rowwise
,5,3,R05_F03,Fixed_k12_Native_ET,Not applicable,YS,0.8349291698826821,49.16166122647117,31.153719907407876,0.4088765252400006,0.25910484768530073,11.410494357601864,Fixed_Rowwise
,5,3,R05_F03,Fixed_k12_Native_ET,Not applicable,UTS,0.8921598254366956,32.16313171843139,22.790181597223008,0.30578280654345774,0.21667186365562624,5.638946016464275,Fixed_Rowwise
,5,3,R05_F03,Fixed_k12_Native_ET,Not applicable,El,0.621318801422071,4.907013782968662,2.946310648148167,0.7005671693027616,0.4206404550612464,21.565106656748686,Fixed_Rowwise
,5,3,R05_F03,Fixed_k12_Native_ET,Not applicable,Macro,0.7828025989138162,,,0.47174216702874006,0.2988057221340578,,Fixed_Rowwise
,5,4,R05_F04,Fixed_k12_Native_ET,Not applicable,YS,0.8470334714156729,43.97229115985479,28.26641207561755,0.3643171924466524,0.2341915696521815,7.705713132671576,Fixed_Rowwise
,5,4,R05_F04,Fixed_k12_Native_ET,Not applicable,UTS,0.8524794307862831,38.021737779559984,26.12374726080248,0.36498855009624037,0.2507741411263626,5.550115335496384,Fixed_Rowwise
,5,4,R05_F04,Fixed_k12_Native_ET,Not applicable,El,0.7936926508162621,2.5161658130045526,1.8884307870370152,0.33425444633892654,0.2508643841785234,19.86919901410826,Fixed_Rowwise
,5,4,R05_F04,Fixed_k12_Native_ET,Not applicable,Macro,0.8310685176727394,,,0.35452006296060645,0.24527669831902252,,Fixed_Rowwise
,5,5,R05_F05,Fixed_k12_Native_ET,Not applicable,YS,0.8422537912371159,48.33005329204641,37.56353526234592,0.4029623629185123,0.3131941700419931,12.25504482365644,Fixed_Rowwise
,5,5,R05_F05,Fixed_k12_Native_ET,Not applicable,UTS,0.862401038256958,39.27430474586474,30.504050462962592,0.3801431799725438,0.2952542844505605,7.278981854487309,Fixed_Rowwise
,5,5,R05_F05,Fixed_k12_Native_ET,Not applicable,El,0.8311469340583278,3.098362786738954,2.1299366898148326,0.4347035451620338,0.29883234913484774,15.792300352881133,Fixed_Rowwise
,5,5,R05_F05,Fixed_k12_Native_ET,Not applicable,Macro,0.8452672545174673,,,0.4059363626843633,0.3024269345424671,,Fixed_Rowwise
,1,1,G01_F01,Fixed_k12_Native_ET,Not applicable,YS,0.8016647396670393,46.17666197149675,34.208760532407894,0.3770537204075097,0.279330291072919,8.739521642518396,Fixed_Composition_Grouped
,1,1,G01_F01,Fixed_k12_Native_ET,Not applicable,UTS,0.8430620701568627,36.40534267979874,27.831093749999816,0.3429619508219291,0.26218696222586146,6.041098220978392,Fixed_Composition_Grouped
,1,1,G01_F01,Fixed_k12_Native_ET,Not applicable,El,-1.0509649826816911,8.576749996155202,6.990735879629644,1.2376589587331217,1.008790846583997,248.271413298435,Fixed_Composition_Grouped
,1,1,G01_F01,Fixed_k12_Native_ET,Not applicable,Macro,0.19792060904740363,,,0.6525582099875201,0.5167693666275924,,Fixed_Composition_Grouped
,1,2,G01_F02,Fixed_k12_Native_ET,Not applicable,YS,0.7978145594711569,45.48010504450767,37.4339053240743,0.36733119381932855,0.3023440935010001,11.170212215963838,Fixed_Composition_Grouped
,1,2,G01_F02,Fixed_k12_Native_ET,Not applicable,UTS,0.7068396024776262,45.655310183433755,36.658859490741584,0.42307393560634704,0.3397065510512245,8.122399321454964,Fixed_Composition_Grouped
,1,2,G01_F02,Fixed_k12_Native_ET,Not applicable,El,0.30557942842869823,4.570777834749418,3.8253822916667173,0.6013533551808887,0.5032855586317185,34.84211846417278,Fixed_Composition_Grouped
,1,2,G01_F02,Fixed_k12_Native_ET,Not applicable,Macro,0.6034111967924938,,,0.46391949486885475,0.3817787343946477,,Fixed_Composition_Grouped
,1,3,G01_F03,Fixed_k12_Native_ET,Not applicable,YS,0.618748714055553,62.130201970256074,49.45517575231512,0.5027671201546695,0.40019886466227805,13.73001438612993,Fixed_Composition_Grouped
,1,3,G01_F03,Fixed_k12_Native_ET,Not applicable,UTS,0.5827707623732699,51.881131366582046,40.51841203703736,0.4834086481896329,0.3775351514834396,9.167130965711927,Fixed_Composition_Grouped
,1,3,G01_F03,Fixed_k12_Native_ET,Not applicable,El,0.3437654658935305,6.304396812420575,5.200848379629618,0.893406963145674,0.7370212083528387,57.06001143886432,Fixed_Composition_Grouped
,1,3,G01_F03,Fixed_k12_Native_ET,Not applicable,Macro,0.5150949807741177,,,0.6265275771633255,0.5049184081661854,,Fixed_Composition_Grouped
,1,4,G01_F04,Fixed_k12_Native_ET,Not applicable,YS,0.7925507494194017,52.92520143275886,42.288164004629664,0.4357417187411809,0.34816527414066245,14.446873336222726,Fixed_Composition_Grouped
,1,4,G01_F04,Fixed_k12_Native_ET,Not applicable,UTS,0.7898369207542225,41.6192507134076,31.878350694444517,0.3897585745889606,0.2985363819370982,7.63717704045556,Fixed_Composition_Grouped
,1,4,G01_F04,Fixed_k12_Native_ET,Not applicable,El,0.3243538188312983,6.333760184399798,3.552214583333333,0.9056527400461155,0.5079246414399033,19.713981772667598,Fixed_Composition_Grouped
,1,4,G01_F04,Fixed_k12_Native_ET,Not applicable,Macro,0.6355804963349742,,,0.577051011125419,0.384875432505888,,Fixed_Composition_Grouped
,1,5,G01_F05,Fixed_k12_Native_ET,Not applicable,YS,0.641876189521859,89.6151044709925,65.78484195601847,0.8214447755814954,0.6030078864073353,39.21305777964633,Fixed_Composition_Grouped
,1,5,G01_F05,Fixed_k12_Native_ET,Not applicable,UTS,0.6618519495076207,81.59691102882788,60.017034664352074,0.9183084100652671,0.6754440454244837,22.625233617733137,Fixed_Composition_Grouped
,1,5,G01_F05,Fixed_k12_Native_ET,Not applicable,El,-0.05698515398535453,6.449142413240151,4.661430266203702,0.8713748522174832,0.6298284095876578,34.52879429272003,Fixed_Composition_Grouped
,1,5,G01_F05,Fixed_k12_Native_ET,Not applicable,Macro,0.4155809950147084,,,0.8703760126214153,0.6360934471398255,,Fixed_Composition_Grouped
,2,1,G02_F01,Fixed_k12_Native_ET,Not applicable,YS,0.8502578164339903,44.24797421956639,33.909631886574694,0.3629765515313747,0.2781686950189116,11.352763975801931,Fixed_Composition_Grouped
,2,1,G02_F01,Fixed_k12_Native_ET,Not applicable,UTS,0.7610519237659868,45.76441465676421,33.75281556712924,0.43109832981805374,0.3179497110752522,8.68808717086715,Fixed_Composition_Grouped
,2,1,G02_F01,Fixed_k12_Native_ET,Not applicable,El,-0.9366464341502352,8.108504013901197,6.444824826388922,1.1532489794139413,0.9166287197727744,246.487693779224,Fixed_Composition_Grouped
,2,1,G02_F01,Fixed_k12_Native_ET,Not applicable,Macro,0.22488776868324734,,,0.6491079535877899,0.5042490419556461,,Fixed_Composition_Grouped
,2,2,G02_F02,Fixed_k12_Native_ET,Not applicable,YS,0.8191114757167519,48.91820666057243,44.04575740740753,0.4020920771714309,0.36204209629802053,13.358957960400367,Fixed_Composition_Grouped
,2,2,G02_F02,Fixed_k12_Native_ET,Not applicable,UTS,0.7602779154889878,44.107714221869095,38.61029513888975,0.4123444821398074,0.36095142165442196,8.269734067041659,Fixed_Composition_Grouped
,2,2,G02_F02,Fixed_k12_Native_ET,Not applicable,El,0.3697903002652755,6.102360531941309,3.7623570601852174,0.8585984949916391,0.5293613991811364,32.73290998457451,Fixed_Composition_Grouped
,2,2,G02_F02,Fixed_k12_Native_ET,Not applicable,Macro,0.6497265638236717,,,0.5576783514342925,0.41745163904452626,,Fixed_Composition_Grouped
,2,3,G02_F03,Fixed_k12_Native_ET,Not applicable,YS,0.7258451964103005,55.78331833150194,44.43294502314822,0.4544417410441155,0.36197532703310015,12.164144902311952,Fixed_Composition_Grouped
,2,3,G02_F03,Fixed_k12_Native_ET,Not applicable,UTS,0.656094850507098,46.8899376546472,35.89320572916691,0.43268251365262406,0.33120885321560056,7.869896374854241,Fixed_Composition_Grouped
,2,3,G02_F03,Fixed_k12_Native_ET,Not applicable,El,0.37752430306284734,4.668623140734609,3.6087183449074054,0.6207076654738749,0.47979009478751006,47.0498934585055,Fixed_Composition_Grouped
,2,3,G02_F03,Fixed_k12_Native_ET,Not applicable,Macro,0.586488116660082,,,0.5026106400568714,0.39099142501207024,,Fixed_Composition_Grouped
,2,4,G02_F04,Fixed_k12_Native_ET,Not applicable,YS,0.7065032923662,54.33512576183737,42.680265914352006,0.4380116807048098,0.3440583737307497,11.951289754498521,Fixed_Composition_Grouped
,2,4,G02_F04,Fixed_k12_Native_ET,Not applicable,UTS,0.6871871006877288,47.24111478201601,36.24444785879637,0.44214715276645056,0.3392252595711292,7.762399939927382,Fixed_Composition_Grouped
,2,4,G02_F04,Fixed_k12_Native_ET,Not applicable,El,0.13551781384637762,7.0649029329639115,5.553677256944444,1.0122775744808619,0.7957452489373027,36.95112142195461,Fixed_Composition_Grouped
,2,4,G02_F04,Fixed_k12_Native_ET,Not applicable,Macro,0.5097360689667688,,,0.6308121359840407,0.4930096274130606,,Fixed_Composition_Grouped
,2,5,G02_F05,Fixed_k12_Native_ET,Not applicable,YS,0.509218051202811,101.65002197143173,78.49679322916654,0.9186290557671726,0.7093892716041544,43.54619128442959,Fixed_Composition_Grouped
,2,5,G02_F05,Fixed_k12_Native_ET,Not applicable,UTS,0.5850628750099146,89.80488665760781,67.11864589120384,1.013485525004315,0.7574618553662281,25.344937898423986,Fixed_Composition_Grouped
,2,5,G02_F05,Fixed_k12_Native_ET,Not applicable,El,-0.0693872722022637,6.408014071923569,4.560466956018519,0.8721856827368774,0.6207186721173953,29.710176330390276,Fixed_Composition_Grouped
,2,5,G02_F05,Fixed_k12_Native_ET,Not applicable,Macro,0.3416312180034873,,,0.9347667545027883,0.695856599695926,,Fixed_Composition_Grouped
,3,1,G03_F01,Fixed_k12_Native_ET,Not applicable,YS,0.7711183289628396,43.021708508807016,33.438399710648305,0.33996873696436436,0.2642389368012085,8.73955602680032,Fixed_Composition_Grouped
,3,1,G03_F01,Fixed_k12_Native_ET,Not applicable,UTS,0.6777099668814162,46.37838544419338,37.99376140046296,0.4273078280058467,0.35005599065839943,8.086929690197698,Fixed_Composition_Grouped
,3,1,G03_F01,Fixed_k12_Native_ET,Not applicable,El,-0.5149621938744395,7.4990250386726585,6.108480729166685,1.0619751818900214,0.8650531102342741,223.79714155305751,Fixed_Composition_Grouped
,3,1,G03_F01,Fixed_k12_Native_ET,Not applicable,Macro,0.3112887006566054,,,0.6097505822867442,0.4931160125646274,,Fixed_Composition_Grouped
,3,2,G03_F02,Fixed_k12_Native_ET,Not applicable,YS,0.3015580389315342,88.80986814153502,74.61457546296323,0.7255480493016919,0.6095770752676983,24.660350328963606,Fixed_Composition_Grouped
,3,2,G03_F02,Fixed_k12_Native_ET,Not applicable,UTS,0.39493564986596597,63.232380772644575,55.08629768518481,0.583778691808489,0.5085718172601589,12.934107395045153,Fixed_Composition_Grouped
,3,2,G03_F02,Fixed_k12_Native_ET,Not applicable,El,0.3481658058307424,4.169685134538069,3.0707020833333423,0.5478957441441309,0.4034896038209463,30.488662348748335,Fixed_Composition_Grouped
,3,2,G03_F02,Fixed_k12_Native_ET,Not applicable,Macro,0.34821983154274755,,,0.6190741617514371,0.5072128321162678,,Fixed_Composition_Grouped
,3,3,G03_F03,Fixed_k12_Native_ET,Not applicable,YS,0.6688719149112878,67.21374151270804,50.17217899305591,0.5541275957118706,0.41363251459214234,17.15028870642187,Fixed_Composition_Grouped
,3,3,G03_F03,Fixed_k12_Native_ET,Not applicable,UTS,0.7536932865110636,50.78650435294597,40.25982309027808,0.4875879935369033,0.3865240699441975,10.13002899720425,Fixed_Composition_Grouped
,3,3,G03_F03,Fixed_k12_Native_ET,Not applicable,El,0.19917041869934282,8.559899405024643,6.325001909722225,1.3701881070459876,1.012446757102936,54.80312127871709,Fixed_Composition_Grouped
,3,3,G03_F03,Fixed_k12_Native_ET,Not applicable,Macro,0.5405785400405647,,,0.8039678987649205,0.6042011138797586,,Fixed_Composition_Grouped
,3,4,G03_F04,Fixed_k12_Native_ET,Not applicable,YS,0.6852689748868626,55.62147378783034,45.51157910879611,0.45150422974632054,0.3694377201948873,11.60339425321405,Fixed_Composition_Grouped
,3,4,G03_F04,Fixed_k12_Native_ET,Not applicable,UTS,0.6081327381840613,48.29119155197806,37.77906348379623,0.44766909659870946,0.3502195468076744,7.919448740036154,Fixed_Composition_Grouped
,3,4,G03_F04,Fixed_k12_Native_ET,Not applicable,El,0.25795024335081485,4.0962196554139805,2.7766664930555573,0.5332813573395976,0.36149049632603203,18.18135227185001,Fixed_Composition_Grouped
,3,4,G03_F04,Fixed_k12_Native_ET,Not applicable,Macro,0.5171173188072462,,,0.47748489456154247,0.3603825877761979,,Fixed_Composition_Grouped
,3,5,G03_F05,Fixed_k12_Native_ET,Not applicable,YS,0.696350944559794,88.06568791425195,62.982135243055716,0.822908972220188,0.5885216525142055,37.15993319450891,Fixed_Composition_Grouped
,3,5,G03_F05,Fixed_k12_Native_ET,Not applicable,UTS,0.7100095720409967,78.60699351936631,56.47889068287063,0.8901213249228299,0.6395495203925178,21.74467313613748,Fixed_Composition_Grouped
,3,5,G03_F05,Fixed_k12_Native_ET,Not applicable,El,0.2970115132746174,5.677920282757976,4.245643229166666,0.7771812082211932,0.5811342833642469,33.39934904016316,Fixed_Composition_Grouped
,3,5,G03_F05,Fixed_k12_Native_ET,Not applicable,Macro,0.567790676625136,,,0.8300705017880704,0.6030684854236568,,Fixed_Composition_Grouped
,4,1,G04_F01,Fixed_k12_Native_ET,Not applicable,YS,0.7894823247283218,47.03545955341986,34.61312233796342,0.3777457533803499,0.27798091266761216,11.01585906299094,Fixed_Composition_Grouped
,4,1,G04_F01,Fixed_k12_Native_ET,Not applicable,UTS,0.700065635925716,43.12552097905605,34.62453692129608,0.39492161178183793,0.3170739185921669,8.223253043620984,Fixed_Composition_Grouped
,4,1,G04_F01,Fixed_k12_Native_ET,Not applicable,El,-0.018317285761100255,6.824271153149767,5.63430729166668,0.9815242821934,0.8103736349276933,198.23335645829573,Fixed_Composition_Grouped
,4,1,G04_F01,Fixed_k12_Native_ET,Not applicable,Macro,0.4904102249643125,,,0.5847305491185293,0.4684761553958241,,Fixed_Composition_Grouped
,4,2,G04_F02,Fixed_k12_Native_ET,Not applicable,YS,0.7561470430140436,55.24344382328929,46.21204976851896,0.4511096306573214,0.37736062888617167,14.449225301507038,Fixed_Composition_Grouped
,4,2,G04_F02,Fixed_k12_Native_ET,Not applicable,UTS,0.7531047381476685,46.996473651722226,39.792809490741774,0.4432319142722937,0.3752929050711411,8.792659495956391,Fixed_Composition_Grouped
,4,2,G04_F02,Fixed_k12_Native_ET,Not applicable,El,0.16988655361718918,4.418573866594307,3.551375462962987,0.5748805877638261,0.46205334009541044,35.89766442642441,Fixed_Composition_Grouped
,4,2,G04_F02,Fixed_k12_Native_ET,Not applicable,Macro,0.5597127782596337,,,0.48974071089781374,0.4049022913509077,,Fixed_Composition_Grouped
,4,3,G04_F03,Fixed_k12_Native_ET,Not applicable,YS,0.7167376539178392,52.189410048069234,39.18783813657437,0.41715967861552744,0.3132356918316125,11.29659420238445,Fixed_Composition_Grouped
,4,3,G04_F03,Fixed_k12_Native_ET,Not applicable,UTS,0.7453745373470743,39.10997698068787,30.57403894675945,0.3607439652224631,0.282009883257314,6.6843948386279886,Fixed_Composition_Grouped
,4,3,G04_F03,Fixed_k12_Native_ET,Not applicable,El,0.2710707075295933,8.592822256670388,6.564545196759251,1.375843710940576,1.0510851911472083,65.49239381021806,Fixed_Composition_Grouped
,4,3,G04_F03,Fixed_k12_Native_ET,Not applicable,Macro,0.5777276329315023,,,0.7179157849261889,0.5487769220787116,,Fixed_Composition_Grouped
,4,4,G04_F04,Fixed_k12_Native_ET,Not applicable,YS,0.7467600775999952,57.80957602479977,45.334921412036984,0.4814038412076144,0.37752232085627935,13.183256812960256,Fixed_Composition_Grouped
,4,4,G04_F04,Fixed_k12_Native_ET,Not applicable,UTS,0.7201120811732679,45.75075271792682,34.981442129629535,0.42873493463679163,0.3278146350381412,7.693165548389616,Fixed_Composition_Grouped
,4,4,G04_F04,Fixed_k12_Native_ET,Not applicable,El,0.21290203711868294,3.597992608805698,2.4875077546296405,0.4599057845599272,0.3179604101164589,22.13383422750561,Fixed_Composition_Grouped
,4,4,G04_F04,Fixed_k12_Native_ET,Not applicable,Macro,0.559924731963982,,,0.45668152013477775,0.3410991220036264,,Fixed_Composition_Grouped
,4,5,G04_F05,Fixed_k12_Native_ET,Not applicable,YS,0.5747809945722542,97.45415366228039,75.18772008101851,0.8989983099047099,0.6935941746789409,42.35929541669734,Fixed_Composition_Grouped
,4,5,G04_F05,Fixed_k12_Native_ET,Not applicable,UTS,0.599203687800822,91.75155804530806,70.75374218750007,1.0664561672581079,0.8223921895167013,26.205556192593072,Fixed_Composition_Grouped
,4,5,G04_F05,Fixed_k12_Native_ET,Not applicable,El,0.03760389982307444,6.255032210783051,4.63766255787037,0.8690799849811883,0.6443611432078034,28.815934104485702,Fixed_Composition_Grouped
,4,5,G04_F05,Fixed_k12_Native_ET,Not applicable,Macro,0.40386286073205024,,,0.9448448207146688,0.7201158358011486,,Fixed_Composition_Grouped
,5,1,G05_F01,Fixed_k12_Native_ET,Not applicable,YS,0.7940034559248125,45.327213771457195,35.413820833333375,0.3639461135071676,0.28434843848370284,12.38720693861074,Fixed_Composition_Grouped
,5,1,G05_F01,Fixed_k12_Native_ET,Not applicable,UTS,0.7752395044660674,39.01601701381436,31.727378703703717,0.36395327411644796,0.29596263899149156,8.133796865697484,Fixed_Composition_Grouped
,5,1,G05_F01,Fixed_k12_Native_ET,Not applicable,El,-0.1205332488837858,10.270544892512051,8.2628744212963,1.6661223736816784,1.3404313099571665,259.5290683373884,Fixed_Composition_Grouped
,5,1,G05_F01,Fixed_k12_Native_ET,Not applicable,Macro,0.48290323716903133,,,0.7980072537684313,0.6402474624774537,,Fixed_Composition_Grouped
,5,2,G05_F02,Fixed_k12_Native_ET,Not applicable,YS,0.6968497598944554,53.778156078213144,44.708686342593126,0.42854330725433926,0.35627120201716617,13.325183696205087,Fixed_Composition_Grouped
,5,2,G05_F02,Fixed_k12_Native_ET,Not applicable,UTS,0.6320118816915693,44.78816614320324,38.648894907407936,0.4069723595839224,0.3511872289097013,8.609281428008401,Fixed_Composition_Grouped
,5,2,G05_F02,Fixed_k12_Native_ET,Not applicable,El,0.3009750964121749,3.600709004094926,2.8682011574074378,0.46447998074125324,0.36998880410484997,29.35893764575769,Fixed_Composition_Grouped
,5,2,G05_F02,Fixed_k12_Native_ET,Not applicable,Macro,0.5432789126660665,,,0.43333188252650495,0.3591490783439058,,Fixed_Composition_Grouped
,5,3,G05_F03,Fixed_k12_Native_ET,Not applicable,YS,0.7637504687801735,52.74446164183099,40.42416545138923,0.42814384426437213,0.3281360176745182,11.808963485714388,Fixed_Composition_Grouped
,5,3,G05_F03,Fixed_k12_Native_ET,Not applicable,UTS,0.7885864922855216,39.199786369994605,31.446416319444584,0.36541652891013504,0.29314038065549913,6.82737440942317,Fixed_Composition_Grouped
,5,3,G05_F03,Fixed_k12_Native_ET,Not applicable,El,0.32701821944695253,6.583183717916454,5.496396643518512,0.9419260510626377,0.786427875529788,61.610744683121055,Fixed_Composition_Grouped
,5,3,G05_F03,Fixed_k12_Native_ET,Not applicable,Macro,0.6264517268375491,,,0.5784954747457149,0.46923475795326847,,Fixed_Composition_Grouped
,5,4,G05_F04,Fixed_k12_Native_ET,Not applicable,YS,0.7346754543967287,60.849391311510225,49.561344155092556,0.5160960410859631,0.42035611134377626,13.938935371665236,Fixed_Composition_Grouped
,5,4,G05_F04,Fixed_k12_Native_ET,Not applicable,UTS,0.684015943692451,55.57837964985738,41.35174635416662,0.5404365590587066,0.4020987234875526,9.626133421038444,Fixed_Composition_Grouped
,5,4,G05_F04,Fixed_k12_Native_ET,Not applicable,El,0.3010965235916918,4.028712158629382,2.916009085648151,0.522844477268303,0.3784383659253591,24.003723847540815,Fixed_Composition_Grouped
,5,4,G05_F04,Fixed_k12_Native_ET,Not applicable,Macro,0.5732626405602905,,,0.5264590258043242,0.40029773358556264,,Fixed_Composition_Grouped
,5,5,G05_F05,Fixed_k12_Native_ET,Not applicable,YS,0.5974803366570183,96.02324695210525,74.12977604166655,0.8770673721990953,0.6770944530442841,40.883932832627856,Fixed_Composition_Grouped
,5,5,G05_F05,Fixed_k12_Native_ET,Not applicable,UTS,0.6363015408573474,85.7316766834457,67.08309756944467,0.9577336378235142,0.749404905597278,24.017289061889894,Fixed_Composition_Grouped
,5,5,G05_F05,Fixed_k12_Native_ET,Not applicable,El,0.15156872885079054,5.455196212368378,3.935417013888878,0.7451300546643937,0.5375420755788182,22.13566712699125,Fixed_Composition_Grouped
,5,5,G05_F05,Fixed_k12_Native_ET,Not applicable,Macro,0.4617835354550521,,,0.8599770215623345,0.65468047807346,,Fixed_Composition_Grouped
