Validation_Type,Repeat,Fold,Feature_Order,Feature,Mandatory
Fixed_Rowwise,1,1,1,Tsol,True
Fixed_Rowwise,1,1,2,Tage,True
Fixed_Rowwise,1,1,3,tage,True
Fixed_Rowwise,1,1,4,Zn,False
Fixed_Rowwise,1,1,5,Mg,False
Fixed_Rowwise,1,1,6,Cu,False
Fixed_Rowwise,1,1,7,Ti,False
Fixed_Rowwise,1,1,8,Fe,False
Fixed_Rowwise,1,1,9,Si,False
Fixed_Rowwise,1,1,10,Zr,False
Fixed_Rowwise,1,1,11,Sc,False
Fixed_Rowwise,1,1,12,Li,False
Fixed_Rowwise,1,2,1,Tsol,True
Fixed_Rowwise,1,2,2,Tage,True
Fixed_Rowwise,1,2,3,tage,True
Fixed_Rowwise,1,2,4,Zn,False
Fixed_Rowwise,1,2,5,Mg,False
Fixed_Rowwise,1,2,6,Cu,False
Fixed_Rowwise,1,2,7,Ti,False
Fixed_Rowwise,1,2,8,Fe,False
Fixed_Rowwise,1,2,9,Si,False
Fixed_Rowwise,1,2,10,Zr,False
Fixed_Rowwise,1,2,11,Sc,False
Fixed_Rowwise,1,2,12,Cr,False
Fixed_Rowwise,1,3,1,Tsol,True
Fixed_Rowwise,1,3,2,Tage,True
Fixed_Rowwise,1,3,3,tage,True
Fixed_Rowwise,1,3,4,Zn,False
Fixed_Rowwise,1,3,5,Mg,False
Fixed_Rowwise,1,3,6,Cu,False
Fixed_Rowwise,1,3,7,Ti,False
Fixed_Rowwise,1,3,8,Fe,False
Fixed_Rowwise,1,3,9,Zr,False
Fixed_Rowwise,1,3,10,Sc,False
Fixed_Rowwise,1,3,11,Si,False
Fixed_Rowwise,1,3,12,Cr,False
Fixed_Rowwise,1,4,1,Tsol,True
Fixed_Rowwise,1,4,2,Tage,True
Fixed_Rowwise,1,4,3,tage,True
Fixed_Rowwise,1,4,4,Zn,False
Fixed_Rowwise,1,4,5,Mg,False
Fixed_Rowwise,1,4,6,Cu,False
Fixed_Rowwise,1,4,7,Ti,False
Fixed_Rowwise,1,4,8,Zr,False
Fixed_Rowwise,1,4,9,Fe,False
Fixed_Rowwise,1,4,10,Si,False
Fixed_Rowwise,1,4,11,Li,False
Fixed_Rowwise,1,4,12,Sc,False
Fixed_Rowwise,1,5,1,Tsol,True
Fixed_Rowwise,1,5,2,Tage,True
Fixed_Rowwise,1,5,3,tage,True
Fixed_Rowwise,1,5,4,Zn,False
Fixed_Rowwise,1,5,5,Mg,False
Fixed_Rowwise,1,5,6,Cu,False
Fixed_Rowwise,1,5,7,Ti,False
Fixed_Rowwise,1,5,8,Zr,False
Fixed_Rowwise,1,5,9,Fe,False
Fixed_Rowwise,1,5,10,Sc,False
Fixed_Rowwise,1,5,11,Si,False
Fixed_Rowwise,1,5,12,Cr,False
Fixed_Rowwise,2,1,1,Tsol,True
Fixed_Rowwise,2,1,2,Tage,True
Fixed_Rowwise,2,1,3,tage,True
Fixed_Rowwise,2,1,4,Zn,False
Fixed_Rowwise,2,1,5,Mg,False
Fixed_Rowwise,2,1,6,Cu,False
Fixed_Rowwise,2,1,7,Fe,False
Fixed_Rowwise,2,1,8,Ti,False
Fixed_Rowwise,2,1,9,Zr,False
Fixed_Rowwise,2,1,10,Si,False
Fixed_Rowwise,2,1,11,Sc,False
Fixed_Rowwise,2,1,12,Cr,False
Fixed_Rowwise,2,2,1,Tsol,True
Fixed_Rowwise,2,2,2,Tage,True
Fixed_Rowwise,2,2,3,tage,True
Fixed_Rowwise,2,2,4,Zn,False
Fixed_Rowwise,2,2,5,Mg,False
Fixed_Rowwise,2,2,6,Cu,False
Fixed_Rowwise,2,2,7,Ti,False
Fixed_Rowwise,2,2,8,Fe,False
Fixed_Rowwise,2,2,9,Zr,False
Fixed_Rowwise,2,2,10,Si,False
Fixed_Rowwise,2,2,11,Cr,False
Fixed_Rowwise,2,2,12,Li,False
Fixed_Rowwise,2,3,1,Tsol,True
Fixed_Rowwise,2,3,2,Tage,True
Fixed_Rowwise,2,3,3,tage,True
Fixed_Rowwise,2,3,4,Zn,False
Fixed_Rowwise,2,3,5,Mg,False
Fixed_Rowwise,2,3,6,Cu,False
Fixed_Rowwise,2,3,7,Ti,False
Fixed_Rowwise,2,3,8,Fe,False
Fixed_Rowwise,2,3,9,Zr,False
Fixed_Rowwise,2,3,10,Cr,False
Fixed_Rowwise,2,3,11,Si,False
Fixed_Rowwise,2,3,12,Sc,False
Fixed_Rowwise,2,4,1,Tsol,True
Fixed_Rowwise,2,4,2,Tage,True
Fixed_Rowwise,2,4,3,tage,True
Fixed_Rowwise,2,4,4,Zn,False
Fixed_Rowwise,2,4,5,Mg,False
Fixed_Rowwise,2,4,6,Cu,False
Fixed_Rowwise,2,4,7,Ti,False
Fixed_Rowwise,2,4,8,Zr,False
Fixed_Rowwise,2,4,9,Fe,False
Fixed_Rowwise,2,4,10,Sc,False
Fixed_Rowwise,2,4,11,Si,False
Fixed_Rowwise,2,4,12,Li,False
Fixed_Rowwise,2,5,1,Tsol,True
Fixed_Rowwise,2,5,2,Tage,True
Fixed_Rowwise,2,5,3,tage,True
Fixed_Rowwise,2,5,4,Zn,False
Fixed_Rowwise,2,5,5,Mg,False
Fixed_Rowwise,2,5,6,Cu,False
Fixed_Rowwise,2,5,7,Ti,False
Fixed_Rowwise,2,5,8,Zr,False
Fixed_Rowwise,2,5,9,Fe,False
Fixed_Rowwise,2,5,10,Si,False
Fixed_Rowwise,2,5,11,Sc,False
Fixed_Rowwise,2,5,12,Li,False
Fixed_Rowwise,3,1,1,Tsol,True
Fixed_Rowwise,3,1,2,Tage,True
Fixed_Rowwise,3,1,3,tage,True
Fixed_Rowwise,3,1,4,Zn,False
Fixed_Rowwise,3,1,5,Mg,False
Fixed_Rowwise,3,1,6,Cu,False
Fixed_Rowwise,3,1,7,Fe,False
Fixed_Rowwise,3,1,8,Zr,False
Fixed_Rowwise,3,1,9,Si,False
Fixed_Rowwise,3,1,10,Ti,False
Fixed_Rowwise,3,1,11,Sc,False
Fixed_Rowwise,3,1,12,Li,False
Fixed_Rowwise,3,2,1,Tsol,True
Fixed_Rowwise,3,2,2,Tage,True
Fixed_Rowwise,3,2,3,tage,True
Fixed_Rowwise,3,2,4,Zn,False
Fixed_Rowwise,3,2,5,Mg,False
Fixed_Rowwise,3,2,6,Cu,False
Fixed_Rowwise,3,2,7,Ti,False
Fixed_Rowwise,3,2,8,Fe,False
Fixed_Rowwise,3,2,9,Zr,False
Fixed_Rowwise,3,2,10,Si,False
Fixed_Rowwise,3,2,11,Sc,False
Fixed_Rowwise,3,2,12,Li,False
Fixed_Rowwise,3,3,1,Tsol,True
Fixed_Rowwise,3,3,2,Tage,True
Fixed_Rowwise,3,3,3,tage,True
Fixed_Rowwise,3,3,4,Zn,False
Fixed_Rowwise,3,3,5,Mg,False
Fixed_Rowwise,3,3,6,Cu,False
Fixed_Rowwise,3,3,7,Ti,False
Fixed_Rowwise,3,3,8,Fe,False
Fixed_Rowwise,3,3,9,Zr,False
Fixed_Rowwise,3,3,10,Si,False
Fixed_Rowwise,3,3,11,Sc,False
Fixed_Rowwise,3,3,12,Cr,False
Fixed_Rowwise,3,4,1,Tsol,True
Fixed_Rowwise,3,4,2,Tage,True
Fixed_Rowwise,3,4,3,tage,True
Fixed_Rowwise,3,4,4,Zn,False
Fixed_Rowwise,3,4,5,Mg,False
Fixed_Rowwise,3,4,6,Cu,False
Fixed_Rowwise,3,4,7,Ti,False
Fixed_Rowwise,3,4,8,Zr,False
Fixed_Rowwise,3,4,9,Fe,False
Fixed_Rowwise,3,4,10,Si,False
Fixed_Rowwise,3,4,11,Sc,False
Fixed_Rowwise,3,4,12,Cr,False
Fixed_Rowwise,3,5,1,Tsol,True
Fixed_Rowwise,3,5,2,Tage,True
Fixed_Rowwise,3,5,3,tage,True
Fixed_Rowwise,3,5,4,Zn,False
Fixed_Rowwise,3,5,5,Mg,False
Fixed_Rowwise,3,5,6,Cu,False
Fixed_Rowwise,3,5,7,Ti,False
Fixed_Rowwise,3,5,8,Fe,False
Fixed_Rowwise,3,5,9,Zr,False
Fixed_Rowwise,3,5,10,Si,False
Fixed_Rowwise,3,5,11,Cr,False
Fixed_Rowwise,3,5,12,Sc,False
Fixed_Rowwise,4,1,1,Tsol,True
Fixed_Rowwise,4,1,2,Tage,True
Fixed_Rowwise,4,1,3,tage,True
Fixed_Rowwise,4,1,4,Zn,False
Fixed_Rowwise,4,1,5,Mg,False
Fixed_Rowwise,4,1,6,Cu,False
Fixed_Rowwise,4,1,7,Ti,False
Fixed_Rowwise,4,1,8,Fe,False
Fixed_Rowwise,4,1,9,Si,False
Fixed_Rowwise,4,1,10,Zr,False
Fixed_Rowwise,4,1,11,Sc,False
Fixed_Rowwise,4,1,12,Cr,False
Fixed_Rowwise,4,2,1,Tsol,True
Fixed_Rowwise,4,2,2,Tage,True
Fixed_Rowwise,4,2,3,tage,True
Fixed_Rowwise,4,2,4,Zn,False
Fixed_Rowwise,4,2,5,Mg,False
Fixed_Rowwise,4,2,6,Cu,False
Fixed_Rowwise,4,2,7,Ti,False
Fixed_Rowwise,4,2,8,Si,False
Fixed_Rowwise,4,2,9,Fe,False
Fixed_Rowwise,4,2,10,Sc,False
Fixed_Rowwise,4,2,11,Zr,False
Fixed_Rowwise,4,2,12,Li,False
Fixed_Rowwise,4,3,1,Tsol,True
Fixed_Rowwise,4,3,2,Tage,True
Fixed_Rowwise,4,3,3,tage,True
Fixed_Rowwise,4,3,4,Zn,False
Fixed_Rowwise,4,3,5,Mg,False
Fixed_Rowwise,4,3,6,Cu,False
Fixed_Rowwise,4,3,7,Ti,False
Fixed_Rowwise,4,3,8,Zr,False
Fixed_Rowwise,4,3,9,Fe,False
Fixed_Rowwise,4,3,10,Sc,False
Fixed_Rowwise,4,3,11,Si,False
Fixed_Rowwise,4,3,12,Cr,False
Fixed_Rowwise,4,4,1,Tsol,True
Fixed_Rowwise,4,4,2,Tage,True
Fixed_Rowwise,4,4,3,tage,True
Fixed_Rowwise,4,4,4,Zn,False
Fixed_Rowwise,4,4,5,Mg,False
Fixed_Rowwise,4,4,6,Cu,False
Fixed_Rowwise,4,4,7,Ti,False
Fixed_Rowwise,4,4,8,Zr,False
Fixed_Rowwise,4,4,9,Fe,False
Fixed_Rowwise,4,4,10,Sc,False
Fixed_Rowwise,4,4,11,Si,False
Fixed_Rowwise,4,4,12,Cr,False
Fixed_Rowwise,4,5,1,Tsol,True
Fixed_Rowwise,4,5,2,Tage,True
Fixed_Rowwise,4,5,3,tage,True
Fixed_Rowwise,4,5,4,Zn,False
Fixed_Rowwise,4,5,5,Mg,False
Fixed_Rowwise,4,5,6,Cu,False
Fixed_Rowwise,4,5,7,Zr,False
Fixed_Rowwise,4,5,8,Ti,False
Fixed_Rowwise,4,5,9,Fe,False
Fixed_Rowwise,4,5,10,Sc,False
Fixed_Rowwise,4,5,11,Si,False
Fixed_Rowwise,4,5,12,Cr,False
Fixed_Rowwise,5,1,1,Tsol,True
Fixed_Rowwise,5,1,2,Tage,True
Fixed_Rowwise,5,1,3,tage,True
Fixed_Rowwise,5,1,4,Zn,False
Fixed_Rowwise,5,1,5,Mg,False
Fixed_Rowwise,5,1,6,Cu,False
Fixed_Rowwise,5,1,7,Zr,False
Fixed_Rowwise,5,1,8,Fe,False
Fixed_Rowwise,5,1,9,Ti,False
Fixed_Rowwise,5,1,10,Sc,False
Fixed_Rowwise,5,1,11,Si,False
Fixed_Rowwise,5,1,12,Cr,False
Fixed_Rowwise,5,2,1,Tsol,True
Fixed_Rowwise,5,2,2,Tage,True
Fixed_Rowwise,5,2,3,tage,True
Fixed_Rowwise,5,2,4,Zn,False
Fixed_Rowwise,5,2,5,Mg,False
Fixed_Rowwise,5,2,6,Cu,False
Fixed_Rowwise,5,2,7,Ti,False
Fixed_Rowwise,5,2,8,Fe,False
Fixed_Rowwise,5,2,9,Si,False
Fixed_Rowwise,5,2,10,Zr,False
Fixed_Rowwise,5,2,11,Sc,False
Fixed_Rowwise,5,2,12,Cr,False
Fixed_Rowwise,5,3,1,Tsol,True
Fixed_Rowwise,5,3,2,Tage,True
Fixed_Rowwise,5,3,3,tage,True
Fixed_Rowwise,5,3,4,Zn,False
Fixed_Rowwise,5,3,5,Mg,False
Fixed_Rowwise,5,3,6,Cu,False
Fixed_Rowwise,5,3,7,Ti,False
Fixed_Rowwise,5,3,8,Fe,False
Fixed_Rowwise,5,3,9,Zr,False
Fixed_Rowwise,5,3,10,Si,False
Fixed_Rowwise,5,3,11,Sc,False
Fixed_Rowwise,5,3,12,Cr,False
Fixed_Rowwise,5,4,1,Tsol,True
Fixed_Rowwise,5,4,2,Tage,True
Fixed_Rowwise,5,4,3,tage,True
Fixed_Rowwise,5,4,4,Zn,False
Fixed_Rowwise,5,4,5,Mg,False
Fixed_Rowwise,5,4,6,Cu,False
Fixed_Rowwise,5,4,7,Ti,False
Fixed_Rowwise,5,4,8,Zr,False
Fixed_Rowwise,5,4,9,Fe,False
Fixed_Rowwise,5,4,10,Sc,False
Fixed_Rowwise,5,4,11,Si,False
Fixed_Rowwise,5,4,12,Cr,False
Fixed_Rowwise,5,5,1,Tsol,True
Fixed_Rowwise,5,5,2,Tage,True
Fixed_Rowwise,5,5,3,tage,True
Fixed_Rowwise,5,5,4,Zn,False
Fixed_Rowwise,5,5,5,Mg,False
Fixed_Rowwise,5,5,6,Cu,False
Fixed_Rowwise,5,5,7,Ti,False
Fixed_Rowwise,5,5,8,Zr,False
Fixed_Rowwise,5,5,9,Fe,False
Fixed_Rowwise,5,5,10,Si,False
Fixed_Rowwise,5,5,11,Sc,False
Fixed_Rowwise,5,5,12,Cr,False
Fixed_Composition_Grouped,1,1,1,Tsol,True
Fixed_Composition_Grouped,1,1,2,Tage,True
Fixed_Composition_Grouped,1,1,3,tage,True
Fixed_Composition_Grouped,1,1,4,Zn,False
Fixed_Composition_Grouped,1,1,5,Mg,False
Fixed_Composition_Grouped,1,1,6,Ti,False
Fixed_Composition_Grouped,1,1,7,Cu,False
Fixed_Composition_Grouped,1,1,8,Zr,False
Fixed_Composition_Grouped,1,1,9,Fe,False
Fixed_Composition_Grouped,1,1,10,Li,False
Fixed_Composition_Grouped,1,1,11,Mn,False
Fixed_Composition_Grouped,1,1,12,Cr,False
Fixed_Composition_Grouped,1,2,1,Tsol,True
Fixed_Composition_Grouped,1,2,2,Tage,True
Fixed_Composition_Grouped,1,2,3,tage,True
Fixed_Composition_Grouped,1,2,4,Zn,False
Fixed_Composition_Grouped,1,2,5,Mg,False
Fixed_Composition_Grouped,1,2,6,Fe,False
Fixed_Composition_Grouped,1,2,7,Zr,False
Fixed_Composition_Grouped,1,2,8,Cu,False
Fixed_Composition_Grouped,1,2,9,Ti,False
Fixed_Composition_Grouped,1,2,10,Si,False
Fixed_Composition_Grouped,1,2,11,Li,False
Fixed_Composition_Grouped,1,2,12,Cr,False
Fixed_Composition_Grouped,1,3,1,Tsol,True
Fixed_Composition_Grouped,1,3,2,Tage,True
Fixed_Composition_Grouped,1,3,3,tage,True
Fixed_Composition_Grouped,1,3,4,Zn,False
Fixed_Composition_Grouped,1,3,5,Mg,False
Fixed_Composition_Grouped,1,3,6,Cu,False
Fixed_Composition_Grouped,1,3,7,Ti,False
Fixed_Composition_Grouped,1,3,8,Fe,False
Fixed_Composition_Grouped,1,3,9,Zr,False
Fixed_Composition_Grouped,1,3,10,Si,False
Fixed_Composition_Grouped,1,3,11,Sc,False
Fixed_Composition_Grouped,1,3,12,Cr,False
Fixed_Composition_Grouped,1,4,1,Tsol,True
Fixed_Composition_Grouped,1,4,2,Tage,True
Fixed_Composition_Grouped,1,4,3,tage,True
Fixed_Composition_Grouped,1,4,4,Zn,False
Fixed_Composition_Grouped,1,4,5,Mg,False
Fixed_Composition_Grouped,1,4,6,Cu,False
Fixed_Composition_Grouped,1,4,7,Ti,False
Fixed_Composition_Grouped,1,4,8,Fe,False
Fixed_Composition_Grouped,1,4,9,Zr,False
Fixed_Composition_Grouped,1,4,10,Sc,False
Fixed_Composition_Grouped,1,4,11,Si,False
Fixed_Composition_Grouped,1,4,12,Cr,False
Fixed_Composition_Grouped,1,5,1,Tsol,True
Fixed_Composition_Grouped,1,5,2,Tage,True
Fixed_Composition_Grouped,1,5,3,tage,True
Fixed_Composition_Grouped,1,5,4,Zn,False
Fixed_Composition_Grouped,1,5,5,Mg,False
Fixed_Composition_Grouped,1,5,6,Cu,False
Fixed_Composition_Grouped,1,5,7,Sc,False
Fixed_Composition_Grouped,1,5,8,Si,False
Fixed_Composition_Grouped,1,5,9,Fe,False
Fixed_Composition_Grouped,1,5,10,Ti,False
Fixed_Composition_Grouped,1,5,11,Zr,False
Fixed_Composition_Grouped,1,5,12,Li,False
Fixed_Composition_Grouped,2,1,1,Tsol,True
Fixed_Composition_Grouped,2,1,2,Tage,True
Fixed_Composition_Grouped,2,1,3,tage,True
Fixed_Composition_Grouped,2,1,4,Zn,False
Fixed_Composition_Grouped,2,1,5,Mg,False
Fixed_Composition_Grouped,2,1,6,Ti,False
Fixed_Composition_Grouped,2,1,7,Cu,False
Fixed_Composition_Grouped,2,1,8,Fe,False
Fixed_Composition_Grouped,2,1,9,Zr,False
Fixed_Composition_Grouped,2,1,10,Mn,False
Fixed_Composition_Grouped,2,1,11,Cr,False
Fixed_Composition_Grouped,2,1,12,Sc,False
Fixed_Composition_Grouped,2,2,1,Tsol,True
Fixed_Composition_Grouped,2,2,2,Tage,True
Fixed_Composition_Grouped,2,2,3,tage,True
Fixed_Composition_Grouped,2,2,4,Zn,False
Fixed_Composition_Grouped,2,2,5,Mg,False
Fixed_Composition_Grouped,2,2,6,Zr,False
Fixed_Composition_Grouped,2,2,7,Cu,False
Fixed_Composition_Grouped,2,2,8,Ti,False
Fixed_Composition_Grouped,2,2,9,Fe,False
Fixed_Composition_Grouped,2,2,10,Cr,False
Fixed_Composition_Grouped,2,2,11,Si,False
Fixed_Composition_Grouped,2,2,12,Sc,False
Fixed_Composition_Grouped,2,3,1,Tsol,True
Fixed_Composition_Grouped,2,3,2,Tage,True
Fixed_Composition_Grouped,2,3,3,tage,True
Fixed_Composition_Grouped,2,3,4,Zn,False
Fixed_Composition_Grouped,2,3,5,Mg,False
Fixed_Composition_Grouped,2,3,6,Cu,False
Fixed_Composition_Grouped,2,3,7,Zr,False
Fixed_Composition_Grouped,2,3,8,Sc,False
Fixed_Composition_Grouped,2,3,9,Ti,False
Fixed_Composition_Grouped,2,3,10,Fe,False
Fixed_Composition_Grouped,2,3,11,Si,False
Fixed_Composition_Grouped,2,3,12,Cr,False
Fixed_Composition_Grouped,2,4,1,Tsol,True
Fixed_Composition_Grouped,2,4,2,Tage,True
Fixed_Composition_Grouped,2,4,3,tage,True
Fixed_Composition_Grouped,2,4,4,Zn,False
Fixed_Composition_Grouped,2,4,5,Mg,False
Fixed_Composition_Grouped,2,4,6,Cu,False
Fixed_Composition_Grouped,2,4,7,Ti,False
Fixed_Composition_Grouped,2,4,8,Fe,False
Fixed_Composition_Grouped,2,4,9,Zr,False
Fixed_Composition_Grouped,2,4,10,Sc,False
Fixed_Composition_Grouped,2,4,11,Si,False
Fixed_Composition_Grouped,2,4,12,Cr,False
Fixed_Composition_Grouped,2,5,1,Tsol,True
Fixed_Composition_Grouped,2,5,2,Tage,True
Fixed_Composition_Grouped,2,5,3,tage,True
Fixed_Composition_Grouped,2,5,4,Zn,False
Fixed_Composition_Grouped,2,5,5,Mg,False
Fixed_Composition_Grouped,2,5,6,Cu,False
Fixed_Composition_Grouped,2,5,7,Sc,False
Fixed_Composition_Grouped,2,5,8,Si,False
Fixed_Composition_Grouped,2,5,9,Zr,False
Fixed_Composition_Grouped,2,5,10,Ti,False
Fixed_Composition_Grouped,2,5,11,Fe,False
Fixed_Composition_Grouped,2,5,12,Li,False
Fixed_Composition_Grouped,3,1,1,Tsol,True
Fixed_Composition_Grouped,3,1,2,Tage,True
Fixed_Composition_Grouped,3,1,3,tage,True
Fixed_Composition_Grouped,3,1,4,Zn,False
Fixed_Composition_Grouped,3,1,5,Mg,False
Fixed_Composition_Grouped,3,1,6,Cu,False
Fixed_Composition_Grouped,3,1,7,Ti,False
Fixed_Composition_Grouped,3,1,8,Zr,False
Fixed_Composition_Grouped,3,1,9,Fe,False
Fixed_Composition_Grouped,3,1,10,Cr,False
Fixed_Composition_Grouped,3,1,11,Sc,False
Fixed_Composition_Grouped,3,1,12,Li,False
Fixed_Composition_Grouped,3,2,1,Tsol,True
Fixed_Composition_Grouped,3,2,2,Tage,True
Fixed_Composition_Grouped,3,2,3,tage,True
Fixed_Composition_Grouped,3,2,4,Zn,False
Fixed_Composition_Grouped,3,2,5,Mg,False
Fixed_Composition_Grouped,3,2,6,Cu,False
Fixed_Composition_Grouped,3,2,7,Zr,False
Fixed_Composition_Grouped,3,2,8,Fe,False
Fixed_Composition_Grouped,3,2,9,Ti,False
Fixed_Composition_Grouped,3,2,10,Si,False
Fixed_Composition_Grouped,3,2,11,Li,False
Fixed_Composition_Grouped,3,2,12,Cr,False
Fixed_Composition_Grouped,3,3,1,Tsol,True
Fixed_Composition_Grouped,3,3,2,Tage,True
Fixed_Composition_Grouped,3,3,3,tage,True
Fixed_Composition_Grouped,3,3,4,Zn,False
Fixed_Composition_Grouped,3,3,5,Mg,False
Fixed_Composition_Grouped,3,3,6,Cu,False
Fixed_Composition_Grouped,3,3,7,Ti,False
Fixed_Composition_Grouped,3,3,8,Fe,False
Fixed_Composition_Grouped,3,3,9,Si,False
Fixed_Composition_Grouped,3,3,10,Sc,False
Fixed_Composition_Grouped,3,3,11,Zr,False
Fixed_Composition_Grouped,3,3,12,Cr,False
Fixed_Composition_Grouped,3,4,1,Tsol,True
Fixed_Composition_Grouped,3,4,2,Tage,True
Fixed_Composition_Grouped,3,4,3,tage,True
Fixed_Composition_Grouped,3,4,4,Zn,False
Fixed_Composition_Grouped,3,4,5,Mg,False
Fixed_Composition_Grouped,3,4,6,Cu,False
Fixed_Composition_Grouped,3,4,7,Sc,False
Fixed_Composition_Grouped,3,4,8,Ti,False
Fixed_Composition_Grouped,3,4,9,Zr,False
Fixed_Composition_Grouped,3,4,10,Fe,False
Fixed_Composition_Grouped,3,4,11,Si,False
Fixed_Composition_Grouped,3,4,12,Cr,False
Fixed_Composition_Grouped,3,5,1,Tsol,True
Fixed_Composition_Grouped,3,5,2,Tage,True
Fixed_Composition_Grouped,3,5,3,tage,True
Fixed_Composition_Grouped,3,5,4,Zn,False
Fixed_Composition_Grouped,3,5,5,Mg,False
Fixed_Composition_Grouped,3,5,6,Cu,False
Fixed_Composition_Grouped,3,5,7,Si,False
Fixed_Composition_Grouped,3,5,8,Fe,False
Fixed_Composition_Grouped,3,5,9,Ti,False
Fixed_Composition_Grouped,3,5,10,Zr,False
Fixed_Composition_Grouped,3,5,11,Sc,False
Fixed_Composition_Grouped,3,5,12,Li,False
Fixed_Composition_Grouped,4,1,1,Tsol,True
Fixed_Composition_Grouped,4,1,2,Tage,True
Fixed_Composition_Grouped,4,1,3,tage,True
Fixed_Composition_Grouped,4,1,4,Zn,False
Fixed_Composition_Grouped,4,1,5,Mg,False
Fixed_Composition_Grouped,4,1,6,Cu,False
Fixed_Composition_Grouped,4,1,7,Ti,False
Fixed_Composition_Grouped,4,1,8,Zr,False
Fixed_Composition_Grouped,4,1,9,Fe,False
Fixed_Composition_Grouped,4,1,10,Mn,False
Fixed_Composition_Grouped,4,1,11,Li,False
Fixed_Composition_Grouped,4,1,12,Cr,False
Fixed_Composition_Grouped,4,2,1,Tsol,True
Fixed_Composition_Grouped,4,2,2,Tage,True
Fixed_Composition_Grouped,4,2,3,tage,True
Fixed_Composition_Grouped,4,2,4,Zn,False
Fixed_Composition_Grouped,4,2,5,Mg,False
Fixed_Composition_Grouped,4,2,6,Cu,False
Fixed_Composition_Grouped,4,2,7,Fe,False
Fixed_Composition_Grouped,4,2,8,Ti,False
Fixed_Composition_Grouped,4,2,9,Zr,False
Fixed_Composition_Grouped,4,2,10,Si,False
Fixed_Composition_Grouped,4,2,11,Sc,False
Fixed_Composition_Grouped,4,2,12,Cr,False
Fixed_Composition_Grouped,4,3,1,Tsol,True
Fixed_Composition_Grouped,4,3,2,Tage,True
Fixed_Composition_Grouped,4,3,3,tage,True
Fixed_Composition_Grouped,4,3,4,Zn,False
Fixed_Composition_Grouped,4,3,5,Mg,False
Fixed_Composition_Grouped,4,3,6,Cu,False
Fixed_Composition_Grouped,4,3,7,Ti,False
Fixed_Composition_Grouped,4,3,8,Zr,False
Fixed_Composition_Grouped,4,3,9,Fe,False
Fixed_Composition_Grouped,4,3,10,Sc,False
Fixed_Composition_Grouped,4,3,11,Si,False
Fixed_Composition_Grouped,4,3,12,Cr,False
Fixed_Composition_Grouped,4,4,1,Tsol,True
Fixed_Composition_Grouped,4,4,2,Tage,True
Fixed_Composition_Grouped,4,4,3,tage,True
Fixed_Composition_Grouped,4,4,4,Zn,False
Fixed_Composition_Grouped,4,4,5,Mg,False
Fixed_Composition_Grouped,4,4,6,Cu,False
Fixed_Composition_Grouped,4,4,7,Ti,False
Fixed_Composition_Grouped,4,4,8,Sc,False
Fixed_Composition_Grouped,4,4,9,Fe,False
Fixed_Composition_Grouped,4,4,10,Zr,False
Fixed_Composition_Grouped,4,4,11,Si,False
Fixed_Composition_Grouped,4,4,12,Cr,False
Fixed_Composition_Grouped,4,5,1,Tsol,True
Fixed_Composition_Grouped,4,5,2,Tage,True
Fixed_Composition_Grouped,4,5,3,tage,True
Fixed_Composition_Grouped,4,5,4,Zn,False
Fixed_Composition_Grouped,4,5,5,Mg,False
Fixed_Composition_Grouped,4,5,6,Cu,False
Fixed_Composition_Grouped,4,5,7,Si,False
Fixed_Composition_Grouped,4,5,8,Fe,False
Fixed_Composition_Grouped,4,5,9,Ti,False
Fixed_Composition_Grouped,4,5,10,Sc,False
Fixed_Composition_Grouped,4,5,11,Zr,False
Fixed_Composition_Grouped,4,5,12,Li,False
Fixed_Composition_Grouped,5,1,1,Tsol,True
Fixed_Composition_Grouped,5,1,2,Tage,True
Fixed_Composition_Grouped,5,1,3,tage,True
Fixed_Composition_Grouped,5,1,4,Zn,False
Fixed_Composition_Grouped,5,1,5,Mg,False
Fixed_Composition_Grouped,5,1,6,Ti,False
Fixed_Composition_Grouped,5,1,7,Cu,False
Fixed_Composition_Grouped,5,1,8,Fe,False
Fixed_Composition_Grouped,5,1,9,Zr,False
Fixed_Composition_Grouped,5,1,10,Li,False
Fixed_Composition_Grouped,5,1,11,Mn,False
Fixed_Composition_Grouped,5,1,12,Cr,False
Fixed_Composition_Grouped,5,2,1,Tsol,True
Fixed_Composition_Grouped,5,2,2,Tage,True
Fixed_Composition_Grouped,5,2,3,tage,True
Fixed_Composition_Grouped,5,2,4,Zn,False
Fixed_Composition_Grouped,5,2,5,Mg,False
Fixed_Composition_Grouped,5,2,6,Zr,False
Fixed_Composition_Grouped,5,2,7,Cu,False
Fixed_Composition_Grouped,5,2,8,Fe,False
Fixed_Composition_Grouped,5,2,9,Ti,False
Fixed_Composition_Grouped,5,2,10,Si,False
Fixed_Composition_Grouped,5,2,11,Sc,False
Fixed_Composition_Grouped,5,2,12,Cr,False
Fixed_Composition_Grouped,5,3,1,Tsol,True
Fixed_Composition_Grouped,5,3,2,Tage,True
Fixed_Composition_Grouped,5,3,3,tage,True
Fixed_Composition_Grouped,5,3,4,Zn,False
Fixed_Composition_Grouped,5,3,5,Mg,False
Fixed_Composition_Grouped,5,3,6,Cu,False
Fixed_Composition_Grouped,5,3,7,Ti,False
Fixed_Composition_Grouped,5,3,8,Fe,False
Fixed_Composition_Grouped,5,3,9,Si,False
Fixed_Composition_Grouped,5,3,10,Sc,False
Fixed_Composition_Grouped,5,3,11,Zr,False
Fixed_Composition_Grouped,5,3,12,Cr,False
Fixed_Composition_Grouped,5,4,1,Tsol,True
Fixed_Composition_Grouped,5,4,2,Tage,True
Fixed_Composition_Grouped,5,4,3,tage,True
Fixed_Composition_Grouped,5,4,4,Zn,False
Fixed_Composition_Grouped,5,4,5,Mg,False
Fixed_Composition_Grouped,5,4,6,Cu,False
Fixed_Composition_Grouped,5,4,7,Ti,False
Fixed_Composition_Grouped,5,4,8,Fe,False
Fixed_Composition_Grouped,5,4,9,Zr,False
Fixed_Composition_Grouped,5,4,10,Si,False
Fixed_Composition_Grouped,5,4,11,Sc,False
Fixed_Composition_Grouped,5,4,12,Cr,False
Fixed_Composition_Grouped,5,5,1,Tsol,True
Fixed_Composition_Grouped,5,5,2,Tage,True
Fixed_Composition_Grouped,5,5,3,tage,True
Fixed_Composition_Grouped,5,5,4,Zn,False
Fixed_Composition_Grouped,5,5,5,Mg,False
Fixed_Composition_Grouped,5,5,6,Cu,False
Fixed_Composition_Grouped,5,5,7,Si,False
Fixed_Composition_Grouped,5,5,8,Zr,False
Fixed_Composition_Grouped,5,5,9,Fe,False
Fixed_Composition_Grouped,5,5,10,Sc,False
Fixed_Composition_Grouped,5,5,11,Li,False
Fixed_Composition_Grouped,5,5,12,Ti,False
