Run_ID,Repeat,Outer_Fold,Outer_ID,Feature_Count,Model_Family,Description,Candidate_Number,Alpha,Params,Derived_Seed,Index_Hash,Mean_Inner_Primary_Score,Std_Inner_Primary_Score,Mean_Inner_NRMSE,Rank_Within_Family,Selection_Status,Search_Independent_Fixed_k,Search_Stage,Complexity_Score
final_k12_K12_FINAL_k12_Native_ET_Physics,0,0,K12_FINAL,12,Native_ET_Physics,reduced physics-retained ExtraTrees,1,0.75,"{""model__max_depth"": 6, ""model__max_features"": ""sqrt"", ""model__min_samples_leaf"": 4, ""model__n_estimators"": 500, ""selector__alpha"": 0.75, ""selector__n_features"": 12}",72043,af9bf7edb8c7256245a985cd4187ccef8022c2baca999cdb246a21d4f1483b4d,-0.584841511461422,0.030932413292075304,0.584841511461422,24,Candidate,True,final_k12,1010
final_k12_K12_FINAL_k12_Native_ET_Physics,0,0,K12_FINAL,12,Native_ET_Physics,reduced physics-retained ExtraTrees,2,0.5,"{""model__max_depth"": 14, ""model__max_features"": 1.0, ""model__min_samples_leaf"": 1, ""model__n_estimators"": 500, ""selector__alpha"": 0.5, ""selector__n_features"": 12}",72043,af9bf7edb8c7256245a985cd4187ccef8022c2baca999cdb246a21d4f1483b4d,-0.4100335894067988,0.04026444622151496,0.4100335894067988,4,Candidate,True,final_k12,840
final_k12_K12_FINAL_k12_Native_ET_Physics,0,0,K12_FINAL,12,Native_ET_Physics,reduced physics-retained ExtraTrees,3,0.25,"{""model__max_depth"": 10, ""model__max_features"": 1.0, ""model__min_samples_leaf"": 2, ""model__n_estimators"": 500, ""selector__alpha"": 0.25, ""selector__n_features"": 12}",72043,af9bf7edb8c7256245a985cd4187ccef8022c2baca999cdb246a21d4f1483b4d,-0.4380915080159837,0.03442173024262906,0.4380915080159837,8,Candidate,True,final_k12,900
final_k12_K12_FINAL_k12_Native_ET_Physics,0,0,K12_FINAL,12,Native_ET_Physics,reduced physics-retained ExtraTrees,4,0.0,"{""model__max_depth"": 10, ""model__max_features"": ""sqrt"", ""model__min_samples_leaf"": 4, ""model__n_estimators"": 800, ""selector__alpha"": 0.0, ""selector__n_features"": 12}",72043,af9bf7edb8c7256245a985cd4187ccef8022c2baca999cdb246a21d4f1483b4d,-0.550634474729666,0.024867001125408062,0.550634474729666,21,Candidate,True,final_k12,1350
final_k12_K12_FINAL_k12_Native_ET_Physics,0,0,K12_FINAL,12,Native_ET_Physics,reduced physics-retained ExtraTrees,5,0.5,"{""model__max_depth"": null, ""model__max_features"": 1.0, ""model__min_samples_leaf"": 2, ""model__n_estimators"": 500, ""selector__alpha"": 0.5, ""selector__n_features"": 12}",72043,af9bf7edb8c7256245a985cd4187ccef8022c2baca999cdb246a21d4f1483b4d,-0.43636960235589084,0.03712490505604489,0.43636960235589084,7,Candidate,True,final_k12,800
final_k12_K12_FINAL_k12_Native_ET_Physics,0,0,K12_FINAL,12,Native_ET_Physics,reduced physics-retained ExtraTrees,6,1.0,"{""model__max_depth"": null, ""model__max_features"": 0.7, ""model__min_samples_leaf"": 4, ""model__n_estimators"": 300, ""selector__alpha"": 1.0, ""selector__n_features"": 12}",72043,af9bf7edb8c7256245a985cd4187ccef8022c2baca999cdb246a21d4f1483b4d,-0.49509258527834926,0.036627738654738715,0.49509258527834926,16,Candidate,True,final_k12,770
final_k12_K12_FINAL_k12_Native_ET_Physics,0,0,K12_FINAL,12,Native_ET_Physics,reduced physics-retained ExtraTrees,7,0.25,"{""model__max_depth"": 6, ""model__max_features"": 0.7, ""model__min_samples_leaf"": 4, ""model__n_estimators"": 300, ""selector__alpha"": 0.25, ""selector__n_features"": 12}",72043,af9bf7edb8c7256245a985cd4187ccef8022c2baca999cdb246a21d4f1483b4d,-0.5177567002151563,0.03385381333176652,0.5177567002151563,19,Candidate,True,final_k12,830
final_k12_K12_FINAL_k12_Native_ET_Physics,0,0,K12_FINAL,12,Native_ET_Physics,reduced physics-retained ExtraTrees,8,0.0,"{""model__max_depth"": 14, ""model__max_features"": 0.7, ""model__min_samples_leaf"": 2, ""model__n_estimators"": 300, ""selector__alpha"": 0.0, ""selector__n_features"": 12}",72043,af9bf7edb8c7256245a985cd4187ccef8022c2baca999cdb246a21d4f1483b4d,-0.4475297930534138,0.028051202704847254,0.4475297930534138,12,Candidate,True,final_k12,710
final_k12_K12_FINAL_k12_Native_ET_Physics,0,0,K12_FINAL,12,Native_ET_Physics,reduced physics-retained ExtraTrees,9,0.5,"{""model__max_depth"": 10, ""model__max_features"": ""sqrt"", ""model__min_samples_leaf"": 4, ""model__n_estimators"": 800, ""selector__alpha"": 0.5, ""selector__n_features"": 12}",72043,af9bf7edb8c7256245a985cd4187ccef8022c2baca999cdb246a21d4f1483b4d,-0.556895696657284,0.03360610746993499,0.556895696657284,22,Candidate,True,final_k12,1350
final_k12_K12_FINAL_k12_Native_ET_Physics,0,0,K12_FINAL,12,Native_ET_Physics,reduced physics-retained ExtraTrees,10,0.25,"{""model__max_depth"": null, ""model__max_features"": 0.7, ""model__min_samples_leaf"": 1, ""model__n_estimators"": 800, ""selector__alpha"": 0.25, ""selector__n_features"": 12}",72043,af9bf7edb8c7256245a985cd4187ccef8022c2baca999cdb246a21d4f1483b4d,-0.40742298591156095,0.02672050623393444,0.40742298591156095,1,Selected,True,final_k12,970
final_k12_K12_FINAL_k12_Native_ET_Physics,0,0,K12_FINAL,12,Native_ET_Physics,reduced physics-retained ExtraTrees,11,0.75,"{""model__max_depth"": 6, ""model__max_features"": ""sqrt"", ""model__min_samples_leaf"": 2, ""model__n_estimators"": 800, ""selector__alpha"": 0.75, ""selector__n_features"": 12}",72043,af9bf7edb8c7256245a985cd4187ccef8022c2baca999cdb246a21d4f1483b4d,-0.5484424023907877,0.025640268000744107,0.5484424023907877,20,Candidate,True,final_k12,1110
final_k12_K12_FINAL_k12_Native_ET_Physics,0,0,K12_FINAL,12,Native_ET_Physics,reduced physics-retained ExtraTrees,12,0.25,"{""model__max_depth"": 6, ""model__max_features"": 1.0, ""model__min_samples_leaf"": 1, ""model__n_estimators"": 800, ""selector__alpha"": 0.25, ""selector__n_features"": 12}",72043,af9bf7edb8c7256245a985cd4187ccef8022c2baca999cdb246a21d4f1483b4d,-0.47531203662863125,0.02962397891050798,0.47531203662863125,14,Candidate,True,final_k12,1060
final_k12_K12_FINAL_k12_Native_ET_Physics,0,0,K12_FINAL,12,Native_ET_Physics,reduced physics-retained ExtraTrees,13,0.0,"{""model__max_depth"": null, ""model__max_features"": 0.7, ""model__min_samples_leaf"": 2, ""model__n_estimators"": 800, ""selector__alpha"": 0.0, ""selector__n_features"": 12}",72043,af9bf7edb8c7256245a985cd4187ccef8022c2baca999cdb246a21d4f1483b4d,-0.44567614679762163,0.027415003271853356,0.44567614679762163,10,Candidate,True,final_k12,1070
final_k12_K12_FINAL_k12_Native_ET_Physics,0,0,K12_FINAL,12,Native_ET_Physics,reduced physics-retained ExtraTrees,14,1.0,"{""model__max_depth"": null, ""model__max_features"": ""sqrt"", ""model__min_samples_leaf"": 1, ""model__n_estimators"": 500, ""selector__alpha"": 1.0, ""selector__n_features"": 12}",72043,af9bf7edb8c7256245a985cd4187ccef8022c2baca999cdb246a21d4f1483b4d,-0.4188387857418784,0.021286459105990172,0.4188387857418784,6,Candidate,True,final_k12,650
final_k12_K12_FINAL_k12_Native_ET_Physics,0,0,K12_FINAL,12,Native_ET_Physics,reduced physics-retained ExtraTrees,15,0.5,"{""model__max_depth"": 6, ""model__max_features"": ""sqrt"", ""model__min_samples_leaf"": 4, ""model__n_estimators"": 500, ""selector__alpha"": 0.5, ""selector__n_features"": 12}",72043,af9bf7edb8c7256245a985cd4187ccef8022c2baca999cdb246a21d4f1483b4d,-0.5826846662088986,0.02955477297196417,0.5826846662088986,23,Candidate,True,final_k12,1010
final_k12_K12_FINAL_k12_Native_ET_Physics,0,0,K12_FINAL,12,Native_ET_Physics,reduced physics-retained ExtraTrees,16,0.75,"{""model__max_depth"": 10, ""model__max_features"": 0.7, ""model__min_samples_leaf"": 4, ""model__n_estimators"": 800, ""selector__alpha"": 0.75, ""selector__n_features"": 12}",72043,af9bf7edb8c7256245a985cd4187ccef8022c2baca999cdb246a21d4f1483b4d,-0.49629210133768675,0.03542731713414398,0.49629210133768675,17,Candidate,True,final_k12,1370
final_k12_K12_FINAL_k12_Native_ET_Physics,0,0,K12_FINAL,12,Native_ET_Physics,reduced physics-retained ExtraTrees,17,0.75,"{""model__max_depth"": 14, ""model__max_features"": 1.0, ""model__min_samples_leaf"": 1, ""model__n_estimators"": 500, ""selector__alpha"": 0.75, ""selector__n_features"": 12}",72043,af9bf7edb8c7256245a985cd4187ccef8022c2baca999cdb246a21d4f1483b4d,-0.40989758764314865,0.0379218482532854,0.40989758764314865,3,Candidate,True,final_k12,840
final_k12_K12_FINAL_k12_Native_ET_Physics,0,0,K12_FINAL,12,Native_ET_Physics,reduced physics-retained ExtraTrees,18,0.5,"{""model__max_depth"": 10, ""model__max_features"": 0.7, ""model__min_samples_leaf"": 1, ""model__n_estimators"": 300, ""selector__alpha"": 0.5, ""selector__n_features"": 12}",72043,af9bf7edb8c7256245a985cd4187ccef8022c2baca999cdb246a21d4f1483b4d,-0.4165305870033496,0.03412458404057739,0.4165305870033496,5,Candidate,True,final_k12,570
final_k12_K12_FINAL_k12_Native_ET_Physics,0,0,K12_FINAL,12,Native_ET_Physics,reduced physics-retained ExtraTrees,19,1.0,"{""model__max_depth"": 10, ""model__max_features"": 0.7, ""model__min_samples_leaf"": 2, ""model__n_estimators"": 300, ""selector__alpha"": 1.0, ""selector__n_features"": 12}",72043,af9bf7edb8c7256245a985cd4187ccef8022c2baca999cdb246a21d4f1483b4d,-0.4480769291357496,0.027608411577912693,0.4480769291357496,13,Candidate,True,final_k12,670
final_k12_K12_FINAL_k12_Native_ET_Physics,0,0,K12_FINAL,12,Native_ET_Physics,reduced physics-retained ExtraTrees,20,0.5,"{""model__max_depth"": null, ""model__max_features"": 0.7, ""model__min_samples_leaf"": 1, ""model__n_estimators"": 500, ""selector__alpha"": 0.5, ""selector__n_features"": 12}",72043,af9bf7edb8c7256245a985cd4187ccef8022c2baca999cdb246a21d4f1483b4d,-0.409651287537047,0.03294359121156298,0.409651287537047,2,Candidate,True,final_k12,670
final_k12_K12_FINAL_k12_Native_ET_Physics,0,0,K12_FINAL,12,Native_ET_Physics,reduced physics-retained ExtraTrees,21,0.5,"{""model__max_depth"": 10, ""model__max_features"": 0.7, ""model__min_samples_leaf"": 2, ""model__n_estimators"": 800, ""selector__alpha"": 0.5, ""selector__n_features"": 12}",72043,af9bf7edb8c7256245a985cd4187ccef8022c2baca999cdb246a21d4f1483b4d,-0.4457292233859291,0.02916752237873689,0.4457292233859291,11,Candidate,True,final_k12,1170
final_k12_K12_FINAL_k12_Native_ET_Physics,0,0,K12_FINAL,12,Native_ET_Physics,reduced physics-retained ExtraTrees,22,0.75,"{""model__max_depth"": 14, ""model__max_features"": 0.7, ""model__min_samples_leaf"": 2, ""model__n_estimators"": 800, ""selector__alpha"": 0.75, ""selector__n_features"": 12}",72043,af9bf7edb8c7256245a985cd4187ccef8022c2baca999cdb246a21d4f1483b4d,-0.4454465178919607,0.02916746269508007,0.4454465178919607,9,Candidate,True,final_k12,1210
final_k12_K12_FINAL_k12_Native_ET_Physics,0,0,K12_FINAL,12,Native_ET_Physics,reduced physics-retained ExtraTrees,23,1.0,"{""model__max_depth"": 6, ""model__max_features"": 1.0, ""model__min_samples_leaf"": 4, ""model__n_estimators"": 500, ""selector__alpha"": 1.0, ""selector__n_features"": 12}",72043,af9bf7edb8c7256245a985cd4187ccef8022c2baca999cdb246a21d4f1483b4d,-0.5022389837823376,0.036755775435962944,0.5022389837823376,18,Candidate,True,final_k12,1060
final_k12_K12_FINAL_k12_Native_ET_Physics,0,0,K12_FINAL,12,Native_ET_Physics,reduced physics-retained ExtraTrees,24,0.25,"{""model__max_depth"": 6, ""model__max_features"": 1.0, ""model__min_samples_leaf"": 2, ""model__n_estimators"": 300, ""selector__alpha"": 0.25, ""selector__n_features"": 12}",72043,af9bf7edb8c7256245a985cd4187ccef8022c2baca999cdb246a21d4f1483b4d,-0.4780957975430423,0.028059486334849188,0.4780957975430423,15,Candidate,True,final_k12,660
final_k12_K12_FINAL_k12_Native_RF_Physics,0,0,K12_FINAL,12,Native_RF_Physics,reduced physics-retained RandomForest,1,0.75,"{""model__max_depth"": 6, ""model__max_features"": ""sqrt"", ""model__min_samples_leaf"": 4, ""model__n_estimators"": 500, ""selector__alpha"": 0.75, ""selector__n_features"": 12}",72043,af9bf7edb8c7256245a985cd4187ccef8022c2baca999cdb246a21d4f1483b4d,-0.5163929236956116,0.03013196746802671,0.5163929236956116,24,Candidate,True,final_k12,1010
final_k12_K12_FINAL_k12_Native_RF_Physics,0,0,K12_FINAL,12,Native_RF_Physics,reduced physics-retained RandomForest,2,0.5,"{""model__max_depth"": 14, ""model__max_features"": 1.0, ""model__min_samples_leaf"": 1, ""model__n_estimators"": 500, ""selector__alpha"": 0.5, ""selector__n_features"": 12}",72043,af9bf7edb8c7256245a985cd4187ccef8022c2baca999cdb246a21d4f1483b4d,-0.41476327252162337,0.040900259691225065,0.41476327252162337,4,Candidate,True,final_k12,840
final_k12_K12_FINAL_k12_Native_RF_Physics,0,0,K12_FINAL,12,Native_RF_Physics,reduced physics-retained RandomForest,3,0.25,"{""model__max_depth"": 10, ""model__max_features"": 1.0, ""model__min_samples_leaf"": 2, ""model__n_estimators"": 500, ""selector__alpha"": 0.25, ""selector__n_features"": 12}",72043,af9bf7edb8c7256245a985cd4187ccef8022c2baca999cdb246a21d4f1483b4d,-0.4416536202957054,0.03892649891403156,0.4416536202957054,12,Candidate,True,final_k12,900
final_k12_K12_FINAL_k12_Native_RF_Physics,0,0,K12_FINAL,12,Native_RF_Physics,reduced physics-retained RandomForest,4,0.0,"{""model__max_depth"": 10, ""model__max_features"": ""sqrt"", ""model__min_samples_leaf"": 4, ""model__n_estimators"": 800, ""selector__alpha"": 0.0, ""selector__n_features"": 12}",72043,af9bf7edb8c7256245a985cd4187ccef8022c2baca999cdb246a21d4f1483b4d,-0.5022517921209111,0.026390458848397504,0.5022517921209111,21,Candidate,True,final_k12,1350
final_k12_K12_FINAL_k12_Native_RF_Physics,0,0,K12_FINAL,12,Native_RF_Physics,reduced physics-retained RandomForest,5,0.5,"{""model__max_depth"": null, ""model__max_features"": 1.0, ""model__min_samples_leaf"": 2, ""model__n_estimators"": 500, ""selector__alpha"": 0.5, ""selector__n_features"": 12}",72043,af9bf7edb8c7256245a985cd4187ccef8022c2baca999cdb246a21d4f1483b4d,-0.4395843952983606,0.03735481286680918,0.4395843952983606,8,Candidate,True,final_k12,800
final_k12_K12_FINAL_k12_Native_RF_Physics,0,0,K12_FINAL,12,Native_RF_Physics,reduced physics-retained RandomForest,6,1.0,"{""model__max_depth"": null, ""model__max_features"": 0.7, ""model__min_samples_leaf"": 4, ""model__n_estimators"": 300, ""selector__alpha"": 1.0, ""selector__n_features"": 12}",72043,af9bf7edb8c7256245a985cd4187ccef8022c2baca999cdb246a21d4f1483b4d,-0.4845923357932505,0.04170694894170143,0.4845923357932505,17,Candidate,True,final_k12,770
final_k12_K12_FINAL_k12_Native_RF_Physics,0,0,K12_FINAL,12,Native_RF_Physics,reduced physics-retained RandomForest,7,0.25,"{""model__max_depth"": 6, ""model__max_features"": 0.7, ""model__min_samples_leaf"": 4, ""model__n_estimators"": 300, ""selector__alpha"": 0.25, ""selector__n_features"": 12}",72043,af9bf7edb8c7256245a985cd4187ccef8022c2baca999cdb246a21d4f1483b4d,-0.4935486745828667,0.03931696375024911,0.4935486745828667,20,Candidate,True,final_k12,830
final_k12_K12_FINAL_k12_Native_RF_Physics,0,0,K12_FINAL,12,Native_RF_Physics,reduced physics-retained RandomForest,8,0.0,"{""model__max_depth"": 14, ""model__max_features"": 0.7, ""model__min_samples_leaf"": 2, ""model__n_estimators"": 300, ""selector__alpha"": 0.0, ""selector__n_features"": 12}",72043,af9bf7edb8c7256245a985cd4187ccef8022c2baca999cdb246a21d4f1483b4d,-0.4394062459792929,0.036741146610479836,0.4394062459792929,7,Candidate,True,final_k12,710
final_k12_K12_FINAL_k12_Native_RF_Physics,0,0,K12_FINAL,12,Native_RF_Physics,reduced physics-retained RandomForest,9,0.5,"{""model__max_depth"": 10, ""model__max_features"": ""sqrt"", ""model__min_samples_leaf"": 4, ""model__n_estimators"": 800, ""selector__alpha"": 0.5, ""selector__n_features"": 12}",72043,af9bf7edb8c7256245a985cd4187ccef8022c2baca999cdb246a21d4f1483b4d,-0.5061946096492398,0.029701278185612103,0.5061946096492398,22,Candidate,True,final_k12,1350
final_k12_K12_FINAL_k12_Native_RF_Physics,0,0,K12_FINAL,12,Native_RF_Physics,reduced physics-retained RandomForest,10,0.25,"{""model__max_depth"": null, ""model__max_features"": 0.7, ""model__min_samples_leaf"": 1, ""model__n_estimators"": 800, ""selector__alpha"": 0.25, ""selector__n_features"": 12}",72043,af9bf7edb8c7256245a985cd4187ccef8022c2baca999cdb246a21d4f1483b4d,-0.4100467429268372,0.038451156645179674,0.4100467429268372,1,Candidate,True,final_k12,970
final_k12_K12_FINAL_k12_Native_RF_Physics,0,0,K12_FINAL,12,Native_RF_Physics,reduced physics-retained RandomForest,11,0.75,"{""model__max_depth"": 6, ""model__max_features"": ""sqrt"", ""model__min_samples_leaf"": 2, ""model__n_estimators"": 800, ""selector__alpha"": 0.75, ""selector__n_features"": 12}",72043,af9bf7edb8c7256245a985cd4187ccef8022c2baca999cdb246a21d4f1483b4d,-0.48805726985504727,0.028687076587053346,0.48805726985504727,18,Candidate,True,final_k12,1110
final_k12_K12_FINAL_k12_Native_RF_Physics,0,0,K12_FINAL,12,Native_RF_Physics,reduced physics-retained RandomForest,12,0.25,"{""model__max_depth"": 6, ""model__max_features"": 1.0, ""model__min_samples_leaf"": 1, ""model__n_estimators"": 800, ""selector__alpha"": 0.25, ""selector__n_features"": 12}",72043,af9bf7edb8c7256245a985cd4187ccef8022c2baca999cdb246a21d4f1483b4d,-0.46291978050894,0.03228531330276301,0.46291978050894,14,Candidate,True,final_k12,1060
final_k12_K12_FINAL_k12_Native_RF_Physics,0,0,K12_FINAL,12,Native_RF_Physics,reduced physics-retained RandomForest,13,0.0,"{""model__max_depth"": null, ""model__max_features"": 0.7, ""model__min_samples_leaf"": 2, ""model__n_estimators"": 800, ""selector__alpha"": 0.0, ""selector__n_features"": 12}",72043,af9bf7edb8c7256245a985cd4187ccef8022c2baca999cdb246a21d4f1483b4d,-0.4397998798903694,0.03553406376564354,0.4397998798903694,9,Candidate,True,final_k12,1070
final_k12_K12_FINAL_k12_Native_RF_Physics,0,0,K12_FINAL,12,Native_RF_Physics,reduced physics-retained RandomForest,14,1.0,"{""model__max_depth"": null, ""model__max_features"": ""sqrt"", ""model__min_samples_leaf"": 1, ""model__n_estimators"": 500, ""selector__alpha"": 1.0, ""selector__n_features"": 12}",72043,af9bf7edb8c7256245a985cd4187ccef8022c2baca999cdb246a21d4f1483b4d,-0.422832375486767,0.029589336489482507,0.422832375486767,6,Candidate,True,final_k12,650
final_k12_K12_FINAL_k12_Native_RF_Physics,0,0,K12_FINAL,12,Native_RF_Physics,reduced physics-retained RandomForest,15,0.5,"{""model__max_depth"": 6, ""model__max_features"": ""sqrt"", ""model__min_samples_leaf"": 4, ""model__n_estimators"": 500, ""selector__alpha"": 0.5, ""selector__n_features"": 12}",72043,af9bf7edb8c7256245a985cd4187ccef8022c2baca999cdb246a21d4f1483b4d,-0.5140979989644756,0.030147226781134615,0.5140979989644756,23,Candidate,True,final_k12,1010
final_k12_K12_FINAL_k12_Native_RF_Physics,0,0,K12_FINAL,12,Native_RF_Physics,reduced physics-retained RandomForest,16,0.75,"{""model__max_depth"": 10, ""model__max_features"": 0.7, ""model__min_samples_leaf"": 4, ""model__n_estimators"": 800, ""selector__alpha"": 0.75, ""selector__n_features"": 12}",72043,af9bf7edb8c7256245a985cd4187ccef8022c2baca999cdb246a21d4f1483b4d,-0.48252798018107124,0.039282470019730314,0.48252798018107124,16,Candidate,True,final_k12,1370
final_k12_K12_FINAL_k12_Native_RF_Physics,0,0,K12_FINAL,12,Native_RF_Physics,reduced physics-retained RandomForest,17,0.75,"{""model__max_depth"": 14, ""model__max_features"": 1.0, ""model__min_samples_leaf"": 1, ""model__n_estimators"": 500, ""selector__alpha"": 0.75, ""selector__n_features"": 12}",72043,af9bf7edb8c7256245a985cd4187ccef8022c2baca999cdb246a21d4f1483b4d,-0.41409547075688546,0.039336034215100554,0.41409547075688546,3,Candidate,True,final_k12,840
final_k12_K12_FINAL_k12_Native_RF_Physics,0,0,K12_FINAL,12,Native_RF_Physics,reduced physics-retained RandomForest,18,0.5,"{""model__max_depth"": 10, ""model__max_features"": 0.7, ""model__min_samples_leaf"": 1, ""model__n_estimators"": 300, ""selector__alpha"": 0.5, ""selector__n_features"": 12}",72043,af9bf7edb8c7256245a985cd4187ccef8022c2baca999cdb246a21d4f1483b4d,-0.4184366065674177,0.038249670279245064,0.4184366065674177,5,Candidate,True,final_k12,570
final_k12_K12_FINAL_k12_Native_RF_Physics,0,0,K12_FINAL,12,Native_RF_Physics,reduced physics-retained RandomForest,19,1.0,"{""model__max_depth"": 10, ""model__max_features"": 0.7, ""model__min_samples_leaf"": 2, ""model__n_estimators"": 300, ""selector__alpha"": 1.0, ""selector__n_features"": 12}",72043,af9bf7edb8c7256245a985cd4187ccef8022c2baca999cdb246a21d4f1483b4d,-0.4455781217929329,0.03966378416085586,0.4455781217929329,13,Candidate,True,final_k12,670
final_k12_K12_FINAL_k12_Native_RF_Physics,0,0,K12_FINAL,12,Native_RF_Physics,reduced physics-retained RandomForest,20,0.5,"{""model__max_depth"": null, ""model__max_features"": 0.7, ""model__min_samples_leaf"": 1, ""model__n_estimators"": 500, ""selector__alpha"": 0.5, ""selector__n_features"": 12}",72043,af9bf7edb8c7256245a985cd4187ccef8022c2baca999cdb246a21d4f1483b4d,-0.41064583521338155,0.03845823313919986,0.41064583521338155,2,Candidate,True,final_k12,670
final_k12_K12_FINAL_k12_Native_RF_Physics,0,0,K12_FINAL,12,Native_RF_Physics,reduced physics-retained RandomForest,21,0.5,"{""model__max_depth"": 10, ""model__max_features"": 0.7, ""model__min_samples_leaf"": 2, ""model__n_estimators"": 800, ""selector__alpha"": 0.5, ""selector__n_features"": 12}",72043,af9bf7edb8c7256245a985cd4187ccef8022c2baca999cdb246a21d4f1483b4d,-0.44095214562100543,0.03884678832866345,0.44095214562100543,11,Candidate,True,final_k12,1170
final_k12_K12_FINAL_k12_Native_RF_Physics,0,0,K12_FINAL,12,Native_RF_Physics,reduced physics-retained RandomForest,22,0.75,"{""model__max_depth"": 14, ""model__max_features"": 0.7, ""model__min_samples_leaf"": 2, ""model__n_estimators"": 800, ""selector__alpha"": 0.75, ""selector__n_features"": 12}",72043,af9bf7edb8c7256245a985cd4187ccef8022c2baca999cdb246a21d4f1483b4d,-0.44013451396318926,0.03923028874152346,0.44013451396318926,10,Candidate,True,final_k12,1210
final_k12_K12_FINAL_k12_Native_RF_Physics,0,0,K12_FINAL,12,Native_RF_Physics,reduced physics-retained RandomForest,23,1.0,"{""model__max_depth"": 6, ""model__max_features"": 1.0, ""model__min_samples_leaf"": 4, ""model__n_estimators"": 500, ""selector__alpha"": 1.0, ""selector__n_features"": 12}",72043,af9bf7edb8c7256245a985cd4187ccef8022c2baca999cdb246a21d4f1483b4d,-0.49241496233437054,0.03907621014751864,0.49241496233437054,19,Candidate,True,final_k12,1060
final_k12_K12_FINAL_k12_Native_RF_Physics,0,0,K12_FINAL,12,Native_RF_Physics,reduced physics-retained RandomForest,24,0.25,"{""model__max_depth"": 6, ""model__max_features"": 1.0, ""model__min_samples_leaf"": 2, ""model__n_estimators"": 300, ""selector__alpha"": 0.25, ""selector__n_features"": 12}",72043,af9bf7edb8c7256245a985cd4187ccef8022c2baca999cdb246a21d4f1483b4d,-0.47083249862595,0.03477064864375632,0.47083249862595,15,Candidate,True,final_k12,660
final_k12_K12_FINAL_k12_Independent_ET_Physics,0,0,K12_FINAL,12,Independent_ET_Physics,reduced physics-retained independent ET,1,0.75,"{""model__estimator__max_depth"": 6, ""model__estimator__max_features"": ""sqrt"", ""model__estimator__min_samples_leaf"": 4, ""model__estimator__n_estimators"": 500, ""selector__alpha"": 0.75, ""selector__n_features"": 12}",72043,af9bf7edb8c7256245a985cd4187ccef8022c2baca999cdb246a21d4f1483b4d,-0.5763784421893174,0.028830137783901144,0.5763784421893174,24,Candidate,True,final_k12,1010
final_k12_K12_FINAL_k12_Independent_ET_Physics,0,0,K12_FINAL,12,Independent_ET_Physics,reduced physics-retained independent ET,2,0.5,"{""model__estimator__max_depth"": 14, ""model__estimator__max_features"": 1.0, ""model__estimator__min_samples_leaf"": 1, ""model__estimator__n_estimators"": 500, ""selector__alpha"": 0.5, ""selector__n_features"": 12}",72043,af9bf7edb8c7256245a985cd4187ccef8022c2baca999cdb246a21d4f1483b4d,-0.4152605600184461,0.04224551166503399,0.4152605600184461,4,Candidate,True,final_k12,840
final_k12_K12_FINAL_k12_Independent_ET_Physics,0,0,K12_FINAL,12,Independent_ET_Physics,reduced physics-retained independent ET,3,0.25,"{""model__estimator__max_depth"": 10, ""model__estimator__max_features"": 1.0, ""model__estimator__min_samples_leaf"": 2, ""model__estimator__n_estimators"": 500, ""selector__alpha"": 0.25, ""selector__n_features"": 12}",72043,af9bf7edb8c7256245a985cd4187ccef8022c2baca999cdb246a21d4f1483b4d,-0.44947731085396436,0.03503811848769983,0.44947731085396436,10,Candidate,True,final_k12,900
final_k12_K12_FINAL_k12_Independent_ET_Physics,0,0,K12_FINAL,12,Independent_ET_Physics,reduced physics-retained independent ET,4,0.0,"{""model__estimator__max_depth"": 10, ""model__estimator__max_features"": ""sqrt"", ""model__estimator__min_samples_leaf"": 4, ""model__estimator__n_estimators"": 800, ""selector__alpha"": 0.0, ""selector__n_features"": 12}",72043,af9bf7edb8c7256245a985cd4187ccef8022c2baca999cdb246a21d4f1483b4d,-0.5443455228265989,0.023684937915727896,0.5443455228265989,21,Candidate,True,final_k12,1350
final_k12_K12_FINAL_k12_Independent_ET_Physics,0,0,K12_FINAL,12,Independent_ET_Physics,reduced physics-retained independent ET,5,0.5,"{""model__estimator__max_depth"": null, ""model__estimator__max_features"": 1.0, ""model__estimator__min_samples_leaf"": 2, ""model__estimator__n_estimators"": 500, ""selector__alpha"": 0.5, ""selector__n_features"": 12}",72043,af9bf7edb8c7256245a985cd4187ccef8022c2baca999cdb246a21d4f1483b4d,-0.4478368834765892,0.037014748661556976,0.4478368834765892,8,Candidate,True,final_k12,800
final_k12_K12_FINAL_k12_Independent_ET_Physics,0,0,K12_FINAL,12,Independent_ET_Physics,reduced physics-retained independent ET,6,1.0,"{""model__estimator__max_depth"": null, ""model__estimator__max_features"": 0.7, ""model__estimator__min_samples_leaf"": 4, ""model__estimator__n_estimators"": 300, ""selector__alpha"": 1.0, ""selector__n_features"": 12}",72043,af9bf7edb8c7256245a985cd4187ccef8022c2baca999cdb246a21d4f1483b4d,-0.49218679128418835,0.03295408044627612,0.49218679128418835,17,Candidate,True,final_k12,770
final_k12_K12_FINAL_k12_Independent_ET_Physics,0,0,K12_FINAL,12,Independent_ET_Physics,reduced physics-retained independent ET,7,0.25,"{""model__estimator__max_depth"": 6, ""model__estimator__max_features"": 0.7, ""model__estimator__min_samples_leaf"": 4, ""model__estimator__n_estimators"": 300, ""selector__alpha"": 0.25, ""selector__n_features"": 12}",72043,af9bf7edb8c7256245a985cd4187ccef8022c2baca999cdb246a21d4f1483b4d,-0.5100210630493708,0.033121020447275364,0.5100210630493708,19,Candidate,True,final_k12,830
final_k12_K12_FINAL_k12_Independent_ET_Physics,0,0,K12_FINAL,12,Independent_ET_Physics,reduced physics-retained independent ET,8,0.0,"{""model__estimator__max_depth"": 14, ""model__estimator__max_features"": 0.7, ""model__estimator__min_samples_leaf"": 2, ""model__estimator__n_estimators"": 300, ""selector__alpha"": 0.0, ""selector__n_features"": 12}",72043,af9bf7edb8c7256245a985cd4187ccef8022c2baca999cdb246a21d4f1483b4d,-0.44836164182447413,0.025779629583464338,0.44836164182447413,9,Candidate,True,final_k12,710
final_k12_K12_FINAL_k12_Independent_ET_Physics,0,0,K12_FINAL,12,Independent_ET_Physics,reduced physics-retained independent ET,9,0.5,"{""model__estimator__max_depth"": 10, ""model__estimator__max_features"": ""sqrt"", ""model__estimator__min_samples_leaf"": 4, ""model__estimator__n_estimators"": 800, ""selector__alpha"": 0.5, ""selector__n_features"": 12}",72043,af9bf7edb8c7256245a985cd4187ccef8022c2baca999cdb246a21d4f1483b4d,-0.5510462610116924,0.031875181390121875,0.5510462610116924,22,Candidate,True,final_k12,1350
final_k12_K12_FINAL_k12_Independent_ET_Physics,0,0,K12_FINAL,12,Independent_ET_Physics,reduced physics-retained independent ET,10,0.25,"{""model__estimator__max_depth"": null, ""model__estimator__max_features"": 0.7, ""model__estimator__min_samples_leaf"": 1, ""model__estimator__n_estimators"": 800, ""selector__alpha"": 0.25, ""selector__n_features"": 12}",72043,af9bf7edb8c7256245a985cd4187ccef8022c2baca999cdb246a21d4f1483b4d,-0.40844145000745663,0.028080008725850817,0.40844145000745663,1,Candidate,True,final_k12,970
final_k12_K12_FINAL_k12_Independent_ET_Physics,0,0,K12_FINAL,12,Independent_ET_Physics,reduced physics-retained independent ET,11,0.75,"{""model__estimator__max_depth"": 6, ""model__estimator__max_features"": ""sqrt"", ""model__estimator__min_samples_leaf"": 2, ""model__estimator__n_estimators"": 800, ""selector__alpha"": 0.75, ""selector__n_features"": 12}",72043,af9bf7edb8c7256245a985cd4187ccef8022c2baca999cdb246a21d4f1483b4d,-0.5407586981003568,0.02563304838796084,0.5407586981003568,20,Candidate,True,final_k12,1110
final_k12_K12_FINAL_k12_Independent_ET_Physics,0,0,K12_FINAL,12,Independent_ET_Physics,reduced physics-retained independent ET,12,0.25,"{""model__estimator__max_depth"": 6, ""model__estimator__max_features"": 1.0, ""model__estimator__min_samples_leaf"": 1, ""model__estimator__n_estimators"": 800, ""selector__alpha"": 0.25, ""selector__n_features"": 12}",72043,af9bf7edb8c7256245a985cd4187ccef8022c2baca999cdb246a21d4f1483b4d,-0.4669377939710002,0.04111914940953886,0.4669377939710002,14,Candidate,True,final_k12,1060
final_k12_K12_FINAL_k12_Independent_ET_Physics,0,0,K12_FINAL,12,Independent_ET_Physics,reduced physics-retained independent ET,13,0.0,"{""model__estimator__max_depth"": null, ""model__estimator__max_features"": 0.7, ""model__estimator__min_samples_leaf"": 2, ""model__estimator__n_estimators"": 800, ""selector__alpha"": 0.0, ""selector__n_features"": 12}",72043,af9bf7edb8c7256245a985cd4187ccef8022c2baca999cdb246a21d4f1483b4d,-0.4473948227150658,0.025771492836846814,0.4473948227150658,7,Candidate,True,final_k12,1070
final_k12_K12_FINAL_k12_Independent_ET_Physics,0,0,K12_FINAL,12,Independent_ET_Physics,reduced physics-retained independent ET,14,1.0,"{""model__estimator__max_depth"": null, ""model__estimator__max_features"": ""sqrt"", ""model__estimator__min_samples_leaf"": 1, ""model__estimator__n_estimators"": 500, ""selector__alpha"": 1.0, ""selector__n_features"": 12}",72043,af9bf7edb8c7256245a985cd4187ccef8022c2baca999cdb246a21d4f1483b4d,-0.4188552299251479,0.021266232499697838,0.4188552299251479,5,Candidate,True,final_k12,650
final_k12_K12_FINAL_k12_Independent_ET_Physics,0,0,K12_FINAL,12,Independent_ET_Physics,reduced physics-retained independent ET,15,0.5,"{""model__estimator__max_depth"": 6, ""model__estimator__max_features"": ""sqrt"", ""model__estimator__min_samples_leaf"": 4, ""model__estimator__n_estimators"": 500, ""selector__alpha"": 0.5, ""selector__n_features"": 12}",72043,af9bf7edb8c7256245a985cd4187ccef8022c2baca999cdb246a21d4f1483b4d,-0.5753052633196403,0.028065973919494332,0.5753052633196403,23,Candidate,True,final_k12,1010
final_k12_K12_FINAL_k12_Independent_ET_Physics,0,0,K12_FINAL,12,Independent_ET_Physics,reduced physics-retained independent ET,16,0.75,"{""model__estimator__max_depth"": 10, ""model__estimator__max_features"": 0.7, ""model__estimator__min_samples_leaf"": 4, ""model__estimator__n_estimators"": 800, ""selector__alpha"": 0.75, ""selector__n_features"": 12}",72043,af9bf7edb8c7256245a985cd4187ccef8022c2baca999cdb246a21d4f1483b4d,-0.4912192878841304,0.03283113764340151,0.4912192878841304,16,Candidate,True,final_k12,1370
final_k12_K12_FINAL_k12_Independent_ET_Physics,0,0,K12_FINAL,12,Independent_ET_Physics,reduced physics-retained independent ET,17,0.75,"{""model__estimator__max_depth"": 14, ""model__estimator__max_features"": 1.0, ""model__estimator__min_samples_leaf"": 1, ""model__estimator__n_estimators"": 500, ""selector__alpha"": 0.75, ""selector__n_features"": 12}",72043,af9bf7edb8c7256245a985cd4187ccef8022c2baca999cdb246a21d4f1483b4d,-0.4140992638230531,0.04198113241264487,0.4140992638230531,3,Candidate,True,final_k12,840
final_k12_K12_FINAL_k12_Independent_ET_Physics,0,0,K12_FINAL,12,Independent_ET_Physics,reduced physics-retained independent ET,18,0.5,"{""model__estimator__max_depth"": 10, ""model__estimator__max_features"": 0.7, ""model__estimator__min_samples_leaf"": 1, ""model__estimator__n_estimators"": 300, ""selector__alpha"": 0.5, ""selector__n_features"": 12}",72043,af9bf7edb8c7256245a985cd4187ccef8022c2baca999cdb246a21d4f1483b4d,-0.42006985460199664,0.03933958118262018,0.42006985460199664,6,Candidate,True,final_k12,570
final_k12_K12_FINAL_k12_Independent_ET_Physics,0,0,K12_FINAL,12,Independent_ET_Physics,reduced physics-retained independent ET,19,1.0,"{""model__estimator__max_depth"": 10, ""model__estimator__max_features"": 0.7, ""model__estimator__min_samples_leaf"": 2, ""model__estimator__n_estimators"": 300, ""selector__alpha"": 1.0, ""selector__n_features"": 12}",72043,af9bf7edb8c7256245a985cd4187ccef8022c2baca999cdb246a21d4f1483b4d,-0.454842784702618,0.031701062969503445,0.454842784702618,13,Candidate,True,final_k12,670
final_k12_K12_FINAL_k12_Independent_ET_Physics,0,0,K12_FINAL,12,Independent_ET_Physics,reduced physics-retained independent ET,20,0.5,"{""model__estimator__max_depth"": null, ""model__estimator__max_features"": 0.7, ""model__estimator__min_samples_leaf"": 1, ""model__estimator__n_estimators"": 500, ""selector__alpha"": 0.5, ""selector__n_features"": 12}",72043,af9bf7edb8c7256245a985cd4187ccef8022c2baca999cdb246a21d4f1483b4d,-0.41118835224180755,0.038062731258054296,0.41118835224180755,2,Candidate,True,final_k12,670
final_k12_K12_FINAL_k12_Independent_ET_Physics,0,0,K12_FINAL,12,Independent_ET_Physics,reduced physics-retained independent ET,21,0.5,"{""model__estimator__max_depth"": 10, ""model__estimator__max_features"": 0.7, ""model__estimator__min_samples_leaf"": 2, ""model__estimator__n_estimators"": 800, ""selector__alpha"": 0.5, ""selector__n_features"": 12}",72043,af9bf7edb8c7256245a985cd4187ccef8022c2baca999cdb246a21d4f1483b4d,-0.45286541802147706,0.02995314760737577,0.45286541802147706,12,Candidate,True,final_k12,1170
final_k12_K12_FINAL_k12_Independent_ET_Physics,0,0,K12_FINAL,12,Independent_ET_Physics,reduced physics-retained independent ET,22,0.75,"{""model__estimator__max_depth"": 14, ""model__estimator__max_features"": 0.7, ""model__estimator__min_samples_leaf"": 2, ""model__estimator__n_estimators"": 800, ""selector__alpha"": 0.75, ""selector__n_features"": 12}",72043,af9bf7edb8c7256245a985cd4187ccef8022c2baca999cdb246a21d4f1483b4d,-0.4515088825706087,0.030276762681334803,0.4515088825706087,11,Candidate,True,final_k12,1210
final_k12_K12_FINAL_k12_Independent_ET_Physics,0,0,K12_FINAL,12,Independent_ET_Physics,reduced physics-retained independent ET,23,1.0,"{""model__estimator__max_depth"": 6, ""model__estimator__max_features"": 1.0, ""model__estimator__min_samples_leaf"": 4, ""model__estimator__n_estimators"": 500, ""selector__alpha"": 1.0, ""selector__n_features"": 12}",72043,af9bf7edb8c7256245a985cd4187ccef8022c2baca999cdb246a21d4f1483b4d,-0.49678233269947014,0.038426010853244603,0.49678233269947014,18,Candidate,True,final_k12,1060
final_k12_K12_FINAL_k12_Independent_ET_Physics,0,0,K12_FINAL,12,Independent_ET_Physics,reduced physics-retained independent ET,24,0.25,"{""model__estimator__max_depth"": 6, ""model__estimator__max_features"": 1.0, ""model__estimator__min_samples_leaf"": 2, ""model__estimator__n_estimators"": 300, ""selector__alpha"": 0.25, ""selector__n_features"": 12}",72043,af9bf7edb8c7256245a985cd4187ccef8022c2baca999cdb246a21d4f1483b4d,-0.47861508978549033,0.037305143288741065,0.47861508978549033,15,Candidate,True,final_k12,660
final_k12_K12_FINAL_k12_RegressorChain_ET_Physics,0,0,K12_FINAL,12,RegressorChain_ET_Physics,reduced physics-retained regressor chain,1,0.75,"{""model__base_estimator__max_depth"": 6, ""model__base_estimator__max_features"": ""sqrt"", ""model__base_estimator__min_samples_leaf"": 4, ""model__base_estimator__n_estimators"": 500, ""selector__alpha"": 0.75, ""selector__n_features"": 12}",72043,af9bf7edb8c7256245a985cd4187ccef8022c2baca999cdb246a21d4f1483b4d,-0.5854355914168105,0.02655323304323402,0.5854355914168105,23,Candidate,True,final_k12,1010
final_k12_K12_FINAL_k12_RegressorChain_ET_Physics,0,0,K12_FINAL,12,RegressorChain_ET_Physics,reduced physics-retained regressor chain,2,0.5,"{""model__base_estimator__max_depth"": 14, ""model__base_estimator__max_features"": 1.0, ""model__base_estimator__min_samples_leaf"": 1, ""model__base_estimator__n_estimators"": 500, ""selector__alpha"": 0.5, ""selector__n_features"": 12}",72043,af9bf7edb8c7256245a985cd4187ccef8022c2baca999cdb246a21d4f1483b4d,-0.42188593474309943,0.04318779820297192,0.42188593474309943,4,Candidate,True,final_k12,840
final_k12_K12_FINAL_k12_RegressorChain_ET_Physics,0,0,K12_FINAL,12,RegressorChain_ET_Physics,reduced physics-retained regressor chain,3,0.25,"{""model__base_estimator__max_depth"": 10, ""model__base_estimator__max_features"": 1.0, ""model__base_estimator__min_samples_leaf"": 2, ""model__base_estimator__n_estimators"": 500, ""selector__alpha"": 0.25, ""selector__n_features"": 12}",72043,af9bf7edb8c7256245a985cd4187ccef8022c2baca999cdb246a21d4f1483b4d,-0.43828043701368935,0.03906662291075203,0.43828043701368935,8,Candidate,True,final_k12,900
final_k12_K12_FINAL_k12_RegressorChain_ET_Physics,0,0,K12_FINAL,12,RegressorChain_ET_Physics,reduced physics-retained regressor chain,4,0.0,"{""model__base_estimator__max_depth"": 10, ""model__base_estimator__max_features"": ""sqrt"", ""model__base_estimator__min_samples_leaf"": 4, ""model__base_estimator__n_estimators"": 800, ""selector__alpha"": 0.0, ""selector__n_features"": 12}",72043,af9bf7edb8c7256245a985cd4187ccef8022c2baca999cdb246a21d4f1483b4d,-0.5506704154136105,0.022409140263667388,0.5506704154136105,20,Candidate,True,final_k12,1350
final_k12_K12_FINAL_k12_RegressorChain_ET_Physics,0,0,K12_FINAL,12,RegressorChain_ET_Physics,reduced physics-retained regressor chain,5,0.5,"{""model__base_estimator__max_depth"": null, ""model__base_estimator__max_features"": 1.0, ""model__base_estimator__min_samples_leaf"": 2, ""model__base_estimator__n_estimators"": 500, ""selector__alpha"": 0.5, ""selector__n_features"": 12}",72043,af9bf7edb8c7256245a985cd4187ccef8022c2baca999cdb246a21d4f1483b4d,-0.4369548618238455,0.03976713251403757,0.4369548618238455,7,Candidate,True,final_k12,800
final_k12_K12_FINAL_k12_RegressorChain_ET_Physics,0,0,K12_FINAL,12,RegressorChain_ET_Physics,reduced physics-retained regressor chain,6,1.0,"{""model__base_estimator__max_depth"": null, ""model__base_estimator__max_features"": 0.7, ""model__base_estimator__min_samples_leaf"": 4, ""model__base_estimator__n_estimators"": 300, ""selector__alpha"": 1.0, ""selector__n_features"": 12}",72043,af9bf7edb8c7256245a985cd4187ccef8022c2baca999cdb246a21d4f1483b4d,-0.49335165268878,0.03248958201337626,0.49335165268878,17,Candidate,True,final_k12,770
final_k12_K12_FINAL_k12_RegressorChain_ET_Physics,0,0,K12_FINAL,12,RegressorChain_ET_Physics,reduced physics-retained regressor chain,7,0.25,"{""model__base_estimator__max_depth"": 6, ""model__base_estimator__max_features"": 0.7, ""model__base_estimator__min_samples_leaf"": 4, ""model__base_estimator__n_estimators"": 300, ""selector__alpha"": 0.25, ""selector__n_features"": 12}",72043,af9bf7edb8c7256245a985cd4187ccef8022c2baca999cdb246a21d4f1483b4d,-0.5106526410108511,0.02912053851582019,0.5106526410108511,19,Candidate,True,final_k12,830
final_k12_K12_FINAL_k12_RegressorChain_ET_Physics,0,0,K12_FINAL,12,RegressorChain_ET_Physics,reduced physics-retained regressor chain,8,0.0,"{""model__base_estimator__max_depth"": 14, ""model__base_estimator__max_features"": 0.7, ""model__base_estimator__min_samples_leaf"": 2, ""model__base_estimator__n_estimators"": 300, ""selector__alpha"": 0.0, ""selector__n_features"": 12}",72043,af9bf7edb8c7256245a985cd4187ccef8022c2baca999cdb246a21d4f1483b4d,-0.4468363965712922,0.031133368493315366,0.4468363965712922,11,Candidate,True,final_k12,710
final_k12_K12_FINAL_k12_RegressorChain_ET_Physics,0,0,K12_FINAL,12,RegressorChain_ET_Physics,reduced physics-retained regressor chain,9,0.5,"{""model__base_estimator__max_depth"": 10, ""model__base_estimator__max_features"": ""sqrt"", ""model__base_estimator__min_samples_leaf"": 4, ""model__base_estimator__n_estimators"": 800, ""selector__alpha"": 0.5, ""selector__n_features"": 12}",72043,af9bf7edb8c7256245a985cd4187ccef8022c2baca999cdb246a21d4f1483b4d,-0.5578607036407356,0.029791594180311957,0.5578607036407356,22,Candidate,True,final_k12,1350
final_k12_K12_FINAL_k12_RegressorChain_ET_Physics,0,0,K12_FINAL,12,RegressorChain_ET_Physics,reduced physics-retained regressor chain,10,0.25,"{""model__base_estimator__max_depth"": null, ""model__base_estimator__max_features"": 0.7, ""model__base_estimator__min_samples_leaf"": 1, ""model__base_estimator__n_estimators"": 800, ""selector__alpha"": 0.25, ""selector__n_features"": 12}",72043,af9bf7edb8c7256245a985cd4187ccef8022c2baca999cdb246a21d4f1483b4d,-0.41553481829478545,0.032431067091985594,0.41553481829478545,1,Candidate,True,final_k12,970
final_k12_K12_FINAL_k12_RegressorChain_ET_Physics,0,0,K12_FINAL,12,RegressorChain_ET_Physics,reduced physics-retained regressor chain,11,0.75,"{""model__base_estimator__max_depth"": 6, ""model__base_estimator__max_features"": ""sqrt"", ""model__base_estimator__min_samples_leaf"": 2, ""model__base_estimator__n_estimators"": 800, ""selector__alpha"": 0.75, ""selector__n_features"": 12}",72043,af9bf7edb8c7256245a985cd4187ccef8022c2baca999cdb246a21d4f1483b4d,-0.5523370031011784,0.023677372541278354,0.5523370031011784,21,Candidate,True,final_k12,1110
final_k12_K12_FINAL_k12_RegressorChain_ET_Physics,0,0,K12_FINAL,12,RegressorChain_ET_Physics,reduced physics-retained regressor chain,12,0.25,"{""model__base_estimator__max_depth"": 6, ""model__base_estimator__max_features"": 1.0, ""model__base_estimator__min_samples_leaf"": 1, ""model__base_estimator__n_estimators"": 800, ""selector__alpha"": 0.25, ""selector__n_features"": 12}",72043,af9bf7edb8c7256245a985cd4187ccef8022c2baca999cdb246a21d4f1483b4d,-0.4709757240181084,0.04104408298663365,0.4709757240181084,14,Candidate,True,final_k12,1060
final_k12_K12_FINAL_k12_RegressorChain_ET_Physics,0,0,K12_FINAL,12,RegressorChain_ET_Physics,reduced physics-retained regressor chain,13,0.0,"{""model__base_estimator__max_depth"": null, ""model__base_estimator__max_features"": 0.7, ""model__base_estimator__min_samples_leaf"": 2, ""model__base_estimator__n_estimators"": 800, ""selector__alpha"": 0.0, ""selector__n_features"": 12}",72043,af9bf7edb8c7256245a985cd4187ccef8022c2baca999cdb246a21d4f1483b4d,-0.44334587547377885,0.033019439227977836,0.44334587547377885,9,Candidate,True,final_k12,1070
final_k12_K12_FINAL_k12_RegressorChain_ET_Physics,0,0,K12_FINAL,12,RegressorChain_ET_Physics,reduced physics-retained regressor chain,14,1.0,"{""model__base_estimator__max_depth"": null, ""model__base_estimator__max_features"": ""sqrt"", ""model__base_estimator__min_samples_leaf"": 1, ""model__base_estimator__n_estimators"": 500, ""selector__alpha"": 1.0, ""selector__n_features"": 12}",72043,af9bf7edb8c7256245a985cd4187ccef8022c2baca999cdb246a21d4f1483b4d,-0.42767224665883263,0.017987903358419495,0.42767224665883263,6,Candidate,True,final_k12,650
final_k12_K12_FINAL_k12_RegressorChain_ET_Physics,0,0,K12_FINAL,12,RegressorChain_ET_Physics,reduced physics-retained regressor chain,15,0.5,"{""model__base_estimator__max_depth"": 6, ""model__base_estimator__max_features"": ""sqrt"", ""model__base_estimator__min_samples_leaf"": 4, ""model__base_estimator__n_estimators"": 500, ""selector__alpha"": 0.5, ""selector__n_features"": 12}",72043,af9bf7edb8c7256245a985cd4187ccef8022c2baca999cdb246a21d4f1483b4d,-0.587277315936537,0.025161304840542745,0.587277315936537,24,Candidate,True,final_k12,1010
final_k12_K12_FINAL_k12_RegressorChain_ET_Physics,0,0,K12_FINAL,12,RegressorChain_ET_Physics,reduced physics-retained regressor chain,16,0.75,"{""model__base_estimator__max_depth"": 10, ""model__base_estimator__max_features"": 0.7, ""model__base_estimator__min_samples_leaf"": 4, ""model__base_estimator__n_estimators"": 800, ""selector__alpha"": 0.75, ""selector__n_features"": 12}",72043,af9bf7edb8c7256245a985cd4187ccef8022c2baca999cdb246a21d4f1483b4d,-0.49036241633907823,0.03111495990085063,0.49036241633907823,16,Candidate,True,final_k12,1370
final_k12_K12_FINAL_k12_RegressorChain_ET_Physics,0,0,K12_FINAL,12,RegressorChain_ET_Physics,reduced physics-retained regressor chain,17,0.75,"{""model__base_estimator__max_depth"": 14, ""model__base_estimator__max_features"": 1.0, ""model__base_estimator__min_samples_leaf"": 1, ""model__base_estimator__n_estimators"": 500, ""selector__alpha"": 0.75, ""selector__n_features"": 12}",72043,af9bf7edb8c7256245a985cd4187ccef8022c2baca999cdb246a21d4f1483b4d,-0.4206829522049901,0.04458761761177731,0.4206829522049901,3,Candidate,True,final_k12,840
final_k12_K12_FINAL_k12_RegressorChain_ET_Physics,0,0,K12_FINAL,12,RegressorChain_ET_Physics,reduced physics-retained regressor chain,18,0.5,"{""model__base_estimator__max_depth"": 10, ""model__base_estimator__max_features"": 0.7, ""model__base_estimator__min_samples_leaf"": 1, ""model__base_estimator__n_estimators"": 300, ""selector__alpha"": 0.5, ""selector__n_features"": 12}",72043,af9bf7edb8c7256245a985cd4187ccef8022c2baca999cdb246a21d4f1483b4d,-0.4223045246151863,0.041911775729504636,0.4223045246151863,5,Candidate,True,final_k12,570
final_k12_K12_FINAL_k12_RegressorChain_ET_Physics,0,0,K12_FINAL,12,RegressorChain_ET_Physics,reduced physics-retained regressor chain,19,1.0,"{""model__base_estimator__max_depth"": 10, ""model__base_estimator__max_features"": 0.7, ""model__base_estimator__min_samples_leaf"": 2, ""model__base_estimator__n_estimators"": 300, ""selector__alpha"": 1.0, ""selector__n_features"": 12}",72043,af9bf7edb8c7256245a985cd4187ccef8022c2baca999cdb246a21d4f1483b4d,-0.45144164273341936,0.03680399928215969,0.45144164273341936,13,Candidate,True,final_k12,670
final_k12_K12_FINAL_k12_RegressorChain_ET_Physics,0,0,K12_FINAL,12,RegressorChain_ET_Physics,reduced physics-retained regressor chain,20,0.5,"{""model__base_estimator__max_depth"": null, ""model__base_estimator__max_features"": 0.7, ""model__base_estimator__min_samples_leaf"": 1, ""model__base_estimator__n_estimators"": 500, ""selector__alpha"": 0.5, ""selector__n_features"": 12}",72043,af9bf7edb8c7256245a985cd4187ccef8022c2baca999cdb246a21d4f1483b4d,-0.4180262721074512,0.03912924456448658,0.4180262721074512,2,Candidate,True,final_k12,670
final_k12_K12_FINAL_k12_RegressorChain_ET_Physics,0,0,K12_FINAL,12,RegressorChain_ET_Physics,reduced physics-retained regressor chain,21,0.5,"{""model__base_estimator__max_depth"": 10, ""model__base_estimator__max_features"": 0.7, ""model__base_estimator__min_samples_leaf"": 2, ""model__base_estimator__n_estimators"": 800, ""selector__alpha"": 0.5, ""selector__n_features"": 12}",72043,af9bf7edb8c7256245a985cd4187ccef8022c2baca999cdb246a21d4f1483b4d,-0.44777829934954594,0.03680773025983247,0.44777829934954594,12,Candidate,True,final_k12,1170
final_k12_K12_FINAL_k12_RegressorChain_ET_Physics,0,0,K12_FINAL,12,RegressorChain_ET_Physics,reduced physics-retained regressor chain,22,0.75,"{""model__base_estimator__max_depth"": 14, ""model__base_estimator__max_features"": 0.7, ""model__base_estimator__min_samples_leaf"": 2, ""model__base_estimator__n_estimators"": 800, ""selector__alpha"": 0.75, ""selector__n_features"": 12}",72043,af9bf7edb8c7256245a985cd4187ccef8022c2baca999cdb246a21d4f1483b4d,-0.4453168280648881,0.035795789016474615,0.4453168280648881,10,Candidate,True,final_k12,1210
final_k12_K12_FINAL_k12_RegressorChain_ET_Physics,0,0,K12_FINAL,12,RegressorChain_ET_Physics,reduced physics-retained regressor chain,23,1.0,"{""model__base_estimator__max_depth"": 6, ""model__base_estimator__max_features"": 1.0, ""model__base_estimator__min_samples_leaf"": 4, ""model__base_estimator__n_estimators"": 500, ""selector__alpha"": 1.0, ""selector__n_features"": 12}",72043,af9bf7edb8c7256245a985cd4187ccef8022c2baca999cdb246a21d4f1483b4d,-0.49677207636160403,0.0341025760329994,0.49677207636160403,18,Candidate,True,final_k12,1060
final_k12_K12_FINAL_k12_RegressorChain_ET_Physics,0,0,K12_FINAL,12,RegressorChain_ET_Physics,reduced physics-retained regressor chain,24,0.25,"{""model__base_estimator__max_depth"": 6, ""model__base_estimator__max_features"": 1.0, ""model__base_estimator__min_samples_leaf"": 2, ""model__base_estimator__n_estimators"": 300, ""selector__alpha"": 0.25, ""selector__n_features"": 12}",72043,af9bf7edb8c7256245a985cd4187ccef8022c2baca999cdb246a21d4f1483b4d,-0.47551016304664095,0.03715018668396064,0.47551016304664095,15,Candidate,True,final_k12,660
