Heldout_Condition_ID,Source_Original_Indices,Record_Count,Data_Split,Si,Fe,Cu,Mn,Mg,Cr,Zn,V,Ti,Zr,Li,Ni,Be,Sc,Reported_NonAl_Element_Sum,Calculated_Al_Balance,Al_Balance_Basis,Composition_Total_Exceeds_100,Al_Balance_Nonnegative,Elemental_Values_Nonnegative,Missing_Element_Count,Missing_Element_Columns,Composition_Feasible
HTC-001,192,1,Final_Test,0.0,0.0,0.0,0.35,1.98,0.0,5.42,0.0,0.0,0.12,0.0,0.0,0.0,0.24,8.11,91.89,100 minus reported elemental columns; Al is not explicit,False,True,True,0,,True
HTC-002,165,1,Final_Test,0.0,0.0,0.19,0.0,2.55,0.0,6.98,0.0,0.0,0.29,0.0,0.0,0.0,0.27,10.28,89.72,100 minus reported elemental columns; Al is not explicit,False,True,True,0,,True
HTC-003,113,1,Final_Test,0.0,0.0,0.22,0.0,2.49,0.0,7.11,0.0,0.0,0.4,0.0,0.0,0.0,0.22,10.440000000000003,89.56,100 minus reported elemental columns; Al is not explicit,False,True,True,0,,True
HTC-004,93,1,Final_Test,0.0,0.0,0.75,0.0,1.76,0.0,2.22,0.0,0.0,0.12,2.59,0.0,0.0,0.0,7.44,92.56,100 minus reported elemental columns; Al is not explicit,False,True,True,0,,True
HTC-005,77,1,Final_Test,0.0,0.0,0.75,0.0,1.76,0.0,2.22,0.0,0.0,0.12,2.59,0.0,0.0,0.0,7.44,92.56,100 minus reported elemental columns; Al is not explicit,False,True,True,0,,True
HTC-006,78,1,Final_Test,0.0,0.0,0.75,0.0,1.76,0.0,2.22,0.0,0.0,0.12,2.59,0.0,0.0,0.0,7.44,92.56,100 minus reported elemental columns; Al is not explicit,False,True,True,0,,True
HTC-007,79,1,Final_Test,0.0,0.0,0.75,0.0,1.76,0.0,2.22,0.0,0.0,0.12,2.59,0.0,0.0,0.0,7.44,92.56,100 minus reported elemental columns; Al is not explicit,False,True,True,0,,True
HTC-008,82,1,Final_Test,0.0,0.0,0.75,0.0,1.76,0.0,2.22,0.0,0.0,0.12,2.59,0.0,0.0,0.0,7.44,92.56,100 minus reported elemental columns; Al is not explicit,False,True,True,0,,True
HTC-009,101,1,Final_Test,0.0,0.0,1.07,0.0,1.07,0.0,3.4,0.0,0.0,0.1,1.8,0.0,0.0,0.0,7.4399999999999995,92.56,100 minus reported elemental columns; Al is not explicit,False,True,True,0,,True
HTC-010,204,1,Final_Test,0.0,0.0,1.2,0.0,2.0,0.0,0.0,0.0,0.0,0.12,2.5,0.0,0.0,0.0,5.82,94.18,100 minus reported elemental columns; Al is not explicit,False,True,True,0,,True
HTC-011,153,1,Final_Test,0.0,0.0,1.22,0.0,0.61,0.0,0.0,0.0,0.0,0.08,2.49,0.0,0.0,0.0,4.4,95.6,100 minus reported elemental columns; Al is not explicit,False,True,True,0,,True
HTC-012,90,1,Final_Test,0.0,0.0,1.24,0.0,0.7,0.0,0.0,0.0,0.0,0.12,2.49,0.0,0.0,0.0,4.550000000000001,95.45,100 minus reported elemental columns; Al is not explicit,False,True,True,0,,True
HTC-013,0,1,Final_Test,0.0,0.0,1.6,0.0,0.95,0.0,0.0,0.0,0.0,0.08,1.7,0.0,0.0,0.0,4.33,95.67,100 minus reported elemental columns; Al is not explicit,False,True,True,0,,True
HTC-014,75,1,Final_Test,0.0,0.0,2.2,0.0,2.5,0.0,8.6,0.0,0.0,0.0,0.0,0.0,0.0,0.0,13.3,86.7,100 minus reported elemental columns; Al is not explicit,False,True,True,0,,True
HTC-015,116,1,Final_Test,0.0,0.0,2.24,0.0,1.95,0.0,7.82,0.0,0.0,0.16,0.0,0.0,0.0,0.0,12.17,87.83,100 minus reported elemental columns; Al is not explicit,False,True,True,0,,True
HTC-016,117,1,Final_Test,0.0,0.0,2.24,0.0,1.95,0.0,7.82,0.0,0.0,0.16,0.0,0.0,0.0,0.0,12.17,87.83,100 minus reported elemental columns; Al is not explicit,False,True,True,0,,True
HTC-017,180,1,Final_Test,0.0,0.0,4.09,0.0,0.7,0.0,0.39,0.0,0.0,0.14,0.98,0.0,0.0,0.0,6.299999999999999,93.7,100 minus reported elemental columns; Al is not explicit,False,True,True,0,,True
HTC-018,439;446,2,Final_Test,0.0,0.0,6.5,0.3,0.0,0.0,0.0,0.0,0.08,0.25,0.0,0.0,0.0,0.0,7.13,92.87,100 minus reported elemental columns; Al is not explicit,False,True,True,0,,True
HTC-019,426;433;447,3,Final_Test,0.0,0.0,6.5,0.3,0.0,0.0,0.0,0.0,0.08,0.25,0.0,0.0,0.0,0.0,7.13,92.87,100 minus reported elemental columns; Al is not explicit,False,True,True,0,,True
HTC-020,428;442,2,Final_Test,0.0,0.0,6.5,0.3,0.0,0.0,0.0,0.0,0.08,0.25,0.0,0.0,0.0,0.0,7.13,92.87,100 minus reported elemental columns; Al is not explicit,False,True,True,0,,True
HTC-021,443,1,Final_Test,0.0,0.0,6.5,0.3,0.0,0.0,0.0,0.0,0.08,0.25,0.0,0.0,0.0,0.0,7.13,92.87,100 minus reported elemental columns; Al is not explicit,False,True,True,0,,True
HTC-022,437,1,Final_Test,0.0,0.0,6.5,0.3,0.0,0.0,0.0,0.0,0.08,0.25,0.0,0.0,0.0,0.0,7.13,92.87,100 minus reported elemental columns; Al is not explicit,False,True,True,0,,True
HTC-023,287,1,Final_Test,0.01,0.02,1.39,0.0,1.58,0.0,7.55,0.0,0.0,0.12,0.0,0.0,0.0,0.0,10.669999999999998,89.33,100 minus reported elemental columns; Al is not explicit,False,True,True,0,,True
HTC-024,289,1,Final_Test,0.01,0.02,1.39,0.0,1.58,0.0,7.55,0.0,0.0,0.12,0.0,0.0,0.0,0.0,10.669999999999998,89.33,100 minus reported elemental columns; Al is not explicit,False,True,True,0,,True
HTC-025,290,1,Final_Test,0.01,0.02,1.39,0.0,1.58,0.0,7.55,0.0,0.0,0.12,0.0,0.0,0.0,0.0,10.669999999999998,89.33,100 minus reported elemental columns; Al is not explicit,False,True,True,0,,True
HTC-026,291,1,Final_Test,0.01,0.02,1.39,0.0,1.58,0.0,7.55,0.0,0.0,0.12,0.0,0.0,0.0,0.0,10.669999999999998,89.33,100 minus reported elemental columns; Al is not explicit,False,True,True,0,,True
HTC-027,297,1,Final_Test,0.01,0.02,1.39,0.0,1.58,0.0,7.55,0.0,0.0,0.12,0.0,0.0,0.0,0.0,10.669999999999998,89.33,100 minus reported elemental columns; Al is not explicit,False,True,True,0,,True
HTC-028,298,1,Final_Test,0.01,0.02,1.39,0.0,1.58,0.0,7.55,0.0,0.0,0.12,0.0,0.0,0.0,0.0,10.669999999999998,89.33,100 minus reported elemental columns; Al is not explicit,False,True,True,0,,True
HTC-029,299,1,Final_Test,0.01,0.02,1.39,0.0,1.58,0.0,7.55,0.0,0.0,0.12,0.0,0.0,0.0,0.0,10.669999999999998,89.33,100 minus reported elemental columns; Al is not explicit,False,True,True,0,,True
HTC-030,302,1,Final_Test,0.01,0.02,1.39,0.0,1.58,0.0,7.55,0.0,0.0,0.12,0.0,0.0,0.0,0.0,10.669999999999998,89.33,100 minus reported elemental columns; Al is not explicit,False,True,True,0,,True
HTC-031,304,1,Final_Test,0.01,0.02,1.39,0.0,1.58,0.0,7.55,0.0,0.0,0.12,0.0,0.0,0.0,0.0,10.669999999999998,89.33,100 minus reported elemental columns; Al is not explicit,False,True,True,0,,True
HTC-032,312,1,Final_Test,0.01,0.02,1.39,0.0,1.58,0.0,7.55,0.0,0.0,0.12,0.0,0.0,0.0,0.0,10.669999999999998,89.33,100 minus reported elemental columns; Al is not explicit,False,True,True,0,,True
HTC-033,317,1,Final_Test,0.01,0.02,1.39,0.0,1.58,0.0,7.55,0.0,0.0,0.12,0.0,0.0,0.0,0.0,10.669999999999998,89.33,100 minus reported elemental columns; Al is not explicit,False,True,True,0,,True
HTC-034,70,1,Final_Test,0.01,0.02,1.42,0.01,2.19,0.19,5.37,0.0,0.01,0.0,0.0,0.0,0.0,0.0,9.22,90.78,100 minus reported elemental columns; Al is not explicit,False,True,True,0,,True
HTC-035,368,1,Final_Test,0.02,0.04,1.79,0.0,1.5,0.0,7.41,0.0,0.04,0.09,0.0,0.0,0.0,0.0,10.889999999999999,89.11,100 minus reported elemental columns; Al is not explicit,False,True,True,0,,True
HTC-036,227,1,Final_Test,0.04,0.05,4.22,0.0,0.54,0.0,0.0,0.0,0.0,0.16,1.31,0.0,0.0,0.0,6.32,93.68,100 minus reported elemental columns; Al is not explicit,False,True,True,0,,True
HTC-037,218,1,Final_Test,0.04,0.07,1.19,0.0,2.42,0.04,6.9,0.0,0.04,0.08,0.0,0.0,0.002,0.0,10.782,89.218,100 minus reported elemental columns; Al is not explicit,False,True,True,0,,True
HTC-038,39,1,Final_Test,0.04,0.3,4.65,0.9,1.65,0.0,0.01,0.0,0.0,0.0,0.0,0.0,0.0,0.0,7.550000000000001,92.45,100 minus reported elemental columns; Al is not explicit,False,True,True,0,,True
HTC-039,196,1,Final_Test,0.05,0.05,1.02,0.31,1.62,0.0,3.94,0.0,0.0,0.12,0.0,0.0,0.0,0.0,7.11,92.89,100 minus reported elemental columns; Al is not explicit,False,True,True,0,,True
HTC-040,209,1,Final_Test,0.05,0.07,1.22,0.0,2.39,0.0,6.58,0.0,0.03,0.11,0.0,0.0,0.002,0.0,10.452,89.548,100 minus reported elemental columns; Al is not explicit,False,True,True,0,,True
HTC-041,284,1,Final_Test,0.055,0.061,2.35,0.0076,1.94,0.0051,7.76,0.0,0.0,0.12,0.0,0.0,0.0,0.0,12.298699999999998,87.7013,100 minus reported elemental columns; Al is not explicit,False,True,True,0,,True
HTC-042,280,1,Final_Test,0.055,0.061,2.35,0.0076,1.94,0.0051,7.76,0.0,0.0,0.12,0.0,0.0,0.0,0.0,12.298699999999998,87.7013,100 minus reported elemental columns; Al is not explicit,False,True,True,0,,True
HTC-043,278,1,Final_Test,0.055,0.061,2.35,0.0076,1.94,0.0051,7.76,0.0,0.0,0.12,0.0,0.0,0.0,0.0,12.298699999999998,87.7013,100 minus reported elemental columns; Al is not explicit,False,True,True,0,,True
HTC-044,275,1,Final_Test,0.055,0.061,2.35,0.0076,1.94,0.0051,7.76,0.0,0.0,0.12,0.0,0.0,0.0,0.0,12.298699999999998,87.7013,100 minus reported elemental columns; Al is not explicit,False,True,True,0,,True
HTC-045,76,1,Final_Test,0.08,0.16,0.34,0.33,1.91,0.0,5.39,0.0,0.0,0.0,0.0,0.0,0.0,0.0,8.209999999999999,91.79,100 minus reported elemental columns; Al is not explicit,False,True,True,0,,True
HTC-046,336,1,Final_Test,0.082,0.35,0.12,0.3,2.3,0.0,5.2,0.0,0.0,0.13,0.0,0.0,0.0,0.0,8.482000000000001,91.518,100 minus reported elemental columns; Al is not explicit,False,True,True,0,,True
HTC-047,338,1,Final_Test,0.082,0.35,0.12,0.3,2.3,0.0,5.2,0.0,0.0,0.13,0.0,0.0,0.0,0.0,8.482000000000001,91.518,100 minus reported elemental columns; Al is not explicit,False,True,True,0,,True
HTC-048,124,1,Final_Test,0.11,0.18,0.33,0.32,1.98,0.0,5.41,0.0,0.0,0.1,0.0,0.0,0.0,0.25,8.68,91.32,100 minus reported elemental columns; Al is not explicit,False,True,True,0,,True
HTC-049,353,1,Final_Test,0.15,0.26,1.5,0.0,2.4,0.0,5.7,0.0,0.0,0.0,0.0,0.0,0.0,0.0,10.01,89.99,100 minus reported elemental columns; Al is not explicit,False,True,True,0,,True
HTC-050,234,1,Final_Test,0.175,1.1,2.3,0.0,1.55,0.0,0.1,0.0,0.07,0.0,0.0,1.05,0.0,0.0,6.345000000000001,93.655,100 minus reported elemental columns; Al is not explicit,False,True,True,0,,True
HTC-051,140,1,Final_Test,0.18,0.11,0.33,0.32,1.98,0.0,5.7,0.0,0.0,0.1,0.0,0.0,0.0,0.25,8.969999999999999,91.03,100 minus reported elemental columns; Al is not explicit,False,True,True,0,,True
HTC-052,132,1,Final_Test,0.18,0.11,0.33,0.32,1.98,0.0,5.7,0.0,0.0,0.1,0.0,0.0,0.0,0.25,8.969999999999999,91.03,100 minus reported elemental columns; Al is not explicit,False,True,True,0,,True
HTC-053,137,1,Final_Test,0.18,0.11,0.33,0.32,1.98,0.0,5.7,0.0,0.0,0.1,0.0,0.0,0.0,0.25,8.969999999999999,91.03,100 minus reported elemental columns; Al is not explicit,False,True,True,0,,True
HTC-054,42,1,Final_Test,0.2,0.3,6.3,0.3,0.02,0.0,0.1,0.1,0.06,0.175,0.0,0.0,0.0,0.0,7.554999999999999,92.44500000000001,100 minus reported elemental columns; Al is not explicit,False,True,True,0,,True
HTC-055,19,1,Final_Test,0.2,0.5,4.1,0.6,1.2,0.1,0.1,0.0,0.0,0.0,0.0,0.0,0.0,0.0,6.8,93.2,100 minus reported elemental columns; Al is not explicit,False,True,True,0,,True
HTC-056,72,1,Final_Test,0.2,0.57,1.76,0.15,3.64,0.5,6.04,0.0,0.0,0.0,0.0,0.0,0.0,0.0,12.86,87.14,100 minus reported elemental columns; Al is not explicit,False,True,True,0,,True
HTC-057,22,1,Final_Test,0.29,0.42,4.2,0.63,1.26,0.0,0.0,0.0,0.0,0.0,0.0,0.0,0.0,0.0,6.8,93.2,100 minus reported elemental columns; Al is not explicit,False,True,True,0,,True
HTC-058,57,1,Final_Test,0.4,0.15,0.2,0.05,0.675,0.0,0.05,0.0,0.0,0.0,0.0,0.0,0.0,0.0,1.5250000000000001,98.475,100 minus reported elemental columns; Al is not explicit,False,True,True,0,,True
HTC-059,56,1,Final_Test,0.4,0.15,0.2,0.05,0.675,0.0,0.05,0.0,0.0,0.0,0.0,0.0,0.0,0.0,1.5250000000000001,98.475,100 minus reported elemental columns; Al is not explicit,False,True,True,0,,True
HTC-060,332,1,Final_Test,0.4,0.35,0.1,0.1,0.675,0.1,0.1,0.0,0.1,0.0,0.0,0.0,0.0,0.0,1.925,98.075,100 minus reported elemental columns; Al is not explicit,False,True,True,0,,True
HTC-061,73,1,Final_Test,0.4,0.6,0.65,0.55,1.6,0.0,7.5,0.0,0.2,0.0,0.0,0.0,0.0,0.0,11.5,88.5,100 minus reported elemental columns; Al is not explicit,False,True,True,0,,True
HTC-062,33,1,Final_Test,0.5,0.5,4.35,0.6,1.5,0.1,0.25,0.0,0.0,0.0,0.0,0.0,0.0,0.0,7.799999999999999,92.2,100 minus reported elemental columns; Al is not explicit,False,True,True,0,,True
HTC-063,30,1,Final_Test,0.5,0.5,4.35,0.6,1.5,0.1,0.25,0.0,0.15,0.0,0.0,0.0,0.0,0.0,7.949999999999999,92.05,100 minus reported elemental columns; Al is not explicit,False,True,True,0,,True
HTC-064,25,1,Final_Test,0.5,0.5,4.35,0.6,1.5,0.1,0.25,0.0,0.15,0.05,0.0,0.0,0.0,0.0,7.999999999999999,92.0,100 minus reported elemental columns; Al is not explicit,False,True,True,0,,True
HTC-065,355,1,Final_Test,0.5,0.5,4.5,0.58,1.5,0.01,0.25,0.0,0.15,0.0,0.0,0.0,0.0,0.0,7.99,92.01,100 minus reported elemental columns; Al is not explicit,False,True,True,0,,True
HTC-066,340,1,Final_Test,0.6,0.4,0.3,0.12,1.01,0.2,0.18,0.0,0.0,0.0,0.0,0.0,0.0,0.0,2.8099999999999996,97.19,100 minus reported elemental columns; Al is not explicit,False,True,True,0,,True
HTC-067,244,1,Final_Test,0.6,0.7,0.275,0.15,1.0,0.195,0.25,0.0,0.15,0.0,0.0,0.0,0.0,0.0,3.32,96.68,100 minus reported elemental columns; Al is not explicit,False,True,True,0,,True
HTC-068,409,1,Final_Test,0.644,0.116,4.41,0.521,0.691,0.0,0.0,0.013,0.014,0.0,0.0,0.0,0.0,0.0,6.409,93.591,100 minus reported elemental columns; Al is not explicit,False,True,True,0,,True
HTC-069,245,1,Final_Test,0.8,0.0,4.4,0.75,0.7,0.0,0.0,0.0,0.0,0.0,0.0,0.0,0.0,0.0,6.65,93.35,100 minus reported elemental columns; Al is not explicit,False,True,True,0,,True
HTC-070,423,1,Final_Test,0.8,0.0,4.4,0.8,0.4,0.0,0.0,0.0,0.0,0.0,0.0,0.0,0.0,0.0,6.4,93.6,100 minus reported elemental columns; Al is not explicit,False,True,True,0,,True
HTC-071,248,1,Final_Test,0.8,0.456,0.321,0.212,0.91,0.021,0.178,0.0,0.0,0.0,0.0,0.0,0.0,0.0,2.898,97.102,100 minus reported elemental columns; Al is not explicit,False,True,True,0,,True
HTC-072,15,1,Final_Test,0.81,0.27,4.27,0.74,0.52,0.02,0.09,0.0,0.02,0.0,0.0,0.0,0.0,0.0,6.739999999999999,93.26,100 minus reported elemental columns; Al is not explicit,False,True,True,0,,True
HTC-073,11,1,Final_Test,0.81,0.27,4.27,0.74,0.52,0.02,0.09,0.0,0.02,0.0,0.0,0.0,0.0,0.0,6.739999999999999,93.26,100 minus reported elemental columns; Al is not explicit,False,True,True,0,,True
HTC-074,9,1,Final_Test,0.85,0.7,4.45,0.8,0.5,0.1,0.25,0.0,0.15,0.05,0.0,0.0,0.0,0.0,7.85,92.15,100 minus reported elemental columns; Al is not explicit,False,True,True,0,,True
HTC-075,55,1,Final_Test,1.0,0.5,0.1,0.6,0.6,0.0,0.2,0.0,0.2,0.0,0.0,0.0,0.0,0.0,3.2,96.8,100 minus reported elemental columns; Al is not explicit,False,True,True,0,,True
HTC-076,417,1,Final_Test,1.2,0.18,0.06,0.86,0.97,0.16,0.0,0.0,0.0,0.0,0.0,0.0,0.0,0.0,3.4299999999999997,96.57,100 minus reported elemental columns; Al is not explicit,False,True,True,0,,True
HTC-077,420,1,Final_Test,1.2,0.18,0.06,0.86,0.97,0.16,0.0,0.0,0.0,0.0,0.0,0.0,0.0,0.0,3.4299999999999997,96.57,100 minus reported elemental columns; Al is not explicit,False,True,True,0,,True
HTC-078,370,1,Final_Test,11.95,0.378,4.49,0.03,0.6,0.03,0.02,0.0,0.03,0.0001,0.0,0.101025,0.0,0.0,17.629125,82.370875,100 minus reported elemental columns; Al is not explicit,False,True,True,0,,True
HTC-079,373,1,Final_Test,11.95,0.378,4.49,0.03,0.6,0.03,0.02,0.0,0.03,0.0001,0.0,0.101025,0.0,0.0,17.629125,82.370875,100 minus reported elemental columns; Al is not explicit,False,True,True,0,,True
HTC-080,383,1,Final_Test,11.95,0.378,4.49,0.03,0.6,0.03,0.02,0.0,0.03,0.0001,0.0,0.101025,0.0,0.0,17.629125,82.370875,100 minus reported elemental columns; Al is not explicit,False,True,True,0,,True
HTC-081,379,1,Final_Test,11.95,0.378,4.49,0.03,0.6,0.03,0.02,0.0,0.03,0.0001,0.0,0.101025,0.0,0.0,17.629125,82.370875,100 minus reported elemental columns; Al is not explicit,False,True,True,0,,True
HTC-082,390,1,Final_Test,11.95,0.378,4.49,0.03,0.6,0.03,0.02,0.0,0.03,0.0001,0.0,0.101025,0.0,0.0,17.629125,82.370875,100 minus reported elemental columns; Al is not explicit,False,True,True,0,,True
HTC-083,396,1,Final_Test,11.95,0.378,4.49,0.03,0.6,0.03,0.02,0.0,0.03,0.0001,0.0,0.101025,0.0,0.0,17.629125,82.370875,100 minus reported elemental columns; Al is not explicit,False,True,True,0,,True
HTC-084,398,1,Final_Test,11.95,0.378,4.49,0.03,0.6,0.03,0.02,0.0,0.03,0.0001,0.0,0.101025,0.0,0.0,17.629125,82.370875,100 minus reported elemental columns; Al is not explicit,False,True,True,0,,True
HTC-085,400,1,Final_Test,11.95,0.378,4.49,0.03,0.6,0.03,0.02,0.0,0.03,0.0001,0.0,0.101025,0.0,0.0,17.629125,82.370875,100 minus reported elemental columns; Al is not explicit,False,True,True,0,,True
HTC-086,401,1,Final_Test,11.95,0.378,4.49,0.03,0.6,0.03,0.02,0.0,0.03,0.0001,0.0,0.101025,0.0,0.0,17.629125,82.370875,100 minus reported elemental columns; Al is not explicit,False,True,True,0,,True
HTC-087,46,1,Final_Test,12.25,1.0,0.9,0.0,1.05,0.1,0.25,0.0,0.0,0.0,0.0,0.9,0.0,0.0,16.45,83.55,100 minus reported elemental columns; Al is not explicit,False,True,True,0,,True
