Heldout_Condition_ID,Source_Original_Indices,Original_Index,Recommendation_Eligible,Scenario,YS_Weight,UTS_Weight,El_Weight,Uncertainty_Weight,Weight_Sum,Normalized_YS_Component,Normalized_UTS_Component,Normalized_El_Component,NormalizedUncertaintyPenalty,ScenarioScore,ScenarioRank,BaselineRank,RankShift
HTC-001,192,192,True,Baseline,0.2,0.2,0.4,0.2,1.0,0.7862321418270019,0.7557520656209271,0.4800997483420877,0.641463190927375,0.3721441026409459,10,10,0
HTC-002,165,165,True,Baseline,0.2,0.2,0.4,0.2,1.0,0.29331285336698143,0.5465670605767088,0.7163003203530487,1.8834171254459007,0.07781268584077733,48,48,0
HTC-003,113,113,True,Baseline,0.2,0.2,0.4,0.2,1.0,0.9999999999999974,0.9999999999999973,0.29217284474435806,1.2235429877849155,0.2721605403407591,23,23,0
HTC-004,93,93,True,Baseline,0.2,0.2,0.4,0.2,1.0,0.3748840023716718,0.557097896638455,0.14381445786918642,1.396105094791049,-0.03529885600850985,69,69,0
HTC-005,77,77,True,Baseline,0.2,0.2,0.4,0.2,1.0,0.49104166008341915,0.662583302388458,0.10951201155695277,0.793445452280816,0.11584070666099333,42,42,0
HTC-006,78,78,True,Baseline,0.2,0.2,0.4,0.2,1.0,0.4902937786194948,0.6607568671328211,0.11263312500280243,0.7969175814140611,0.11587986286877194,41,41,0
HTC-007,79,79,True,Baseline,0.2,0.2,0.4,0.2,1.0,0.4495795723905804,0.6235358705703312,0.13094336911768734,0.4798796559428002,0.17102450505069725,33,33,0
HTC-008,82,82,True,Baseline,0.2,0.2,0.4,0.2,1.0,0.4775191860690122,0.646877674304589,0.1253029267296098,0.6872076012823739,0.13755902251008936,39,39,0
HTC-009,101,101,True,Baseline,0.2,0.2,0.4,0.2,1.0,0.3551874571136435,0.5293322104186733,0.23939032452866035,1.2197115560275815,0.028717752112411205,60,60,0
HTC-010,204,204,True,Baseline,0.2,0.2,0.4,0.2,1.0,0.2680056254237273,0.4138648085179763,0.4436490618391234,5.594247766541408,-0.8050158417842915,87,87,0
HTC-011,153,153,False,Baseline,0.2,0.2,0.4,0.2,1.0,0.0,0.20034172579901716,0.7772532379532352,3.8463569147083168,-0.41830174260056585,84,84,0
HTC-012,90,90,True,Baseline,0.2,0.2,0.4,0.2,1.0,0.3627895648683619,0.48365261701949136,0.08603443702116813,0.39556639946084343,0.1245889312938692,40,40,0
HTC-013,0,0,True,Baseline,0.2,0.2,0.4,0.2,1.0,0.32676000778329295,0.4424336789258449,0.33714716221813734,1.2273742755136612,0.043222747126350214,58,58,0
HTC-014,75,75,True,Baseline,0.2,0.2,0.4,0.2,1.0,0.8697463865843483,0.8885828703737416,0.520650875751469,1.6169625655416564,0.23653368858387425,25,25,0
HTC-015,116,116,True,Baseline,0.2,0.2,0.4,0.2,1.0,0.8432892672154388,0.8797237791741401,0.5560269089855746,1.0239191400255583,0.36222954486703407,14,14,0
HTC-016,117,117,True,Baseline,0.2,0.2,0.4,0.2,1.0,0.8904802255926808,0.9102795555911528,0.5121907032502013,1.3886185144518874,0.28730453464646977,21,21,0
HTC-017,180,180,True,Baseline,0.2,0.2,0.4,0.2,1.0,0.42689826363396394,0.5925674429717638,0.43878887676618883,2.2122565095983986,-0.06304260989205868,73,73,0
HTC-018,439;446,439,True,Baseline,0.2,0.2,0.4,0.2,1.0,0.1995133271805282,0.3577706120505118,0.320422565249201,0.13859200672938635,0.2119074126000111,29,29,0
HTC-019,426;433;447,426,True,Baseline,0.2,0.2,0.4,0.2,1.0,0.21479419142646963,0.3735238037008226,0.26428804852326404,0.7771905643636922,0.06794070556202561,52,52,0
HTC-020,428;442,428,True,Baseline,0.2,0.2,0.4,0.2,1.0,0.22312213089071728,0.38059944552716896,0.25285964750308704,0.985986897869147,0.024690794710982678,61,61,0
HTC-021,443,443,True,Baseline,0.2,0.2,0.4,0.2,1.0,0.18525244623190096,0.33523944267404676,0.29682075193550256,1.22071066644909,-0.021315454734427475,66,66,0
HTC-022,437,437,True,Baseline,0.2,0.2,0.4,0.2,1.0,0.19202391363352495,0.33056515162179895,0.313400131553534,0.7801712202171404,0.07384362162905031,50,50,0
HTC-023,287,287,True,Baseline,0.2,0.2,0.4,0.2,1.0,0.6701957758133418,0.7769227284237366,0.6748477088131491,0.904784928164421,0.3784057987397912,9,9,0
HTC-024,289,289,True,Baseline,0.2,0.2,0.4,0.2,1.0,0.7293006658398965,0.8076521294523163,0.629546033638158,0.6402147682150584,0.43116601887069406,5,5,0
HTC-025,290,290,True,Baseline,0.2,0.2,0.4,0.2,1.0,0.7526526551139917,0.8169548949128209,0.6315094871207356,0.6016539032975711,0.4461945241941425,2,2,0
HTC-026,291,291,True,Baseline,0.2,0.2,0.4,0.2,1.0,0.7757328874440838,0.8322315016394674,0.6255858173605405,0.5060720065771306,0.4706128034455004,1,1,0
HTC-027,297,297,True,Baseline,0.2,0.2,0.4,0.2,1.0,0.8179954300833711,0.8345023295625219,0.6240740460122846,0.7129239483192675,0.437544380670239,3,3,0
HTC-028,298,298,True,Baseline,0.2,0.2,0.4,0.2,1.0,0.7978558302784157,0.7924218793610969,0.6192510708368346,0.8060508445660558,0.4045458013494252,8,8,0
HTC-029,299,299,True,Baseline,0.2,0.2,0.4,0.2,1.0,0.8288232610950828,0.807528948626646,0.5956676005621006,0.6539148144284015,0.4347545192835058,4,4,0
HTC-030,302,302,True,Baseline,0.2,0.2,0.4,0.2,1.0,0.8325673270178948,0.7949991303074472,0.6247799957794787,1.0686592638794825,0.3616934370009634,15,15,0
HTC-031,304,304,True,Baseline,0.2,0.2,0.4,0.2,1.0,0.826342195955923,0.7828359096458184,0.6408665135616579,1.076439330548137,0.3628943604353841,13,13,0
HTC-032,312,312,True,Baseline,0.2,0.2,0.4,0.2,1.0,0.8079050635933825,0.7806423913228144,0.597784832504919,1.2218701508203373,0.31244939382113956,20,20,0
HTC-033,317,317,True,Baseline,0.2,0.2,0.4,0.2,1.0,0.7349108918292716,0.699086151339455,0.665440479878567,1.8594196283865891,0.18109167490785427,31,31,0
HTC-034,70,70,True,Baseline,0.2,0.2,0.4,0.2,1.0,0.7135457265539575,0.7707293735220277,0.6284018433210457,2.3604580048865724,0.07612415636630077,49,49,0
HTC-035,368,368,True,Baseline,0.2,0.2,0.4,0.2,1.0,0.6229386515241316,0.6951613947117825,0.6108030771406358,2.9603205567665967,-0.08412287124988216,76,76,0
HTC-036,227,227,True,Baseline,0.2,0.2,0.4,0.2,1.0,0.44293663106501835,0.5871798019905573,0.3623362151828172,1.4178408735537742,0.06738959797348715,53,53,0
HTC-037,218,218,True,Baseline,0.2,0.2,0.4,0.2,1.0,0.816750666585657,0.863915881718573,0.48062298797158315,1.2169352763588672,0.2849954495777058,22,22,0
HTC-038,39,39,True,Baseline,0.2,0.2,0.4,0.2,1.0,0.3876068110564949,0.5193716737149315,0.5388901015578983,1.1959271849508009,0.15776630058728444,34,34,0
HTC-039,196,196,True,Baseline,0.2,0.2,0.4,0.2,1.0,0.4496423963275388,0.5989406794173028,0.47103867060576915,0.913541089867301,0.21542386541781583,28,28,0
HTC-040,209,209,True,Baseline,0.2,0.2,0.4,0.2,1.0,0.8253638129159051,0.8660738356839282,0.4917468671847753,1.0085024649616698,0.3332857836015428,18,18,0
HTC-041,284,284,True,Baseline,0.2,0.2,0.4,0.2,1.0,0.6156377894170287,0.7527428808585825,0.9999999999999551,1.5888574317167297,0.35590464771175834,16,16,0
HTC-042,280,280,True,Baseline,0.2,0.2,0.4,0.2,1.0,0.6855042208230517,0.7714663501794881,0.8820631457011258,1.5611851660502174,0.3319823392709148,19,19,0
HTC-043,278,278,True,Baseline,0.2,0.2,0.4,0.2,1.0,0.6928718704983505,0.763474433870608,0.8471012760244443,1.3113154839340508,0.3678466744967593,11,11,0
HTC-044,275,275,True,Baseline,0.2,0.2,0.4,0.2,1.0,0.6902559502524742,0.7350745468092832,0.7956915653075456,1.1928016159762171,0.3647824023401264,12,12,0
HTC-045,76,76,True,Baseline,0.2,0.2,0.4,0.2,1.0,0.2401511190795987,0.4550748542354768,0.928160091234357,3.143120889382619,-0.11831494671976583,78,78,0
HTC-046,336,336,True,Baseline,0.2,0.2,0.4,0.2,1.0,0.21904936192041016,0.45433754749936456,0.8012976600979257,1.924452179033505,0.07030601011642423,51,51,0
HTC-047,338,338,True,Baseline,0.2,0.2,0.4,0.2,1.0,0.4185821646079549,0.5146635697521728,0.5364612096639945,2.9418141551617616,-0.18712920029472896,79,79,0
HTC-048,124,124,True,Baseline,0.2,0.2,0.4,0.2,1.0,0.7322400199221214,0.694881816468174,0.6852783221759449,1.5705303576069654,0.24542962462704393,24,24,0
HTC-049,353,353,True,Baseline,0.2,0.2,0.4,0.2,1.0,0.6709949324605392,0.7117057866510802,0.6228902044242937,0.8894676413873315,0.34780269731457514,17,17,0
HTC-050,234,234,False,Baseline,0.2,0.2,0.4,0.2,1.0,0.27354161939701155,0.33034507362414584,0.5081859969852337,0.8796307569126239,0.14812558601580014,35,35,0
HTC-051,140,140,True,Baseline,0.2,0.2,0.4,0.2,1.0,0.6188450254018482,0.6276728435063135,0.5752091162564846,1.4952233557512242,0.18034254913398134,32,32,0
HTC-052,132,132,True,Baseline,0.2,0.2,0.4,0.2,1.0,0.7640242138512301,0.7212439596818648,0.47696101210918956,0.3933582527738643,0.40916638899552193,7,7,0
HTC-053,137,137,True,Baseline,0.2,0.2,0.4,0.2,1.0,0.7609739743212557,0.7216609105155154,0.48093848637094044,0.38080782801259944,0.41274080591321044,6,6,0
HTC-054,42,42,True,Baseline,0.2,0.2,0.4,0.2,1.0,0.02395451111753906,0.3001876940218534,0.8549449088799391,2.53220675604301,-0.09963494662874783,77,77,0
HTC-055,19,19,True,Baseline,0.2,0.2,0.4,0.2,1.0,0.4003553770892471,0.6777178609500484,0.7658259549604595,3.8802741496660746,-0.25410980034117203,83,83,0
HTC-056,72,72,False,Baseline,0.2,0.2,0.4,0.2,1.0,0.31165590027405793,0.5175323448771805,0.8708499178351147,2.652515419298649,-0.01632546769543619,65,65,0
HTC-057,22,22,True,Baseline,0.2,0.2,0.4,0.2,1.0,0.4092734102619079,0.6329564855467876,0.5998568761233757,2.079516245758216,0.032485480459446214,59,59,0
HTC-058,57,57,True,Baseline,0.2,0.2,0.4,0.2,1.0,0.18500772374770266,0.19623484773099187,0.6708910956658845,1.9916256853762417,-0.05372018451315563,70,70,0
HTC-059,56,56,True,Baseline,0.2,0.2,0.4,0.2,1.0,0.18353564441657658,0.19582943936439895,0.6678924387419415,2.00649090516478,-0.0582681887799843,71,71,0
HTC-060,332,332,True,Baseline,0.2,0.2,0.4,0.2,1.0,0.07669640444856234,0.0,0.6774053420616272,0.704048861463141,0.14549164542173512,37,37,0
HTC-061,73,73,False,Baseline,0.2,0.2,0.4,0.2,1.0,0.600442120789745,0.6510254459904741,0.5413009096500765,1.1703038311513254,0.23275311098580934,26,26,0
HTC-062,33,33,True,Baseline,0.2,0.2,0.4,0.2,1.0,0.2595796526051096,0.45705693775994743,0.6031764512420974,2.9497845530888402,-0.20535901204791773,80,80,0
HTC-063,30,30,True,Baseline,0.2,0.2,0.4,0.2,1.0,0.35084266621536725,0.44181212290930294,0.33458384652950873,1.2194386473037773,0.048476766975982105,56,56,0
HTC-064,25,25,True,Baseline,0.2,0.2,0.4,0.2,1.0,0.3172854420541814,0.4018395259487931,0.21975795607098297,0.6337180587585415,0.10498456427727978,45,45,0
HTC-065,355,355,True,Baseline,0.2,0.2,0.4,0.2,1.0,0.37809121987480987,0.49733649173306543,0.830910748721468,3.6781163420521654,-0.22817342660027085,82,82,0
HTC-066,340,340,True,Baseline,0.2,0.2,0.4,0.2,1.0,0.24111333371174015,0.2630316268751971,0.3584560965301998,5.024269412531809,-0.7606424517768944,86,86,0
HTC-067,244,244,True,Baseline,0.2,0.2,0.4,0.2,1.0,0.1781840136389091,0.14852468593890017,0.6487396283056175,2.664121427226678,-0.2079866942075268,81,81,0
HTC-068,409,409,True,Baseline,0.2,0.2,0.4,0.2,1.0,0.4360194706600263,0.5024118225562137,0.36318169758911034,1.4359769240850337,0.04576355286188544,57,57,0
HTC-069,245,245,True,Baseline,0.2,0.2,0.4,0.2,1.0,0.2970329435211899,0.4934560643459218,0.669040355059841,2.082983720834389,0.009117199430480893,63,63,0
HTC-070,423,423,True,Baseline,0.2,0.2,0.4,0.2,1.0,0.47990550641307167,0.5316970028141046,0.4504739498780354,1.2180933343661355,0.13889141492342236,38,38,0
HTC-071,248,248,True,Baseline,0.2,0.2,0.4,0.2,1.0,0.023579582914438176,0.08090493815474124,0.6747386537874084,3.7949886231165046,-0.4682053588945017,85,85,0
HTC-072,15,15,True,Baseline,0.2,0.2,0.4,0.2,1.0,0.4350525611450547,0.526043833274987,0.46336097804488136,1.3623512443690746,0.10509342122814597,44,44,0
HTC-073,11,11,True,Baseline,0.2,0.2,0.4,0.2,1.0,0.45702277594698903,0.5142818601319399,0.4164924506241052,1.0675081939615587,0.14735626867311613,36,36,0
HTC-074,9,9,True,Baseline,0.2,0.2,0.4,0.2,1.0,0.4441497638181094,0.45319859921519934,0.3122355398671438,0.5041411727151497,0.20353565401048931,30,30,0
HTC-075,55,55,False,Baseline,0.2,0.2,0.4,0.2,1.0,0.08411161057079218,0.13411287287899443,0.7406621958665782,1.4338943835846898,0.05313089831965062,55,55,0
HTC-076,417,417,True,Baseline,0.2,0.2,0.4,0.2,1.0,0.34408641957227043,0.32750216725842257,0.6792881720952217,1.4897630856072688,0.10808036908277358,43,43,0
HTC-077,420,420,True,Baseline,0.2,0.2,0.4,0.2,1.0,0.3526277028570632,0.38711561987466364,0.8036615325533165,1.2090416823960841,0.22760494108845514,27,27,0
HTC-078,370,370,True,Baseline,0.2,0.2,0.4,0.2,1.0,0.4098857623690438,0.39240778359999795,0.02204019304995992,0.32367606464602056,0.10453957348458823,46,46,0
HTC-079,373,373,True,Baseline,0.2,0.2,0.4,0.2,1.0,0.4144394154243227,0.3922086291299246,0.029902221593636456,0.7517329613720175,0.022943905273900556,62,62,0
HTC-080,383,383,True,Baseline,0.2,0.2,0.4,0.2,1.0,0.45328334368692974,0.43345290594617564,0.0,0.5845963972079757,0.06042797048502595,54,54,0
HTC-081,379,379,True,Baseline,0.2,0.2,0.4,0.2,1.0,0.35203768690841375,0.36072360955037924,0.01929431401336931,0.7763224673373507,-0.00499450857036382,64,64,0
HTC-082,390,390,True,Baseline,0.2,0.2,0.4,0.2,1.0,0.43934395167146,0.4140482686106755,0.013199098020110663,0.4629406490590162,0.08336995345266812,47,47,0
HTC-083,396,396,True,Baseline,0.2,0.2,0.4,0.2,1.0,0.3006592589716785,0.35315264803178265,0.034649123200864614,0.8706954862529642,-0.029517066569554773,68,68,0
HTC-084,398,398,True,Baseline,0.2,0.2,0.4,0.2,1.0,0.2949014151357516,0.32732774505306556,0.03561245265044976,1.0537165487830062,-0.07205249665865793,75,75,0
HTC-085,400,400,True,Baseline,0.2,0.2,0.4,0.2,1.0,0.3412605235777724,0.4000883990564698,0.022903576789703256,1.0833826311211576,-0.059245310981501764,72,72,0
HTC-086,401,401,True,Baseline,0.2,0.2,0.4,0.2,1.0,0.32247102551835855,0.43806296142583073,0.026616902404180603,1.1709317343228,-0.07143278851404991,74,74,0
HTC-087,46,46,False,Baseline,0.2,0.2,0.4,0.2,1.0,0.2676937945859571,0.2847272870303996,0.3859079861745652,1.4332767122841987,-0.02180793166374234,67,67,0
HTC-001,192,192,True,Equal property emphasis,0.2667,0.2667,0.2666,0.2,1.0,0.7862321418270019,0.7557520656209271,0.4800997483420877,0.641463190927375,0.4109491428488883,9,10,1
HTC-002,165,165,True,Equal property emphasis,0.2667,0.2667,0.2666,0.2,1.0,0.29331285336698143,0.5465670605767088,0.7163003203530487,1.8834171254459007,0.03827821336572479,59,48,-11
HTC-003,113,113,True,Equal property emphasis,0.2667,0.2667,0.2666,0.2,1.0,0.9999999999999974,0.9999999999999973,0.29217284474435806,1.2235429877849155,0.3665846828518613,15,23,8
HTC-004,93,93,True,Equal property emphasis,0.2667,0.2667,0.2666,0.2,1.0,0.3748840023716718,0.557097896638455,0.14381445786918642,1.396105094791049,0.007679487975716159,64,69,5
HTC-005,77,77,True,Equal property emphasis,0.2667,0.2667,0.2666,0.2,1.0,0.49104166008341915,0.662583302388458,0.10951201155695277,0.793445452280816,0.17817858931617003,34,42,8
HTC-006,78,78,True,Equal property emphasis,0.2667,0.2667,0.2666,0.2,1.0,0.4902937786194948,0.6607568671328211,0.11263312500280243,0.7969175814140611,0.1776296820650775,35,41,6
HTC-007,79,79,True,Equal property emphasis,0.2667,0.2667,0.2666,0.2,1.0,0.4495795723905804,0.6235358705703312,0.13094336911768734,0.4798796559428002,0.22513345965589052,27,33,6
HTC-008,82,82,True,Equal property emphasis,0.2667,0.2667,0.2666,0.2,1.0,0.4775191860690122,0.646877674304589,0.1253029267296098,0.6872076012823739,0.1958408826712786,31,39,8
HTC-009,101,101,True,Equal property emphasis,0.2667,0.2667,0.2666,0.2,1.0,0.3551874571136435,0.5293322104186733,0.23939032452866035,1.2197115560275815,0.055780544644693425,56,60,4
HTC-010,204,204,True,Equal property emphasis,0.2667,0.2667,0.2666,0.2,1.0,0.2680056254237273,0.4138648085179763,0.4436490618391234,5.594247766541408,-0.818717868689719,87,87,0
HTC-011,153,153,False,Equal property emphasis,0.2667,0.2667,0.2666,0.2,1.0,0.0,0.20034172579901716,0.7772532379532352,3.8463569147083168,-0.508624531432733,84,84,0
HTC-012,90,90,True,Equal property emphasis,0.2667,0.2667,0.2666,0.2,1.0,0.3627895648683619,0.48365261701949136,0.08603443702116813,0.39556639946084343,0.1695696309271652,37,40,3
HTC-013,0,0,True,Equal property emphasis,0.2667,0.2667,0.2666,0.2,1.0,0.32676000778329295,0.4424336789258449,0.33714716221813734,1.2273742755136612,0.04955253458995024,57,58,1
HTC-014,75,75,True,Equal property emphasis,0.2667,0.2667,0.2666,0.2,1.0,0.8697463865843483,0.8885828703737416,0.520650875751469,1.6169625655416564,0.2843594231977329,24,25,1
HTC-015,116,116,True,Equal property emphasis,0.2667,0.2667,0.2666,0.2,1.0,0.8432892672154388,0.8797237791741401,0.5560269089855746,1.0239191400255583,0.40298052540254325,10,14,4
HTC-016,117,117,True,Equal property emphasis,0.2667,0.2667,0.2666,0.2,1.0,0.8904802255926808,0.9102795555911528,0.5121907032502013,1.3886185144518874,0.3390889722378546,19,21,2
HTC-017,180,180,True,Equal property emphasis,0.2667,0.2667,0.2666,0.2,1.0,0.42689826363396394,0.5925674429717638,0.43878887676618883,2.2122565095983986,-0.05357868342206623,72,73,1
HTC-018,439;446,439,True,Equal property emphasis,0.2667,0.2667,0.2666,0.2,1.0,0.1995133271805282,0.3577706120505118,0.320422565249201,0.13859200672938635,0.20633388114247808,30,29,-1
HTC-019,426;433;447,426,True,Equal property emphasis,0.2667,0.2667,0.2666,0.2,1.0,0.21479419142646963,0.3735238037008226,0.26428804852326404,0.7771905643636922,0.07192549016401256,50,52,2
HTC-020,428;442,428,True,Equal property emphasis,0.2667,0.2667,0.2666,0.2,1.0,0.22312213089071728,0.38059944552716896,0.25285964750308704,0.985986897869147,0.031227546881143847,60,61,1
HTC-021,443,443,True,Equal property emphasis,0.2667,0.2667,0.2666,0.2,1.0,0.18525244623190096,0.33523944267404676,0.29682075193550256,1.22071066644909,-0.026194534052596807,67,66,-1
HTC-022,437,437,True,Equal property emphasis,0.2667,0.2667,0.2666,0.2,1.0,0.19202391363352495,0.33056515162179895,0.313400131553534,0.7801712202171404,0.06689273473233898,51,50,-1
HTC-023,287,287,True,Equal property emphasis,0.2667,0.2667,0.2666,0.2,1.0,0.6701957758133418,0.7769227284237366,0.6748477088131491,0.904784928164421,0.3849039186167301,12,9,-3
HTC-024,289,289,True,Equal property emphasis,0.2667,0.2667,0.2666,0.2,1.0,0.7293006658398965,0.8076521294523163,0.629546033638158,0.6402147682150584,0.4496993294293544,5,5,0
HTC-025,290,290,True,Equal property emphasis,0.2667,0.2667,0.2666,0.2,1.0,0.7526526551139917,0.8169548949128209,0.6315094871207356,0.6016539032975711,0.4666439821990249,2,2,0
HTC-026,291,291,True,Equal property emphasis,0.2667,0.2667,0.2666,0.2,1.0,0.7757328874440838,0.8322315016394674,0.6255858173605405,0.5060720065771306,0.49441088016147705,1,1,0
HTC-027,297,297,True,Equal property emphasis,0.2667,0.2667,0.2666,0.2,1.0,0.8179954300833711,0.8345023295625219,0.6240740460122846,0.7129239483192675,0.46451450350058116,3,3,0
HTC-028,298,298,True,Equal property emphasis,0.2667,0.2667,0.2666,0.2,1.0,0.7978558302784157,0.7924218793610969,0.6192510708368346,0.8060508445660558,0.42800923173274696,8,8,0
HTC-029,299,299,True,Equal property emphasis,0.2667,0.2667,0.2666,0.2,1.0,0.8288232610950828,0.807528948626646,0.5956676005621006,0.6539148144284015,0.46443715375696076,4,4,0
HTC-030,302,302,True,Equal property emphasis,0.2667,0.2667,0.2666,0.2,1.0,0.8325673270178948,0.7949991303074472,0.6247799957794787,1.0686592638794825,0.3869064682675813,11,15,4
HTC-031,304,304,True,Equal property emphasis,0.2667,0.2667,0.2666,0.2,1.0,0.826342195955923,0.7828359096458184,0.6408665135616579,1.076439330548137,0.38473494716989504,13,13,0
HTC-032,312,312,True,Equal property emphasis,0.2667,0.2667,0.2666,0.2,1.0,0.8079050635933825,0.7806423913228144,0.597784832504919,1.2218701508203373,0.3386610124078937,20,20,0
HTC-033,317,317,True,Equal property emphasis,0.2667,0.2667,0.2666,0.2,1.0,0.7349108918292716,0.699086151339455,0.665440479878567,1.8594196283865891,0.18796951767140746,32,31,-1
HTC-034,70,70,True,Equal property emphasis,0.2667,0.2667,0.2666,0.2,1.0,0.7135457265539575,0.7707293735220277,0.6284018433210457,2.3604580048865724,0.09129649964234143,47,49,2
HTC-035,368,368,True,Equal property emphasis,0.2667,0.2667,0.2666,0.2,1.0,0.6229386515241316,0.6951613947117825,0.6108030771406358,2.9603205567665967,-0.07768672865650761,74,76,2
HTC-036,227,227,True,Equal property emphasis,0.2667,0.2667,0.2666,0.2,1.0,0.44293663106501835,0.5871798019905573,0.3623362151828172,1.4178408735537742,0.08776271295290627,48,53,5
HTC-037,218,218,True,Equal property emphasis,0.2667,0.2667,0.2666,0.2,1.0,0.816750666585657,0.863915881718573,0.48062298797158315,1.2169352763588672,0.3329808017541887,21,22,1
HTC-038,39,39,True,Equal property emphasis,0.2667,0.2667,0.2666,0.2,1.0,0.3876068110564949,0.5193716737149315,0.5388901015578983,1.1959271849508009,0.14637382597371493,40,34,-6
HTC-039,196,196,True,Equal property emphasis,0.2667,0.2667,0.2666,0.2,1.0,0.4496423963275388,0.5989406794173028,0.47103867060576915,0.913541089867301,0.2225277979111871,28,28,0
HTC-040,209,209,True,Equal property emphasis,0.2667,0.2667,0.2666,0.2,1.0,0.8253638129159051,0.8660738356839282,0.4917468671847753,1.0085024649616698,0.38050564268070264,14,18,4
HTC-041,284,284,True,Equal property emphasis,0.2667,0.2667,0.2666,0.2,1.0,0.6156377894170287,0.7527428808585825,0.9999999999999551,1.5888574317167297,0.3137756384191476,22,16,-6
HTC-042,280,280,True,Equal property emphasis,0.2667,0.2667,0.2666,0.2,1.0,0.6855042208230517,0.7714663501794881,0.8820631457011258,1.5611851660502174,0.311495052720254,23,19,-4
HTC-043,278,278,True,Equal property emphasis,0.2667,0.2667,0.2666,0.2,1.0,0.6928718704983505,0.763474433870608,0.8471012760244443,1.3113154839340508,0.35198166277650783,18,11,-7
HTC-044,275,275,True,Equal property emphasis,0.2667,0.2667,0.2666,0.2,1.0,0.6902559502524742,0.7350745468092832,0.7956915653075456,1.1928016159762171,0.3537066916821189,17,12,-5
HTC-045,76,76,True,Equal property emphasis,0.2667,0.2667,0.2666,0.2,1.0,0.2401511190795987,0.4550748542354768,0.928160091234357,3.143120889382619,-0.1957599304703136,78,78,0
HTC-046,336,336,True,Equal property emphasis,0.2667,0.2667,0.2666,0.2,1.0,0.21904936192041016,0.45433754749936456,0.8012976600979257,1.924452179033505,0.008327809117659901,63,51,-12
HTC-047,338,338,True,Equal property emphasis,0.2667,0.2667,0.2666,0.2,1.0,0.4185821646079549,0.5146635697521728,0.5364612096639945,2.9418141551617616,-0.19644563518208535,79,79,0
HTC-048,124,124,True,Equal property emphasis,0.2667,0.2667,0.2666,0.2,1.0,0.7322400199221214,0.694881816468174,0.6852783221759449,1.5705303576069654,0.2492025229360056,25,24,-1
HTC-049,353,353,True,Equal property emphasis,0.2667,0.2667,0.2666,0.2,1.0,0.6709949324605392,0.7117057866510802,0.6228902044242937,0.8894676413873315,0.3569352820091193,16,17,1
HTC-050,234,234,False,Equal property emphasis,0.2667,0.2667,0.2666,0.2,1.0,0.27354161939701155,0.33034507362414584,0.5081859969852337,0.8796307569126239,0.1206128164424812,44,35,-9
HTC-051,140,140,True,Equal property emphasis,0.2667,0.2667,0.2666,0.2,1.0,0.6188450254018482,0.6276728435063135,0.5752091162564846,1.4952233557512242,0.18675239488154066,33,32,-1
HTC-052,132,132,True,Equal property emphasis,0.2667,0.2667,0.2666,0.2,1.0,0.7640242138512301,0.7212439596818648,0.47696101210918956,0.3933582527738643,0.44460717715481346,7,7,0
HTC-053,137,137,True,Equal property emphasis,0.2667,0.2667,0.2666,0.2,1.0,0.7609739743212557,0.7216609105155154,0.48093848637094044,0.38080782801259944,0.44747535864993965,6,6,0
HTC-054,42,42,True,Equal property emphasis,0.2667,0.2667,0.2666,0.2,1.0,0.02395451111753906,0.3001876940218534,0.8549449088799391,2.53220675604301,-0.19206431239053423,77,77,0
HTC-055,19,19,True,Equal property emphasis,0.2667,0.2667,0.2666,0.2,1.0,0.4003553770892471,0.6777178609500484,0.7658259549604595,3.8802741496660746,-0.2843634977556764,83,83,0
HTC-056,72,72,False,Equal property emphasis,0.2667,0.2667,0.2666,0.2,1.0,0.31165590027405793,0.5175323448771805,0.8708499178351147,2.652515419298649,-0.07718999078305289,73,65,-8
HTC-057,22,22,True,Equal property emphasis,0.2667,0.2667,0.2666,0.2,1.0,0.4092734102619079,0.6329564855467876,0.5998568761233757,2.079516245758216,0.02198130723502778,61,59,-2
HTC-058,57,57,True,Equal property emphasis,0.2667,0.2667,0.2666,0.2,1.0,0.18500772374770266,0.19623484773099187,0.6708910956658845,1.9916256853762417,-0.11778817715735573,75,70,-5
HTC-059,56,56,True,Equal property emphasis,0.2667,0.2667,0.2666,0.2,1.0,0.18353564441657658,0.19582943936439895,0.6678924387419415,2.00649090516478,-0.12206138901996821,76,71,-5
HTC-060,332,332,True,Equal property emphasis,0.2667,0.2667,0.2666,0.2,1.0,0.07669640444856234,0.0,0.6774053420616272,0.704048861463141,0.06024142296743315,53,37,-16
HTC-061,73,73,False,Equal property emphasis,0.2667,0.2667,0.2666,0.2,1.0,0.600442120789745,0.6510254459904741,0.5413009096500765,1.1703038311513254,0.2440164563427297,26,26,0
HTC-062,33,33,True,Equal property emphasis,0.2667,0.2667,0.2666,0.2,1.0,0.2595796526051096,0.45705693775994743,0.6031764512420974,2.9497845530888402,-0.2380230900662642,80,80,0
HTC-063,30,30,True,Equal property emphasis,0.2667,0.2667,0.2666,0.2,1.0,0.35084266621536725,0.44181212290930294,0.33458384652950873,1.2194386473037773,0.056713356283561084,55,56,1
HTC-064,25,25,True,Equal property emphasis,0.2667,0.2667,0.2666,0.2,1.0,0.3172854420541814,0.4018395259487931,0.21975795607098297,0.6337180587585415,0.12363448830320908,43,45,2
HTC-065,355,355,True,Equal property emphasis,0.2667,0.2667,0.2666,0.2,1.0,0.37809121987480987,0.49733649173306543,0.830910748721468,3.6781163420521654,-0.2806258921154694,82,82,0
HTC-066,340,340,True,Equal property emphasis,0.2667,0.2667,0.2666,0.2,1.0,0.24111333371174015,0.2630316268751971,0.3584560965301998,5.024269412531809,-0.7748340261828743,86,86,0
HTC-067,244,244,True,Equal property emphasis,0.2667,0.2667,0.2666,0.2,1.0,0.1781840136389091,0.14852468593890017,0.6487396283056175,2.664121427226678,-0.27273709036165633,81,81,0
HTC-068,409,409,True,Equal property emphasis,0.2667,0.2667,0.2666,0.2,1.0,0.4360194706600263,0.5024118225562137,0.36318169758911034,1.4359769240850337,0.05990848166102131,54,57,3
HTC-069,245,245,True,Equal property emphasis,0.2667,0.2667,0.2666,0.2,1.0,0.2970329435211899,0.4934560643459218,0.669040355059841,2.082983720834389,-0.02740716710976554,68,63,-5
HTC-070,423,423,True,Equal property emphasis,0.2667,0.2667,0.2666,0.2,1.0,0.47990550641307167,0.5316970028141046,0.4504739498780354,1.2180933343661355,0.14627207737514505,41,38,-3
HTC-071,248,248,True,Equal property emphasis,0.2667,0.2667,0.2666,0.2,1.0,0.023579582914438176,0.08090493815474124,0.6747386537874084,3.7949886231165046,-0.5512463777544278,85,85,0
HTC-072,15,15,True,Equal property emphasis,0.2667,0.2667,0.2666,0.2,1.0,0.4350525611450547,0.526043833274987,0.46336097804488136,1.3623512443690746,0.10738619626477558,46,44,-2
HTC-073,11,11,True,Equal property emphasis,0.2667,0.2667,0.2666,0.2,1.0,0.45702277594698903,0.5142818601319399,0.4164924506241052,1.0675081939615587,0.15658219498632503,38,36,-2
HTC-074,9,9,True,Equal property emphasis,0.2667,0.2667,0.2666,0.2,1.0,0.4441497638181094,0.45319859921519934,0.3122355398671438,0.5041411727151497,0.221736568806534,29,30,1
HTC-075,55,55,False,Equal property emphasis,0.2667,0.2667,0.2666,0.2,1.0,0.08411161057079218,0.13411287287899443,0.7406621958665782,1.4338943835846898,-0.031117865562850122,69,55,-14
HTC-076,417,417,True,Equal property emphasis,0.2667,0.2667,0.2666,0.2,1.0,0.34408641957227043,0.32750216725842257,0.6792881720952217,1.4897630856072688,0.06225828566687819,52,43,-9
HTC-077,420,420,True,Equal property emphasis,0.2667,0.2667,0.2666,0.2,1.0,0.3526277028570632,0.38711561987466364,0.8036615325533165,1.2090416823960841,0.16973737227204888,36,27,-9
HTC-078,370,370,True,Equal property emphasis,0.2667,0.2667,0.2666,0.2,1.0,0.4098857623690438,0.39240778359999795,0.02204019304995992,0.32367606464602056,0.15511239124785864,39,46,7
HTC-079,373,373,True,Equal property emphasis,0.2667,0.2667,0.2666,0.2,1.0,0.4144394154243227,0.3922086291299246,0.029902221593636456,0.7517329613720175,0.07275837348507774,49,62,13
HTC-080,383,383,True,Equal property emphasis,0.2667,0.2667,0.2666,0.2,1.0,0.45328334368692974,0.43345290594617564,0.0,0.5845963972079757,0.11957327833555402,45,54,9
HTC-081,379,379,True,Equal property emphasis,0.2667,0.2667,0.2666,0.2,1.0,0.35203768690841375,0.36072360955037924,0.01929431401336931,0.7763224673373507,0.039972808414054206,58,64,6
HTC-082,390,390,True,Equal property emphasis,0.2667,0.2667,0.2666,0.2,1.0,0.43934395167146,0.4140482686106755,0.013199098020110663,0.4629406490590162,0.1385304548696038,42,47,5
HTC-083,396,396,True,Equal property emphasis,0.2667,0.2667,0.2666,0.2,1.0,0.3006592589716785,0.35315264803178265,0.034649123200864614,0.8706954862529642,0.009469994592580744,62,68,6
HTC-084,398,398,True,Equal property emphasis,0.2667,0.2667,0.2666,0.2,1.0,0.2949014151357516,0.32732774505306556,0.03561245265044976,1.0537165487830062,-0.03530051285763383,70,75,5
HTC-085,400,400,True,Equal property emphasis,0.2667,0.2667,0.2666,0.2,1.0,0.3412605235777724,0.4000883990564698,0.022903576789703256,1.0833826311211576,-0.012852674985544238,65,72,7
HTC-086,401,401,True,Equal property emphasis,0.2667,0.2667,0.2666,0.2,1.0,0.32247102551835855,0.43806296142583073,0.026616902404180603,1.1709317343228,-0.024255866365590212,66,74,8
HTC-087,46,46,False,Equal property emphasis,0.2667,0.2667,0.2666,0.2,1.0,0.2676937945859571,0.2847272870303996,0.3859079861745652,1.4332767122841987,-0.036441570875618334,71,67,-4
HTC-001,192,192,True,YS priority,0.4,0.2,0.2,0.2,1.0,0.7862321418270019,0.7557520656209271,0.4800997483420877,0.641463190927375,0.4333705813379287,9,10,1
HTC-002,165,165,True,YS priority,0.4,0.2,0.2,0.2,1.0,0.29331285336698143,0.5465670605767088,0.7163003203530487,1.8834171254459007,-0.006784807556436068,64,48,-16
HTC-003,113,113,True,YS priority,0.4,0.2,0.2,0.2,1.0,0.9999999999999974,0.9999999999999973,0.29217284474435806,1.2235429877849155,0.41372597139188705,11,23,12
HTC-004,93,93,True,YS priority,0.4,0.2,0.2,0.2,1.0,0.3748840023716718,0.557097896638455,0.14381445786918642,1.396105094791049,0.010915052891987187,61,69,8
HTC-005,77,77,True,YS priority,0.4,0.2,0.2,0.2,1.0,0.49104166008341915,0.662583302388458,0.10951201155695277,0.793445452280816,0.19214663636628665,32,42,10
HTC-006,78,78,True,YS priority,0.4,0.2,0.2,0.2,1.0,0.4902937786194948,0.6607568671328211,0.11263312500280243,0.7969175814140611,0.19141199359211036,33,41,8
HTC-007,79,79,True,YS priority,0.4,0.2,0.2,0.2,1.0,0.4495795723905804,0.6235358705703312,0.13094336911768734,0.4798796559428002,0.23475174570527582,27,33,6
HTC-008,82,82,True,YS priority,0.4,0.2,0.2,0.2,1.0,0.4775191860690122,0.646877674304589,0.1253029267296098,0.6872076012823739,0.2080022743779699,30,39,9
HTC-009,101,101,True,YS priority,0.4,0.2,0.2,0.2,1.0,0.3551874571136435,0.5293322104186733,0.23939032452866035,1.2197115560275815,0.0518771786294078,53,60,7
HTC-010,204,204,True,YS priority,0.4,0.2,0.2,0.2,1.0,0.2680056254237273,0.4138648085179763,0.4436490618391234,5.594247766541408,-0.8401445290673708,87,87,0
HTC-011,153,153,False,YS priority,0.4,0.2,0.2,0.2,1.0,0.0,0.20034172579901716,0.7772532379532352,3.8463569147083168,-0.5737523901912129,84,84,0
HTC-012,90,90,True,YS priority,0.4,0.2,0.2,0.2,1.0,0.3627895648683619,0.48365261701949136,0.08603443702116813,0.39556639946084343,0.179939956863308,37,40,3
HTC-013,0,0,True,YS priority,0.4,0.2,0.2,0.2,1.0,0.32676000778329295,0.4424336789258449,0.33714716221813734,1.2273742755136612,0.04114531623938139,56,58,2
HTC-014,75,75,True,YS priority,0.4,0.2,0.2,0.2,1.0,0.8697463865843483,0.8885828703737416,0.520650875751469,1.6169625655416564,0.3063527907504502,22,25,3
HTC-015,116,116,True,YS priority,0.4,0.2,0.2,0.2,1.0,0.8432892672154388,0.8797237791741401,0.5560269089855746,1.0239191400255583,0.41968201651300685,10,14,4
HTC-016,117,117,True,YS priority,0.4,0.2,0.2,0.2,1.0,0.8904802255926808,0.9102795555911528,0.5121907032502013,1.3886185144518874,0.36296243911496573,16,21,5
HTC-017,180,180,True,YS priority,0.4,0.2,0.2,0.2,1.0,0.42689826363396394,0.5925674429717638,0.43878887676618883,2.2122565095983986,-0.06542073251850361,71,73,2
HTC-018,439;446,439,True,YS priority,0.4,0.2,0.2,0.2,1.0,0.1995133271805282,0.3577706120505118,0.320422565249201,0.13859200672938635,0.18772556498627657,35,29,-6
HTC-019,426;433;447,426,True,YS priority,0.4,0.2,0.2,0.2,1.0,0.21479419142646963,0.3735238037008226,0.26428804852326404,0.7771905643636922,0.05804193414266673,52,52,0
HTC-020,428;442,428,True,YS priority,0.4,0.2,0.2,0.2,1.0,0.22312213089071728,0.38059944552716896,0.25285964750308704,0.985986897869147,0.018743291388508693,60,61,1
HTC-021,443,443,True,YS priority,0.4,0.2,0.2,0.2,1.0,0.18525244623190096,0.33523944267404676,0.29682075193550256,1.22071066644909,-0.043629115875147784,67,66,-1
HTC-022,437,437,True,YS priority,0.4,0.2,0.2,0.2,1.0,0.19202391363352495,0.33056515162179895,0.313400131553534,0.7801712202171404,0.04956837804504849,55,50,-5
HTC-023,287,287,True,YS priority,0.4,0.2,0.2,0.2,1.0,0.6701957758133418,0.7769227284237366,0.6748477088131491,0.904784928164421,0.3774754121398297,15,9,-6
HTC-024,289,289,True,YS priority,0.4,0.2,0.2,0.2,1.0,0.7293006658398965,0.8076521294523163,0.629546033638158,0.6402147682150584,0.45111694531104185,7,5,-2
HTC-025,290,290,True,YS priority,0.4,0.2,0.2,0.2,1.0,0.7526526551139917,0.8169548949128209,0.6315094871207356,0.6016539032975711,0.47042315779279376,4,2,-2
HTC-026,291,291,True,YS priority,0.4,0.2,0.2,0.2,1.0,0.7757328874440838,0.8322315016394674,0.6255858173605405,0.5060720065771306,0.5006422174622089,1,1,0
HTC-027,297,297,True,YS priority,0.4,0.2,0.2,0.2,1.0,0.8179954300833711,0.8345023295625219,0.6240740460122846,0.7129239483192675,0.47632865748445624,3,3,0
HTC-028,298,298,True,YS priority,0.4,0.2,0.2,0.2,1.0,0.7978558302784157,0.7924218793610969,0.6192510708368346,0.8060508445660558,0.44026675323774145,8,8,0
HTC-029,299,299,True,YS priority,0.4,0.2,0.2,0.2,1.0,0.8288232610950828,0.807528948626646,0.5956676005621006,0.6539148144284015,0.4813856513901022,2,4,2
HTC-030,302,302,True,YS priority,0.4,0.2,0.2,0.2,1.0,0.8325673270178948,0.7949991303074472,0.6247799957794787,1.0686592638794825,0.4032509032486466,12,15,3
HTC-031,304,304,True,YS priority,0.4,0.2,0.2,0.2,1.0,0.826342195955923,0.7828359096458184,0.6408665135616579,1.076439330548137,0.3999894969142371,14,13,-1
HTC-032,312,312,True,YS priority,0.4,0.2,0.2,0.2,1.0,0.8079050635933825,0.7806423913228144,0.597784832504919,1.2218701508203373,0.3544734400388323,18,20,2
HTC-033,317,317,True,YS priority,0.4,0.2,0.2,0.2,1.0,0.7349108918292716,0.699086151339455,0.665440479878567,1.8594196283865891,0.19498575729799517,31,31,0
HTC-034,70,70,True,YS priority,0.4,0.2,0.2,0.2,1.0,0.7135457265539575,0.7707293735220277,0.6284018433210457,2.3604580048865724,0.09315293301288319,48,49,1
HTC-035,368,368,True,YS priority,0.4,0.2,0.2,0.2,1.0,0.6229386515241316,0.6951613947117825,0.6108030771406358,2.9603205567665967,-0.08169575637318305,73,76,3
HTC-036,227,227,True,YS priority,0.4,0.2,0.2,0.2,1.0,0.44293663106501835,0.5871798019905573,0.3623362151828172,1.4178408735537742,0.0835096811499274,49,53,4
HTC-037,218,218,True,YS priority,0.4,0.2,0.2,0.2,1.0,0.816750666585657,0.863915881718573,0.48062298797158315,1.2169352763588672,0.35222098530052065,19,22,3
HTC-038,39,39,True,YS priority,0.4,0.2,0.2,0.2,1.0,0.3876068110564949,0.5193716737149315,0.5388901015578983,1.1959271849508009,0.12750964248700378,43,34,-9
HTC-039,196,196,True,YS priority,0.4,0.2,0.2,0.2,1.0,0.4496423963275388,0.5989406794173028,0.47103867060576915,0.913541089867301,0.2111446105621697,29,28,-1
HTC-040,209,209,True,YS priority,0.4,0.2,0.2,0.2,1.0,0.8253638129159051,0.8660738356839282,0.4917468671847753,1.0085024649616698,0.4000091727477688,13,18,5
HTC-041,284,284,True,YS priority,0.4,0.2,0.2,0.2,1.0,0.6156377894170287,0.7527428808585825,0.9999999999999551,1.5888574317167297,0.27903220559517317,24,16,-8
HTC-042,280,280,True,YS priority,0.4,0.2,0.2,0.2,1.0,0.6855042208230517,0.7714663501794881,0.8820631457011258,1.5611851660502174,0.2926705542953,23,19,-4
HTC-043,278,278,True,YS priority,0.4,0.2,0.2,0.2,1.0,0.6928718704983505,0.763474433870608,0.8471012760244443,1.3113154839340508,0.3370007933915405,21,11,-10
HTC-044,275,275,True,YS priority,0.4,0.2,0.2,0.2,1.0,0.6902559502524742,0.7350745468092832,0.7956915653075456,1.1928016159762171,0.34369527932911204,20,12,-8
HTC-045,76,76,True,YS priority,0.4,0.2,0.2,0.2,1.0,0.2401511190795987,0.4550748542354768,0.928160091234357,3.143120889382619,-0.2559167411507175,78,78,0
HTC-046,336,336,True,YS priority,0.4,0.2,0.2,0.2,1.0,0.21904936192041016,0.45433754749936456,0.8012976600979257,1.924452179033505,-0.0461436495190789,69,51,-18
HTC-047,338,338,True,YS priority,0.4,0.2,0.2,0.2,1.0,0.4185821646079549,0.5146635697521728,0.5364612096639945,2.9418141551617616,-0.21070500930593689,77,79,2
HTC-048,124,124,True,YS priority,0.4,0.2,0.2,0.2,1.0,0.7322400199221214,0.694881816468174,0.6852783221759449,1.5705303576069654,0.2548219641762793,25,24,-1
HTC-049,353,353,True,YS priority,0.4,0.2,0.2,0.2,1.0,0.6709949324605392,0.7117057866510802,0.6228902044242937,0.8894676413873315,0.35742364292182427,17,17,0
HTC-050,234,234,False,YS priority,0.4,0.2,0.2,0.2,1.0,0.27354161939701155,0.33034507362414584,0.5081859969852337,0.8796307569126239,0.10119671049815573,45,35,-10
HTC-051,140,140,True,YS priority,0.4,0.2,0.2,0.2,1.0,0.6188450254018482,0.6276728435063135,0.5752091162564846,1.4952233557512242,0.18906973096305402,34,32,-2
HTC-052,132,132,True,YS priority,0.4,0.2,0.2,0.2,1.0,0.7640242138512301,0.7212439596818648,0.47696101210918956,0.3933582527738643,0.46657902934393003,6,7,1
HTC-053,137,137,True,YS priority,0.4,0.2,0.2,0.2,1.0,0.7609739743212557,0.7216609105155154,0.48093848637094044,0.38080782801259944,0.4687479035032735,5,6,1
HTC-054,42,42,True,YS priority,0.4,0.2,0.2,0.2,1.0,0.02395451111753906,0.3001876940218534,0.8549449088799391,2.53220675604301,-0.26583302618122784,79,77,-2
HTC-055,19,19,True,YS priority,0.4,0.2,0.2,0.2,1.0,0.4003553770892471,0.6777178609500484,0.7658259549604595,3.8802741496660746,-0.32720391591541453,83,83,0
HTC-056,72,72,False,YS priority,0.4,0.2,0.2,0.2,1.0,0.31165590027405793,0.5175323448771805,0.8708499178351147,2.652515419298649,-0.12816427120764756,74,65,-9
HTC-057,22,22,True,YS priority,0.4,0.2,0.2,0.2,1.0,0.4092734102619079,0.6329564855467876,0.5998568761233757,2.079516245758216,-0.005631212712847389,63,59,-4
HTC-058,57,57,True,YS priority,0.4,0.2,0.2,0.2,1.0,0.18500772374770266,0.19623484773099187,0.6708910956658845,1.9916256853762417,-0.15089685889679202,75,70,-5
HTC-059,56,56,True,YS priority,0.4,0.2,0.2,0.2,1.0,0.18353564441657658,0.19582943936439895,0.6678924387419415,2.00649090516478,-0.15513954764505727,76,71,-5
HTC-060,332,332,True,YS priority,0.4,0.2,0.2,0.2,1.0,0.07669640444856234,0.0,0.6774053420616272,0.704048861463141,0.02534985789912214,58,37,-21
HTC-061,73,73,False,YS priority,0.4,0.2,0.2,0.2,1.0,0.600442120789745,0.6510254459904741,0.5413009096500765,1.1703038311513254,0.24458135321374305,26,26,0
HTC-062,33,33,True,YS priority,0.4,0.2,0.2,0.2,1.0,0.2595796526051096,0.45705693775994743,0.6031764512420974,2.9497845530888402,-0.27407837177531524,80,80,0
HTC-063,30,30,True,YS priority,0.4,0.2,0.2,0.2,1.0,0.35084266621536725,0.44181212290930294,0.33458384652950873,1.2194386473037773,0.0517285309131538,54,56,2
HTC-064,25,25,True,YS priority,0.4,0.2,0.2,0.2,1.0,0.3172854420541814,0.4018395259487931,0.21975795607098297,0.6337180587585415,0.12449006147391947,44,45,1
HTC-065,355,355,True,YS priority,0.4,0.2,0.2,0.2,1.0,0.37809121987480987,0.49733649173306543,0.830910748721468,3.6781163420521654,-0.31873733236960244,82,82,0
HTC-066,340,340,True,YS priority,0.4,0.2,0.2,0.2,1.0,0.24111333371174015,0.2630316268751971,0.3584560965301998,5.024269412531809,-0.7841110043405863,86,86,0
HTC-067,244,244,True,YS priority,0.4,0.2,0.2,0.2,1.0,0.1781840136389091,0.14852468593890017,0.6487396283056175,2.664121427226678,-0.3020978171408685,81,81,0
HTC-068,409,409,True,YS priority,0.4,0.2,0.2,0.2,1.0,0.4360194706600263,0.5024118225562137,0.36318169758911034,1.4359769240850337,0.060331107476068624,51,57,6
HTC-069,245,245,True,YS priority,0.4,0.2,0.2,0.2,1.0,0.2970329435211899,0.4934560643459218,0.669040355059841,2.082983720834389,-0.0652842828772493,70,63,-7
HTC-070,423,423,True,YS priority,0.4,0.2,0.2,0.2,1.0,0.47990550641307167,0.5316970028141046,0.4504739498780354,1.2180933343661355,0.1447777262304296,41,38,-3
HTC-071,248,248,True,YS priority,0.4,0.2,0.2,0.2,1.0,0.023579582914438176,0.08090493815474124,0.6747386537874084,3.7949886231165046,-0.5984371730690957,85,85,0
HTC-072,15,15,True,YS priority,0.4,0.2,0.2,0.2,1.0,0.4350525611450547,0.526043833274987,0.46336097804488136,1.3623512443690746,0.09943173784818066,47,44,-3
HTC-073,11,11,True,YS priority,0.4,0.2,0.2,0.2,1.0,0.45702277594698903,0.5142818601319399,0.4164924506241052,1.0675081939615587,0.15546233373769291,39,36,-3
HTC-074,9,9,True,YS priority,0.4,0.2,0.2,0.2,1.0,0.4441497638181094,0.45319859921519934,0.3122355398671438,0.5041411727151497,0.22991849880068246,28,30,2
HTC-075,55,55,False,YS priority,0.4,0.2,0.2,0.2,1.0,0.08411161057079218,0.13411287287899443,0.7406621958665782,1.4338943835846898,-0.07817921873950656,72,55,-17
HTC-076,417,417,True,YS priority,0.4,0.2,0.2,0.2,1.0,0.34408641957227043,0.32750216725842257,0.6792881720952217,1.4897630856072688,0.04104001857818329,57,43,-14
HTC-077,420,420,True,YS priority,0.4,0.2,0.2,0.2,1.0,0.3526277028570632,0.38711561987466364,0.8036615325533165,1.2090416823960841,0.1373981751492045,42,27,-15
HTC-078,370,370,True,YS priority,0.4,0.2,0.2,0.2,1.0,0.4098857623690438,0.39240778359999795,0.02204019304995992,0.32367606464602056,0.182108687348405,36,46,10
HTC-079,373,373,True,YS priority,0.4,0.2,0.2,0.2,1.0,0.4144394154243227,0.3922086291299246,0.029902221593636456,0.7517329613720175,0.09985134404003781,46,62,16
HTC-080,383,383,True,YS priority,0.4,0.2,0.2,0.2,1.0,0.45328334368692974,0.43345290594617564,0.0,0.5845963972079757,0.1510846392224119,40,54,14
HTC-081,379,379,True,YS priority,0.4,0.2,0.2,0.2,1.0,0.35203768690841375,0.36072360955037924,0.01929431401336931,0.7763224673373507,0.06155416600864505,50,64,14
HTC-082,390,390,True,YS priority,0.4,0.2,0.2,0.2,1.0,0.43934395167146,0.4140482686106755,0.013199098020110663,0.4629406490590162,0.16859892418293804,38,47,9
HTC-083,396,396,True,YS priority,0.4,0.2,0.2,0.2,1.0,0.3006592589716785,0.35315264803178265,0.034649123200864614,0.8706954862529642,0.023684960584608006,59,68,9
HTC-084,398,398,True,YS priority,0.4,0.2,0.2,0.2,1.0,0.2949014151357516,0.32732774505306556,0.03561245265044976,1.0537165487830062,-0.020194704161597576,66,75,9
HTC-085,400,400,True,YS priority,0.4,0.2,0.2,0.2,1.0,0.3412605235777724,0.4000883990564698,0.022903576789703256,1.0833826311211576,0.004426078376112086,62,72,10
HTC-086,401,401,True,YS priority,0.4,0.2,0.2,0.2,1.0,0.32247102551835855,0.43806296142583073,0.026616902404180603,1.1709317343228,-0.01226196389121434,65,74,9
HTC-087,46,46,False,YS priority,0.4,0.2,0.2,0.2,1.0,0.2676937945859571,0.2847272870303996,0.3859079861745652,1.4332767122841987,-0.04545076998146397,68,67,-1
HTC-001,192,192,True,UTS priority,0.2,0.4,0.2,0.2,1.0,0.7862321418270019,0.7557520656209271,0.4800997483420877,0.641463190927375,0.42727456609671377,9,10,1
HTC-002,165,165,True,UTS priority,0.2,0.4,0.2,0.2,1.0,0.29331285336698143,0.5465670605767088,0.7163003203530487,1.8834171254459007,0.04386603388550936,59,48,-11
HTC-003,113,113,True,UTS priority,0.2,0.4,0.2,0.2,1.0,0.9999999999999974,0.9999999999999973,0.29217284474435806,1.2235429877849155,0.41372597139188705,11,23,12
HTC-004,93,93,True,UTS priority,0.2,0.4,0.2,0.2,1.0,0.3748840023716718,0.557097896638455,0.14381445786918642,1.396105094791049,0.04735783174534386,58,69,11
HTC-005,77,77,True,UTS priority,0.2,0.4,0.2,0.2,1.0,0.49104166008341915,0.662583302388458,0.10951201155695277,0.793445452280816,0.22645496482729438,31,42,11
HTC-006,78,78,True,UTS priority,0.2,0.4,0.2,0.2,1.0,0.4902937786194948,0.6607568671328211,0.11263312500280243,0.7969175814140611,0.22550461129477561,32,41,9
HTC-007,79,79,True,UTS priority,0.2,0.4,0.2,0.2,1.0,0.4495795723905804,0.6235358705703312,0.13094336911768734,0.4798796559428002,0.269543005341226,25,33,8
HTC-008,82,82,True,UTS priority,0.2,0.4,0.2,0.2,1.0,0.4775191860690122,0.646877674304589,0.1253029267296098,0.6872076012823739,0.24187397202508523,28,39,11
HTC-009,101,101,True,UTS priority,0.2,0.4,0.2,0.2,1.0,0.3551874571136435,0.5293322104186733,0.23939032452866035,1.2197115560275815,0.0867061292904138,51,60,9
HTC-010,204,204,True,UTS priority,0.2,0.4,0.2,0.2,1.0,0.2680056254237273,0.4138648085179763,0.4436490618391234,5.594247766541408,-0.810972692448521,87,87,0
HTC-011,153,153,False,UTS priority,0.2,0.4,0.2,0.2,1.0,0.0,0.20034172579901716,0.7772532379532352,3.8463569147083168,-0.5336840450314095,84,84,0
HTC-012,90,90,True,UTS priority,0.2,0.4,0.2,0.2,1.0,0.3627895648683619,0.48365261701949136,0.08603443702116813,0.39556639946084343,0.2041125672935339,34,40,6
HTC-013,0,0,True,UTS priority,0.2,0.4,0.2,0.2,1.0,0.32676000778329295,0.4424336789258449,0.33714716221813734,1.2273742755136612,0.06428005046789176,55,58,3
HTC-014,75,75,True,UTS priority,0.2,0.4,0.2,0.2,1.0,0.8697463865843483,0.8885828703737416,0.520650875751469,1.6169625655416564,0.31012008750832887,22,25,3
HTC-015,116,116,True,UTS priority,0.2,0.4,0.2,0.2,1.0,0.8432892672154388,0.8797237791741401,0.5560269089855746,1.0239191400255583,0.4269689189047472,10,14,4
HTC-016,117,117,True,UTS priority,0.2,0.4,0.2,0.2,1.0,0.8904802255926808,0.9102795555911528,0.5121907032502013,1.3886185144518874,0.36692230511466006,16,21,5
HTC-017,180,180,True,UTS priority,0.2,0.4,0.2,0.2,1.0,0.42689826363396394,0.5925674429717638,0.43878887676618883,2.2122565095983986,-0.0322868966509437,70,73,3
HTC-018,439;446,439,True,UTS priority,0.2,0.4,0.2,0.2,1.0,0.1995133271805282,0.3577706120505118,0.320422565249201,0.13859200672938635,0.2193770219602733,33,29,-4
HTC-019,426;433;447,426,True,UTS priority,0.2,0.4,0.2,0.2,1.0,0.21479419142646963,0.3735238037008226,0.26428804852326404,0.7771905643636922,0.08978785659753732,50,52,2
HTC-020,428;442,428,True,UTS priority,0.2,0.4,0.2,0.2,1.0,0.22312213089071728,0.38059944552716896,0.25285964750308704,0.985986897869147,0.05023875431579908,57,61,4
HTC-021,443,443,True,UTS priority,0.2,0.4,0.2,0.2,1.0,0.18525244623190096,0.33523944267404676,0.29682075193550256,1.22071066644909,-0.013631716586718634,67,66,-1
HTC-022,437,437,True,UTS priority,0.2,0.4,0.2,0.2,1.0,0.19202391363352495,0.33056515162179895,0.313400131553534,0.7801712202171404,0.07727662564270332,52,50,-2
HTC-023,287,287,True,UTS priority,0.2,0.4,0.2,0.2,1.0,0.6701957758133418,0.7769227284237366,0.6748477088131491,0.904784928164421,0.39882080266190867,13,9,-4
HTC-024,289,289,True,UTS priority,0.2,0.4,0.2,0.2,1.0,0.7293006658398965,0.8076521294523163,0.629546033638158,0.6402147682150584,0.46678723803352584,5,5,0
HTC-025,290,290,True,UTS priority,0.2,0.4,0.2,0.2,1.0,0.7526526551139917,0.8169548949128209,0.6315094871207356,0.6016539032975711,0.4832836057525597,2,2,0
HTC-026,291,291,True,UTS priority,0.2,0.4,0.2,0.2,1.0,0.7757328874440838,0.8322315016394674,0.6255858173605405,0.5060720065771306,0.5119419403012857,1,1,0
HTC-027,297,297,True,UTS priority,0.2,0.4,0.2,0.2,1.0,0.8179954300833711,0.8345023295625219,0.6240740460122846,0.7129239483192675,0.47963003738028637,3,3,0
HTC-028,298,298,True,UTS priority,0.2,0.4,0.2,0.2,1.0,0.7978558302784157,0.7924218793610969,0.6192510708368346,0.8060508445660558,0.43917996305427776,8,8,0
HTC-029,299,299,True,UTS priority,0.2,0.4,0.2,0.2,1.0,0.8288232610950828,0.807528948626646,0.5956676005621006,0.6539148144284015,0.47712678889641474,4,4,0
HTC-030,302,302,True,UTS priority,0.2,0.4,0.2,0.2,1.0,0.8325673270178948,0.7949991303074472,0.6247799957794787,1.0686592638794825,0.3957372639065571,14,15,1
HTC-031,304,304,True,UTS priority,0.2,0.4,0.2,0.2,1.0,0.826342195955923,0.7828359096458184,0.6408665135616579,1.076439330548137,0.3912882396522162,15,13,-2
HTC-032,312,312,True,UTS priority,0.2,0.4,0.2,0.2,1.0,0.8079050635933825,0.7806423913228144,0.597784832504919,1.2218701508203373,0.34902090558471865,21,20,-1
HTC-033,317,317,True,UTS priority,0.2,0.4,0.2,0.2,1.0,0.7349108918292716,0.699086151339455,0.665440479878567,1.8594196283865891,0.18782080920003197,36,31,-5
HTC-034,70,70,True,UTS priority,0.2,0.4,0.2,0.2,1.0,0.7135457265539575,0.7707293735220277,0.6284018433210457,2.3604580048865724,0.10458966240649725,48,49,1
HTC-035,368,368,True,UTS priority,0.2,0.4,0.2,0.2,1.0,0.6229386515241316,0.6951613947117825,0.6108030771406358,2.9603205567665967,-0.06725120773565285,72,76,4
HTC-036,227,227,True,UTS priority,0.2,0.4,0.2,0.2,1.0,0.44293663106501835,0.5871798019905573,0.3623362151828172,1.4178408735537742,0.11235831533503521,47,53,6
HTC-037,218,218,True,UTS priority,0.2,0.4,0.2,0.2,1.0,0.816750666585657,0.863915881718573,0.48062298797158315,1.2169352763588672,0.36165402832710386,18,22,4
HTC-038,39,39,True,UTS priority,0.2,0.4,0.2,0.2,1.0,0.3876068110564949,0.5193716737149315,0.5388901015578983,1.1959271849508009,0.1538626150186911,41,34,-7
HTC-039,196,196,True,UTS priority,0.2,0.4,0.2,0.2,1.0,0.4496423963275388,0.5989406794173028,0.47103867060576915,0.913541089867301,0.24100426718012252,29,28,-1
HTC-040,209,209,True,UTS priority,0.2,0.4,0.2,0.2,1.0,0.8253638129159051,0.8660738356839282,0.4917468671847753,1.0085024649616698,0.4081511773013734,12,18,6
HTC-041,284,284,True,UTS priority,0.2,0.4,0.2,0.2,1.0,0.6156377894170287,0.7527428808585825,0.9999999999999551,1.5888574317167297,0.30645322388348384,24,16,-8
HTC-042,280,280,True,UTS priority,0.2,0.4,0.2,0.2,1.0,0.6855042208230517,0.7714663501794881,0.8820631457011258,1.5611851660502174,0.3098629801665873,23,19,-4
HTC-043,278,278,True,UTS priority,0.2,0.4,0.2,0.2,1.0,0.6928718704983505,0.763474433870608,0.8471012760244443,1.3113154839340508,0.35112130606599196,20,11,-9
HTC-044,275,275,True,UTS priority,0.2,0.4,0.2,0.2,1.0,0.6902559502524742,0.7350745468092832,0.7956915653075456,1.1928016159762171,0.3526589986404739,19,12,-7
HTC-045,76,76,True,UTS priority,0.2,0.4,0.2,0.2,1.0,0.2401511190795987,0.4550748542354768,0.928160091234357,3.143120889382619,-0.2129319941195419,79,78,-1
HTC-046,336,336,True,UTS priority,0.2,0.4,0.2,0.2,1.0,0.21904936192041016,0.45433754749936456,0.8012976600979257,1.924452179033505,0.0009139875967120181,66,51,-15
HTC-047,338,338,True,UTS priority,0.2,0.4,0.2,0.2,1.0,0.4185821646079549,0.5146635697521728,0.5364612096639945,2.9418141551617616,-0.19148872827709335,77,79,2
HTC-048,124,124,True,UTS priority,0.2,0.4,0.2,0.2,1.0,0.7322400199221214,0.694881816468174,0.6852783221759449,1.5705303576069654,0.24735032348548985,27,24,-3
HTC-049,353,353,True,UTS priority,0.2,0.4,0.2,0.2,1.0,0.6709949324605392,0.7117057866510802,0.6228902044242937,0.8894676413873315,0.36556581375993247,17,17,0
HTC-050,234,234,False,UTS priority,0.2,0.4,0.2,0.2,1.0,0.27354161939701155,0.33034507362414584,0.5081859969852337,0.8796307569126239,0.11255740134358258,46,35,-11
HTC-051,140,140,True,UTS priority,0.2,0.4,0.2,0.2,1.0,0.6188450254018482,0.6276728435063135,0.5752091162564846,1.4952233557512242,0.1908352945839471,35,32,-3
HTC-052,132,132,True,UTS priority,0.2,0.4,0.2,0.2,1.0,0.7640242138512301,0.7212439596818648,0.47696101210918956,0.3933582527738643,0.458022978510057,7,7,0
HTC-053,137,137,True,UTS priority,0.2,0.4,0.2,0.2,1.0,0.7609739743212557,0.7216609105155154,0.48093848637094044,0.38080782801259944,0.46088529074212553,6,6,0
HTC-054,42,42,True,UTS priority,0.2,0.4,0.2,0.2,1.0,0.02395451111753906,0.3001876940218534,0.8549449088799391,2.53220675604301,-0.21058638960036502,78,77,-1
HTC-055,19,19,True,UTS priority,0.2,0.4,0.2,0.2,1.0,0.4003553770892471,0.6777178609500484,0.7658259549604595,3.8802741496660746,-0.27173141914325427,81,83,2
HTC-056,72,72,False,UTS priority,0.2,0.4,0.2,0.2,1.0,0.31165590027405793,0.5175323448771805,0.8708499178351147,2.652515419298649,-0.08698898228702301,74,65,-9
HTC-057,22,22,True,UTS priority,0.2,0.4,0.2,0.2,1.0,0.4092734102619079,0.6329564855467876,0.5998568761233757,2.079516245758216,0.039105402344128626,60,59,-1
HTC-058,57,57,True,UTS priority,0.2,0.4,0.2,0.2,1.0,0.18500772374770266,0.19623484773099187,0.6708910956658845,1.9916256853762417,-0.14865143410013418,75,70,-5
HTC-059,56,56,True,UTS priority,0.2,0.4,0.2,0.2,1.0,0.18353564441657658,0.19582943936439895,0.6678924387419415,2.00649090516478,-0.1526807886554928,76,71,-5
HTC-060,332,332,True,UTS priority,0.2,0.4,0.2,0.2,1.0,0.07669640444856234,0.0,0.6774053420616272,0.704048861463141,0.010010577009409688,65,37,-28
HTC-061,73,73,False,UTS priority,0.2,0.4,0.2,0.2,1.0,0.600442120789745,0.6510254459904741,0.5413009096500765,1.1703038311513254,0.2546980182538888,26,26,0
HTC-062,33,33,True,UTS priority,0.2,0.4,0.2,0.2,1.0,0.2595796526051096,0.45705693775994743,0.6031764512420974,2.9497845530888402,-0.23458291474434773,80,80,0
HTC-063,30,30,True,UTS priority,0.2,0.4,0.2,0.2,1.0,0.35084266621536725,0.44181212290930294,0.33458384652950873,1.2194386473037773,0.06992242225194092,54,56,2
HTC-064,25,25,True,UTS priority,0.2,0.4,0.2,0.2,1.0,0.3172854420541814,0.4018395259487931,0.21975795607098297,0.6337180587585415,0.14140087825284184,44,45,1
HTC-065,355,355,True,UTS priority,0.2,0.4,0.2,0.2,1.0,0.37809121987480987,0.49733649173306543,0.830910748721468,3.6781163420521654,-0.29488827799795136,82,82,0
HTC-066,340,340,True,UTS priority,0.2,0.4,0.2,0.2,1.0,0.24111333371174015,0.2630316268751971,0.3584560965301998,5.024269412531809,-0.7797273457078949,86,86,0
HTC-067,244,244,True,UTS priority,0.2,0.4,0.2,0.2,1.0,0.1781840136389091,0.14852468593890017,0.6487396283056175,2.664121427226678,-0.3080296826808703,83,81,-2
HTC-068,409,409,True,UTS priority,0.2,0.4,0.2,0.2,1.0,0.4360194706600263,0.5024118225562137,0.36318169758911034,1.4359769240850337,0.07360957785530609,53,57,4
HTC-069,245,245,True,UTS priority,0.2,0.4,0.2,0.2,1.0,0.2970329435211899,0.4934560643459218,0.669040355059841,2.082983720834389,-0.02599965871230292,69,63,-6
HTC-070,423,423,True,UTS priority,0.2,0.4,0.2,0.2,1.0,0.47990550641307167,0.5316970028141046,0.4504739498780354,1.2180933343661355,0.15513602551063618,40,38,-2
HTC-071,248,248,True,UTS priority,0.2,0.4,0.2,0.2,1.0,0.023579582914438176,0.08090493815474124,0.6747386537874084,3.7949886231165046,-0.5869721020210351,85,85,0
HTC-072,15,15,True,UTS priority,0.2,0.4,0.2,0.2,1.0,0.4350525611450547,0.526043833274987,0.46336097804488136,1.3623512443690746,0.1176299922741671,45,44,-1
HTC-073,11,11,True,UTS priority,0.2,0.4,0.2,0.2,1.0,0.45702277594698903,0.5142818601319399,0.4164924506241052,1.0675081939615587,0.16691415057468306,38,36,-2
HTC-074,9,9,True,UTS priority,0.2,0.4,0.2,0.2,1.0,0.4441497638181094,0.45319859921519934,0.3122355398671438,0.5041411727151497,0.23172826588010045,30,30,0
HTC-075,55,55,False,UTS priority,0.2,0.4,0.2,0.2,1.0,0.08411161057079218,0.13411287287899443,0.7406621958665782,1.4338943835846898,-0.06817896627786613,73,55,-18
HTC-076,417,417,True,UTS priority,0.2,0.4,0.2,0.2,1.0,0.34408641957227043,0.32750216725842257,0.6792881720952217,1.4897630856072688,0.03772316811541371,61,43,-18
HTC-077,420,420,True,UTS priority,0.2,0.4,0.2,0.2,1.0,0.3526277028570632,0.38711561987466364,0.8036615325533165,1.2090416823960841,0.14429575855272458,43,27,-16
HTC-078,370,370,True,UTS priority,0.2,0.4,0.2,0.2,1.0,0.4098857623690438,0.39240778359999795,0.02204019304995992,0.32367606464602056,0.17861309159459582,37,46,9
HTC-079,373,373,True,UTS priority,0.2,0.4,0.2,0.2,1.0,0.4144394154243227,0.3922086291299246,0.029902221593636456,0.7517329613720175,0.0954051867811582,49,62,13
HTC-080,383,383,True,UTS priority,0.2,0.4,0.2,0.2,1.0,0.45328334368692974,0.43345290594617564,0.0,0.5845963972079757,0.14711855167426108,42,54,12
HTC-081,379,379,True,UTS priority,0.2,0.4,0.2,0.2,1.0,0.35203768690841375,0.36072360955037924,0.01929431401336931,0.7763224673373507,0.06329135053703816,56,64,8
HTC-082,390,390,True,UTS priority,0.2,0.4,0.2,0.2,1.0,0.43934395167146,0.4140482686106755,0.013199098020110663,0.4629406490590162,0.16353978757078114,39,47,8
HTC-083,396,396,True,UTS priority,0.2,0.4,0.2,0.2,1.0,0.3006592589716785,0.35315264803178265,0.034649123200864614,0.8706954862529642,0.03418363839662883,62,68,6
HTC-084,398,398,True,UTS priority,0.2,0.4,0.2,0.2,1.0,0.2949014151357516,0.32732774505306556,0.03561245265044976,1.0537165487830062,-0.013709438178134747,68,75,7
HTC-085,400,400,True,UTS priority,0.2,0.4,0.2,0.2,1.0,0.3412605235777724,0.4000883990564698,0.022903576789703256,1.0833826311211576,0.016191653471851558,63,72,9
HTC-086,401,401,True,UTS priority,0.2,0.4,0.2,0.2,1.0,0.32247102551835855,0.43806296142583073,0.026616902404180603,1.1709317343228,0.01085642329028011,64,74,10
HTC-087,46,46,False,UTS priority,0.2,0.4,0.2,0.2,1.0,0.2676937945859571,0.2847272870303996,0.3859079861745652,1.4332767122841987,-0.04204407149257544,71,67,-4
HTC-001,192,192,True,Low uncertainty penalty,0.225,0.225,0.45,0.1,1.0,0.7862321418270019,0.7557520656209271,0.4800997483420877,0.641463190927375,0.4988450143369859,20,10,-10
HTC-002,165,165,True,Low uncertainty penalty,0.225,0.225,0.45,0.1,1.0,0.29331285336698143,0.5465670605767088,0.7163003203530487,1.8834171254459007,0.32296641225161216,33,48,15
HTC-003,113,113,True,Low uncertainty penalty,0.225,0.225,0.45,0.1,1.0,0.9999999999999974,0.9999999999999973,0.29217284474435806,1.2235429877849155,0.4591234813564684,25,23,-2
HTC-004,93,93,True,Low uncertainty penalty,0.225,0.225,0.45,0.1,1.0,0.3748840023716718,0.557097896638455,0.14381445786918642,1.396105094791049,0.13480192383930753,75,69,-6
HTC-005,77,77,True,Low uncertainty penalty,0.225,0.225,0.45,0.1,1.0,0.49104166008341915,0.662583302388458,0.10951201155695277,0.793445452280816,0.22950147652871955,54,42,-12
HTC-006,78,78,True,Low uncertainty penalty,0.225,0.225,0.45,0.1,1.0,0.4902937786194948,0.6607568671328211,0.11263312500280243,0.7969175814140611,0.22997954340412607,53,41,-12
HTC-007,79,79,True,Low uncertainty penalty,0.225,0.225,0.45,0.1,1.0,0.4495795723905804,0.6235358705703312,0.13094336911768734,0.4798796559428002,0.2523875251748844,48,33,-15
HTC-008,82,82,True,Low uncertainty penalty,0.225,0.225,0.45,0.1,1.0,0.4775191860690122,0.646877674304589,0.1253029267296098,0.6872076012823739,0.2406548504841473,50,39,-11
HTC-009,101,101,True,Low uncertainty penalty,0.225,0.225,0.45,0.1,1.0,0.3551874571136435,0.5293322104186733,0.23939032452866035,1.2197115560275815,0.18477141562991029,65,60,-5
HTC-010,204,204,True,Low uncertainty penalty,0.225,0.225,0.45,0.1,1.0,0.2680056254237273,0.4138648085179763,0.4436490618391234,5.594247766541408,-0.206361851189652,86,87,1
HTC-011,153,153,False,Low uncertainty penalty,0.225,0.225,0.45,0.1,1.0,0.0,0.20034172579901716,0.7772532379532352,3.8463569147083168,0.010205153912902998,84,84,0
HTC-012,90,90,True,Low uncertainty penalty,0.225,0.225,0.45,0.1,1.0,0.3627895648683619,0.48365261701949136,0.08603443702116813,0.39556639946084343,0.1896083476382083,62,40,-22
HTC-013,0,0,True,Low uncertainty penalty,0.225,0.225,0.45,0.1,1.0,0.32676000778329295,0.4424336789258449,0.33714716221813734,1.2273742755136612,0.20204737495635167,59,58,-1
HTC-014,75,75,True,Low uncertainty penalty,0.225,0.225,0.45,0.1,1.0,0.8697463865843483,0.8885828703737416,0.520650875751469,1.6169625655416564,0.46822072034956563,24,25,1
HTC-015,116,116,True,Low uncertainty penalty,0.225,0.225,0.45,0.1,1.0,0.8432892672154388,0.8797237791741401,0.5560269089855746,1.0239191400255583,0.5354981304786081,14,14,0
HTC-016,117,117,True,Low uncertainty penalty,0.225,0.225,0.45,0.1,1.0,0.8904802255926808,0.9102795555911528,0.5121907032502013,1.3886185144518874,0.4967949157837644,21,21,0
HTC-017,180,180,True,Low uncertainty penalty,0.225,0.225,0.45,0.1,1.0,0.42689826363396394,0.5925674429717638,0.43878887676618883,2.2122565095983986,0.2056091275712339,56,73,17
HTC-018,439;446,439,True,Low uncertainty penalty,0.225,0.225,0.45,0.1,1.0,0.1995133271805282,0.3577706120505118,0.320422565249201,0.13859200672938635,0.2557198400161858,46,29,-17
HTC-019,426;433;447,426,True,Low uncertainty penalty,0.225,0.225,0.45,0.1,1.0,0.21479419142646963,0.3735238037008226,0.26428804852326404,0.7771905643636922,0.17358211430274034,67,52,-15
HTC-020,428;442,428,True,Low uncertainty penalty,0.225,0.225,0.45,0.1,1.0,0.22312213089071728,0.38059944552716896,0.25285964750308704,0.985986897869147,0.15102550628349887,72,61,-11
HTC-021,443,443,True,Low uncertainty penalty,0.225,0.225,0.45,0.1,1.0,0.18525244623190096,0.33523944267404676,0.29682075193550256,1.22071066644909,0.12860894672990536,76,66,-10
HTC-022,437,437,True,Low uncertainty penalty,0.225,0.225,0.45,0.1,1.0,0.19202391363352495,0.33056515162179895,0.313400131553534,0.7801712202171404,0.18059547685982416,66,50,-16
HTC-023,287,287,True,Low uncertainty penalty,0.225,0.225,0.45,0.1,1.0,0.6701957758133418,0.7769227284237366,0.6748477088131491,0.904784928164421,0.5388046396028177,13,9,-4
HTC-024,289,289,True,Low uncertainty penalty,0.225,0.225,0.45,0.1,1.0,0.7293006658398965,0.8076521294523163,0.629546033638158,0.6402147682150584,0.5650886172564132,8,5,-3
HTC-025,290,290,True,Low uncertainty penalty,0.225,0.225,0.45,0.1,1.0,0.7526526551139917,0.8169548949128209,0.6315094871207356,0.6016539032975711,0.5771755776306068,5,2,-3
HTC-026,291,291,True,Low uncertainty penalty,0.225,0.225,0.45,0.1,1.0,0.7757328874440838,0.8322315016394674,0.6255858173605405,0.5060720065771306,0.5926984046983291,2,1,-1
HTC-027,297,297,True,Low uncertainty penalty,0.225,0.225,0.45,0.1,1.0,0.8179954300833711,0.8345023295625219,0.6240740460122846,0.7129239483192675,0.5813529217939272,3,3,0
HTC-028,298,298,True,Low uncertainty penalty,0.225,0.225,0.45,0.1,1.0,0.7978558302784157,0.7924218793610969,0.6192510708368346,0.8060508445660558,0.5558703820888604,10,8,-2
HTC-029,299,299,True,Low uncertainty penalty,0.225,0.225,0.45,0.1,1.0,0.8288232610950828,0.807528948626646,0.5956676005621006,0.6539148144284015,0.5708381859974941,6,4,-2
HTC-030,302,302,True,Low uncertainty penalty,0.225,0.225,0.45,0.1,1.0,0.8325673270178948,0.7949991303074472,0.6247799957794787,1.0686592638794825,0.5404875246110191,12,15,3
HTC-031,304,304,True,Low uncertainty penalty,0.225,0.225,0.45,0.1,1.0,0.826342195955923,0.7828359096458184,0.6408665135616579,1.076439330548137,0.5428110718083242,11,13,2
HTC-032,312,312,True,Low uncertainty penalty,0.225,0.225,0.45,0.1,1.0,0.8079050635933825,0.7806423913228144,0.597784832504919,1.2218701508203373,0.5042393369013242,17,20,3
HTC-033,317,317,True,Low uncertainty penalty,0.225,0.225,0.45,0.1,1.0,0.7349108918292716,0.699086151339455,0.665440479878567,1.8594196283865891,0.4361555878196597,26,31,5
HTC-034,70,70,True,Low uncertainty penalty,0.225,0.225,0.45,0.1,1.0,0.7135457265539575,0.7707293735220277,0.6284018433210457,2.3604580048865724,0.38069692652291004,30,49,19
HTC-035,368,368,True,Low uncertainty penalty,0.225,0.225,0.45,0.1,1.0,0.6229386515241316,0.6951613947117825,0.6108030771406358,2.9603205567665967,0.2754018394397071,43,76,33
HTC-036,227,227,True,Low uncertainty penalty,0.225,0.225,0.45,0.1,1.0,0.44293663106501835,0.5871798019905573,0.3623362151828172,1.4178408735537742,0.25304340691439486,47,53,6
HTC-037,218,218,True,Low uncertainty penalty,0.225,0.225,0.45,0.1,1.0,0.816750666585657,0.863915881718573,0.48062298797158315,1.2169352763588672,0.47273679031977744,22,22,0
HTC-038,39,39,True,Low uncertainty penalty,0.225,0.225,0.45,0.1,1.0,0.3876068110564949,0.5193716737149315,0.5388901015578983,1.1959271849508009,0.3269779862795451,32,34,2
HTC-039,196,196,True,Low uncertainty penalty,0.225,0.225,0.45,0.1,1.0,0.4496423963275388,0.5989406794173028,0.47103867060576915,0.913541089867301,0.35654448482845535,31,28,-3
HTC-040,209,209,True,Low uncertainty penalty,0.225,0.225,0.45,0.1,1.0,0.8253638129159051,0.8660738356839282,0.4917468671847753,1.0085024649616698,0.5010093146719444,19,18,-1
HTC-041,284,284,True,Low uncertainty penalty,0.225,0.225,0.45,0.1,1.0,0.6156377894170287,0.7527428808585825,0.9999999999999551,1.5888574317167297,0.5989999076403194,1,16,15
HTC-042,280,280,True,Low uncertainty penalty,0.225,0.225,0.45,0.1,1.0,0.6855042208230517,0.7714663501794881,0.8820631457011258,1.5611851660502174,0.5686282774360564,7,19,12
HTC-043,278,278,True,Low uncertainty penalty,0.225,0.225,0.45,0.1,1.0,0.6928718704983505,0.763474433870608,0.8471012760244443,1.3113154839340508,0.5777419443006104,4,11,7
HTC-044,275,275,True,Low uncertainty penalty,0.225,0.225,0.45,0.1,1.0,0.6902559502524742,0.7350745468092832,0.7956915653075456,1.1928016159762171,0.5594804046296691,9,12,3
HTC-045,76,76,True,Low uncertainty penalty,0.225,0.225,0.45,0.1,1.0,0.2401511190795987,0.4550748542354768,0.928160091234357,3.143120889382619,0.2597857961130908,45,78,33
HTC-046,336,336,True,Low uncertainty penalty,0.225,0.225,0.45,0.1,1.0,0.21904936192041016,0.45433754749936456,0.8012976600979257,1.924452179033505,0.31965078376016537,34,51,17
HTC-047,338,338,True,Low uncertainty penalty,0.225,0.225,0.45,0.1,1.0,0.4185821646079549,0.5146635697521728,0.5364612096639945,2.9418141551617616,0.15720641906365007,69,79,10
HTC-048,124,124,True,Low uncertainty penalty,0.225,0.225,0.45,0.1,1.0,0.7322400199221214,0.694881816468174,0.6852783221759449,1.5705303576069654,0.4724246224062951,23,24,1
HTC-049,353,353,True,Low uncertainty penalty,0.225,0.225,0.45,0.1,1.0,0.6709949324605392,0.7117057866510802,0.6228902044242937,0.8894676413873315,0.5024614896523134,18,17,-1
HTC-050,234,234,False,Low uncertainty penalty,0.225,0.225,0.45,0.1,1.0,0.27354161939701155,0.33034507362414584,0.5081859969852337,0.8796307569126239,0.2765951288818532,42,35,-7
HTC-051,140,140,True,Low uncertainty penalty,0.225,0.225,0.45,0.1,1.0,0.6188450254018482,0.6276728435063135,0.5752091162564846,1.4952233557512242,0.3897882872446321,29,32,3
HTC-052,132,132,True,Low uncertainty penalty,0.225,0.225,0.45,0.1,1.0,0.7640242138512301,0.7212439596818648,0.47696101210918956,0.3933582527738643,0.5094819692166953,16,7,-9
HTC-053,137,137,True,Low uncertainty penalty,0.225,0.225,0.45,0.1,1.0,0.7609739743212557,0.7216609105155154,0.48093848637094044,0.38080782801259944,0.5119343851539369,15,6,-9
HTC-054,42,42,True,Low uncertainty penalty,0.225,0.225,0.45,0.1,1.0,0.02395451111753906,0.3001876940218534,0.8549449088799391,2.53220675604301,0.20443652954803493,57,77,20
HTC-055,19,19,True,Low uncertainty penalty,0.225,0.225,0.45,0.1,1.0,0.4003553770892471,0.6777178609500484,0.7658259549604595,3.8802741496660746,0.19916074332444084,60,83,23
HTC-056,72,72,False,Low uncertainty penalty,0.225,0.225,0.45,0.1,1.0,0.31165590027405793,0.5175323448771805,0.8708499178351147,2.652515419298649,0.31319827625496544,35,65,30
HTC-057,22,22,True,Low uncertainty penalty,0.225,0.225,0.45,0.1,1.0,0.4092734102619079,0.6329564855467876,0.5998568761233757,2.079516245758216,0.2964856962366539,39,59,20
HTC-058,57,57,True,Low uncertainty penalty,0.225,0.225,0.45,0.1,1.0,0.18500772374770266,0.19623484773099187,0.6708910956658845,1.9916256853762417,0.18851800309473007,63,70,7
HTC-059,56,56,True,Low uncertainty penalty,0.225,0.225,0.45,0.1,1.0,0.18353564441657658,0.19582943936439895,0.6678924387419415,2.00649090516478,0.18525965076811518,64,71,7
HTC-060,332,332,True,Low uncertainty penalty,0.225,0.225,0.45,0.1,1.0,0.07669640444856234,0.0,0.6774053420616272,0.704048861463141,0.25168420878234465,49,37,-12
HTC-061,73,73,False,Low uncertainty penalty,0.225,0.225,0.45,0.1,1.0,0.600442120789745,0.6510254459904741,0.5413009096500765,1.1703038311513254,0.4081352287529511,27,26,-1
HTC-062,33,33,True,Low uncertainty penalty,0.225,0.225,0.45,0.1,1.0,0.2595796526051096,0.45705693775994743,0.6031764512420974,2.9497845530888402,0.13769418058219768,74,80,6
HTC-063,30,30,True,Low uncertainty penalty,0.225,0.225,0.45,0.1,1.0,0.35084266621536725,0.44181212290930294,0.33458384652950873,1.2194386473037773,0.206966193760952,55,56,1
HTC-064,25,25,True,Low uncertainty penalty,0.225,0.225,0.45,0.1,1.0,0.3172854420541814,0.4018395259487931,0.21975795607098297,0.6337180587585415,0.19732239215675745,61,45,-16
HTC-065,355,355,True,Low uncertainty penalty,0.225,0.225,0.45,0.1,1.0,0.37809121987480987,0.49733649173306543,0.830910748721468,3.6781163420521654,0.203069437831216,58,82,24
HTC-066,340,340,True,Low uncertainty penalty,0.225,0.225,0.45,0.1,1.0,0.24111333371174015,0.2630316268751971,0.3584560965301998,5.024269412531809,-0.2276890816825301,87,86,-1
HTC-067,244,244,True,Low uncertainty penalty,0.225,0.225,0.45,0.1,1.0,0.1781840136389091,0.14852468593890017,0.6487396283056175,2.664121427226678,0.09903014741986715,78,81,3
HTC-068,409,409,True,Low uncertainty penalty,0.225,0.225,0.45,0.1,1.0,0.4360194706600263,0.5024118225562137,0.36318169758911034,1.4359769240850337,0.2309811124802503,52,57,5
HTC-069,245,245,True,Low uncertainty penalty,0.225,0.225,0.45,0.1,1.0,0.2970329435211899,0.4934560643459218,0.669040355059841,2.082983720834389,0.2706298144635897,44,63,19
HTC-070,423,423,True,Low uncertainty penalty,0.225,0.225,0.45,0.1,1.0,0.47990550641307167,0.5316970028141046,0.4504739498780354,1.2180933343661355,0.3085145085846171,36,38,2
HTC-071,248,248,True,Low uncertainty penalty,0.225,0.225,0.45,0.1,1.0,0.023579582914438176,0.08090493815474124,0.6747386537874084,3.7949886231165046,-0.05235745086675131,85,85,0
HTC-072,15,15,True,Low uncertainty penalty,0.225,0.225,0.45,0.1,1.0,0.4350525611450547,0.526043833274987,0.46336097804488136,1.3623512443690746,0.2885240044277986,41,44,3
HTC-073,11,11,True,Low uncertainty penalty,0.225,0.225,0.45,0.1,1.0,0.45702277594698903,0.5142818601319399,0.4164924506241052,1.0675081939615587,0.29921432650245045,38,36,-2
HTC-074,9,9,True,Low uncertainty penalty,0.225,0.225,0.45,0.1,1.0,0.4441497638181094,0.45319859921519934,0.3122355398671438,0.5041411727151497,0.2919952573511942,40,30,-10
HTC-075,55,55,False,Low uncertainty penalty,0.225,0.225,0.45,0.1,1.0,0.08411161057079218,0.13411287287899443,0.7406621958665782,1.4338943835846898,0.2390090585576932,51,55,4
HTC-076,417,417,True,Low uncertainty penalty,0.225,0.225,0.45,0.1,1.0,0.34408641957227043,0.32750216725842257,0.6792881720952217,1.4897630856072688,0.3078108009190288,37,43,6
HTC-077,420,420,True,Low uncertainty penalty,0.225,0.225,0.45,0.1,1.0,0.3526277028570632,0.38711561987466364,0.8036615325533165,1.2090416823960841,0.40718576902402254,28,27,-1
HTC-078,370,370,True,Low uncertainty penalty,0.225,0.225,0.45,0.1,1.0,0.4098857623690438,0.39240778359999795,0.02204019304995992,0.32367606464602056,0.15806652825091427,68,46,-22
HTC-079,373,373,True,Low uncertainty penalty,0.225,0.225,0.45,0.1,1.0,0.4144394154243227,0.3922086291299246,0.029902221593636456,0.7517329613720175,0.11977851360464031,77,62,-15
HTC-080,383,383,True,Low uncertainty penalty,0.225,0.225,0.45,0.1,1.0,0.45328334368692974,0.43345290594617564,0.0,0.5845963972079757,0.14105601644665114,73,54,-19
HTC-081,379,379,True,Low uncertainty penalty,0.225,0.225,0.45,0.1,1.0,0.35203768690841375,0.36072360955037924,0.01929431401336931,0.7763224673373507,0.09142148627550957,79,64,-15
HTC-082,390,390,True,Low uncertainty penalty,0.225,0.225,0.45,0.1,1.0,0.43934395167146,0.4140482686106755,0.013199098020110663,0.4629406490590162,0.15165877876662864,71,47,-24
HTC-083,396,396,True,Low uncertainty penalty,0.225,0.225,0.45,0.1,1.0,0.3006592589716785,0.35315264803178265,0.034649123200864614,0.8706954862529642,0.07563023589087142,80,68,-12
HTC-084,398,398,True,Low uncertainty penalty,0.225,0.225,0.45,0.1,1.0,0.2949014151357516,0.32732774505306556,0.03561245265044976,1.0537165487830062,0.050655509856885605,83,75,-8
HTC-085,400,400,True,Low uncertainty penalty,0.225,0.225,0.45,0.1,1.0,0.3412605235777724,0.4000883990564698,0.022903576789703256,1.0833826311211576,0.06877185403595522,81,72,-9
HTC-086,401,401,True,Low uncertainty penalty,0.225,0.225,0.45,0.1,1.0,0.32247102551835855,0.43806296142583073,0.026616902404180603,1.1709317343228,0.06600457971204388,82,74,-8
HTC-087,46,46,False,Low uncertainty penalty,0.225,0.225,0.45,0.1,1.0,0.2676937945859571,0.2847272870303996,0.3859079861745652,1.4332767122841987,0.1546256659138147,70,67,-3
HTC-001,192,192,True,High uncertainty penalty,0.175,0.175,0.35,0.3,1.0,0.7862321418270019,0.7557520656209271,0.4800997483420877,0.641463190927375,0.24544319094490577,9,10,1
HTC-002,165,165,True,High uncertainty penalty,0.175,0.175,0.35,0.3,1.0,0.29331285336698143,0.5465670605767088,0.7163003203530487,1.8834171254459007,-0.16734104057005733,61,48,-13
HTC-003,113,113,True,High uncertainty penalty,0.175,0.175,0.35,0.3,1.0,0.9999999999999974,0.9999999999999973,0.29217284474435806,1.2235429877849155,0.08519759932504972,25,23,-2
HTC-004,93,93,True,High uncertainty penalty,0.175,0.175,0.35,0.3,1.0,0.3748840023716718,0.557097896638455,0.14381445786918642,1.396105094791049,-0.20539963585632726,67,69,2
HTC-005,77,77,True,High uncertainty penalty,0.175,0.175,0.35,0.3,1.0,0.49104166008341915,0.662583302388458,0.10951201155695277,0.793445452280816,0.0021799367932671676,39,42,3
HTC-006,78,78,True,High uncertainty penalty,0.175,0.175,0.35,0.3,1.0,0.4902937786194948,0.6607568671328211,0.11263312500280243,0.7969175814140611,0.0017801823334177846,40,41,1
HTC-007,79,79,True,High uncertainty penalty,0.175,0.175,0.35,0.3,1.0,0.4495795723905804,0.6235358705703312,0.13094336911768734,0.4798796559428002,0.08966148492651002,24,33,9
HTC-008,82,82,True,High uncertainty penalty,0.175,0.175,0.35,0.3,1.0,0.4775191860690122,0.646877674304589,0.1253029267296098,0.6872076012823739,0.03446319453603147,33,39,6
HTC-009,101,101,True,High uncertainty penalty,0.175,0.175,0.35,0.3,1.0,0.3551874571136435,0.5293322104186733,0.23939032452866035,1.2197115560275815,-0.1273359114050879,57,60,3
HTC-010,204,204,True,High uncertainty penalty,0.175,0.175,0.35,0.3,1.0,0.2680056254237273,0.4138648085179763,0.4436490618391234,5.594247766541408,-1.4036698323789312,87,87,0
HTC-011,153,153,False,High uncertainty penalty,0.175,0.175,0.35,0.3,1.0,0.0,0.20034172579901716,0.7772532379532352,3.8463569147083168,-0.8468086391140348,84,84,0
HTC-012,90,90,True,High uncertainty penalty,0.175,0.175,0.35,0.3,1.0,0.3627895648683619,0.48365261701949136,0.08603443702116813,0.39556639946084343,0.05956951494953015,28,40,12
HTC-013,0,0,True,High uncertainty penalty,0.175,0.175,0.35,0.3,1.0,0.32676000778329295,0.4424336789258449,0.33714716221813734,1.2273742755136612,-0.11560188070365118,55,58,3
HTC-014,75,75,True,High uncertainty penalty,0.175,0.175,0.35,0.3,1.0,0.8697463865843483,0.8885828703737416,0.520650875751469,1.6169625655416564,0.004846656818182915,38,25,-13
HTC-015,116,116,True,High uncertainty penalty,0.175,0.175,0.35,0.3,1.0,0.8432892672154388,0.8797237791741401,0.5560269089855746,1.0239191400255583,0.18896095925545991,12,14,2
HTC-016,117,117,True,High uncertainty penalty,0.175,0.175,0.35,0.3,1.0,0.8904802255926808,0.9102795555911528,0.5121907032502013,1.3886185144518874,0.07781415350917509,26,21,-5
HTC-017,180,180,True,High uncertainty penalty,0.175,0.175,0.35,0.3,1.0,0.42689826363396394,0.5925674429717638,0.43878887676618883,2.2122565095983986,-0.33169434735535114,74,73,-1
HTC-018,439;446,439,True,High uncertainty penalty,0.175,0.175,0.35,0.3,1.0,0.1995133271805282,0.3577706120505118,0.320422565249201,0.13859200672938635,0.16809498518383642,16,29,13
HTC-019,426;433;447,426,True,High uncertainty penalty,0.175,0.175,0.35,0.3,1.0,0.21479419142646963,0.3735238037008226,0.26428804852326404,0.7771905643636922,-0.037700703178689066,47,52,5
HTC-020,428;442,428,True,High uncertainty penalty,0.175,0.175,0.35,0.3,1.0,0.22312213089071728,0.38059944552716896,0.25285964750308704,0.985986897869147,-0.10164391686153357,53,61,8
HTC-021,443,443,True,High uncertainty penalty,0.175,0.175,0.35,0.3,1.0,0.18525244623190096,0.33523944267404676,0.29682075193550256,1.22071066644909,-0.17123985619876028,62,66,4
HTC-022,437,437,True,High uncertainty penalty,0.175,0.175,0.35,0.3,1.0,0.19202391363352495,0.33056515162179895,0.313400131553534,0.7801712202171404,-0.03290823360172351,46,50,4
HTC-023,287,287,True,High uncertainty penalty,0.175,0.175,0.35,0.3,1.0,0.6701957758133418,0.7769227284237366,0.6748477088131491,0.904784928164421,0.21800695787676455,10,9,-1
HTC-024,289,289,True,High uncertainty penalty,0.175,0.175,0.35,0.3,1.0,0.7293006658398965,0.8076521294523163,0.629546033638158,0.6402147682150584,0.297243420484975,6,5,-1
HTC-025,290,290,True,High uncertainty penalty,0.175,0.175,0.35,0.3,1.0,0.7526526551139917,0.8169548949128209,0.6315094871207356,0.6016539032975711,0.31521347075767836,2,2,0
HTC-026,291,291,True,High uncertainty penalty,0.175,0.175,0.35,0.3,1.0,0.7757328874440838,0.8322315016394674,0.6255858173605405,0.5060720065771306,0.3485272021926714,1,1,0
HTC-027,297,297,True,High uncertainty penalty,0.175,0.175,0.35,0.3,1.0,0.8179954300833711,0.8345023295625219,0.6240740460122846,0.7129239483192675,0.29373583954655064,7,3,-4
HTC-028,298,298,True,High uncertainty penalty,0.175,0.175,0.35,0.3,1.0,0.7978558302784157,0.7924218793610969,0.6192510708368346,0.8060508445660558,0.25322122060999,8,8,0
HTC-029,299,299,True,High uncertainty penalty,0.175,0.175,0.35,0.3,1.0,0.8288232610950828,0.807528948626646,0.5956676005621006,0.6539148144284015,0.29867085256951725,5,4,-1
HTC-030,302,302,True,High uncertainty penalty,0.175,0.175,0.35,0.3,1.0,0.8325673270178948,0.7949991303074472,0.6247799957794787,1.0686592638794825,0.18289934939090763,14,15,1
HTC-031,304,304,True,High uncertainty penalty,0.175,0.175,0.35,0.3,1.0,0.826342195955923,0.7828359096458184,0.6408665135616579,1.076439330548137,0.1829776490624439,13,13,0
HTC-032,312,312,True,High uncertainty penalty,0.175,0.175,0.35,0.3,1.0,0.8079050635933825,0.7806423913228144,0.597784832504919,1.2218701508203373,0.12065945074095491,19,20,1
HTC-033,317,317,True,High uncertainty penalty,0.175,0.175,0.35,0.3,1.0,0.7349108918292716,0.699086151339455,0.665440479878567,1.8594196283865891,-0.07397223800395114,49,31,-18
HTC-034,70,70,True,High uncertainty penalty,0.175,0.175,0.35,0.3,1.0,0.7135457265539575,0.7707293735220277,0.6284018433210457,2.3604580048865724,-0.22844861379030834,69,49,-20
HTC-035,368,368,True,High uncertainty penalty,0.175,0.175,0.35,0.3,1.0,0.6229386515241316,0.6951613947117825,0.6108030771406358,2.9603205567665967,-0.4436475819394715,77,76,-1
HTC-036,227,227,True,High uncertainty penalty,0.175,0.175,0.35,0.3,1.0,0.44293663106501835,0.5871798019905573,0.3623362151828172,1.4178408735537742,-0.11826421096742051,56,53,-3
HTC-037,218,218,True,High uncertainty penalty,0.175,0.175,0.35,0.3,1.0,0.816750666585657,0.863915881718573,0.48062298797158315,1.2169352763588672,0.09725410883563418,22,22,0
HTC-038,39,39,True,High uncertainty penalty,0.175,0.175,0.35,0.3,1.0,0.3876068110564949,0.5193716737149315,0.5388901015578983,1.1959271849508009,-0.011445385104976225,42,34,-8
HTC-039,196,196,True,High uncertainty penalty,0.175,0.175,0.35,0.3,1.0,0.4496423963275388,0.5989406794173028,0.47103867060576915,0.913541089867301,0.0743032460071762,27,28,1
HTC-040,209,209,True,High uncertainty penalty,0.175,0.175,0.35,0.3,1.0,0.8253638129159051,0.8660738356839282,0.4917468671847753,1.0085024649616698,0.16556225253114126,17,18,1
HTC-041,284,284,True,High uncertainty penalty,0.175,0.175,0.35,0.3,1.0,0.6156377894170287,0.7527428808585825,0.9999999999999551,1.5888574317167297,0.11280938778319738,21,16,-5
HTC-042,280,280,True,High uncertainty penalty,0.175,0.175,0.35,0.3,1.0,0.6855042208230517,0.7714663501794881,0.8820631457011258,1.5611851660502174,0.09533640110577324,23,19,-4
HTC-043,278,278,True,High uncertainty penalty,0.175,0.175,0.35,0.3,1.0,0.6928718704983505,0.763474433870608,0.8471012760244443,1.3113154839340508,0.15795140469290797,18,11,-7
HTC-044,275,275,True,High uncertainty penalty,0.175,0.175,0.35,0.3,1.0,0.6902559502524742,0.7350745468092832,0.7956915653075456,1.1928016159762171,0.17008440005058334,15,12,-3
HTC-045,76,76,True,High uncertainty penalty,0.175,0.175,0.35,0.3,1.0,0.2401511190795987,0.4550748542354768,0.928160091234357,3.143120889382619,-0.49641568955262244,78,78,0
HTC-046,336,336,True,High uncertainty penalty,0.175,0.175,0.35,0.3,1.0,0.21904936192041016,0.45433754749936456,0.8012976600979257,1.924452179033505,-0.1790387635273169,63,51,-12
HTC-047,338,338,True,High uncertainty penalty,0.175,0.175,0.35,0.3,1.0,0.4185821646079549,0.5146635697521728,0.5364612096639945,2.9418141551617616,-0.5314648196531081,80,79,-1
HTC-048,124,124,True,High uncertainty penalty,0.175,0.175,0.35,0.3,1.0,0.7322400199221214,0.694881816468174,0.6852783221759449,1.5705303576069654,0.01843462684779279,35,24,-11
HTC-049,353,353,True,High uncertainty penalty,0.175,0.175,0.35,0.3,1.0,0.6709949324605392,0.7117057866510802,0.6228902044242937,0.8894676413873315,0.1931439049768367,11,17,6
HTC-050,234,234,False,High uncertainty penalty,0.175,0.175,0.35,0.3,1.0,0.27354161939701155,0.33034507362414584,0.5081859969852337,0.8796307569126239,0.01965604314974717,34,35,1
HTC-051,140,140,True,High uncertainty penalty,0.175,0.175,0.35,0.3,1.0,0.6188450254018482,0.6276728435063135,0.5752091162564846,1.4952233557512242,-0.02910318897666936,44,32,-12
HTC-052,132,132,True,High uncertainty penalty,0.175,0.175,0.35,0.3,1.0,0.7640242138512301,0.7212439596818648,0.47696101210918956,0.3933582527738643,0.3088508087743487,4,7,3
HTC-053,137,137,True,High uncertainty penalty,0.175,0.175,0.35,0.3,1.0,0.7609739743212557,0.7216609105155154,0.48093848637094044,0.38080782801259944,0.3135472266724842,3,6,3
HTC-054,42,42,True,High uncertainty penalty,0.175,0.175,0.35,0.3,1.0,0.02395451111753906,0.3001876940218534,0.8549449088799391,2.53220675604301,-0.4037064228055306,76,77,1
HTC-055,19,19,True,High uncertainty penalty,0.175,0.175,0.35,0.3,1.0,0.4003553770892471,0.6777178609500484,0.7658259549604595,3.8802741496660746,-0.7073803440067847,83,83,0
HTC-056,72,72,False,High uncertainty penalty,0.175,0.175,0.35,0.3,1.0,0.31165590027405793,0.5175323448771805,0.8708499178351147,2.652515419298649,-0.3458492116458378,75,65,-10
HTC-057,22,22,True,High uncertainty penalty,0.175,0.175,0.35,0.3,1.0,0.4092734102619079,0.6329564855467876,0.5998568761233757,2.079516245758216,-0.23151473531776157,70,59,-11
HTC-058,57,57,True,High uncertainty penalty,0.175,0.175,0.35,0.3,1.0,0.18500772374770266,0.19623484773099187,0.6708910956658845,1.9916256853762417,-0.29595837212104137,72,70,-2
HTC-059,56,56,True,High uncertainty penalty,0.175,0.175,0.35,0.3,1.0,0.18353564441657658,0.19582943936439895,0.6678924387419415,2.00649090516478,-0.3017960283280837,73,71,-2
HTC-060,332,332,True,High uncertainty penalty,0.175,0.175,0.35,0.3,1.0,0.07669640444856234,0.0,0.6774053420616272,0.704048861463141,0.03929908206112562,32,37,5
HTC-061,73,73,False,High uncertainty penalty,0.175,0.175,0.35,0.3,1.0,0.600442120789745,0.6510254459904741,0.5413009096500765,1.1703038311513254,0.05737099321866751,29,26,-3
HTC-062,33,33,True,High uncertainty penalty,0.175,0.175,0.35,0.3,1.0,0.2595796526051096,0.45705693775994743,0.6031764512420974,2.9497845530888402,-0.548412204678033,81,80,-1
HTC-063,30,30,True,High uncertainty penalty,0.175,0.175,0.35,0.3,1.0,0.35084266621536725,0.44181212290930294,0.33458384652950873,1.2194386473037773,-0.11001265980898783,54,56,2
HTC-064,25,25,True,High uncertainty penalty,0.175,0.175,0.35,0.3,1.0,0.3172854420541814,0.4018395259487931,0.21975795607098297,0.6337180587585415,0.012646736397802144,37,45,8
HTC-065,355,355,True,High uncertainty penalty,0.175,0.175,0.35,0.3,1.0,0.37809121987480987,0.49733649173306543,0.830910748721468,3.6781163420521654,-0.6594162910317576,82,82,0
HTC-066,340,340,True,High uncertainty penalty,0.175,0.175,0.35,0.3,1.0,0.24111333371174015,0.2630316268751971,0.3584560965301998,5.024269412531809,-1.2935958218712589,86,86,0
HTC-067,244,244,True,High uncertainty penalty,0.175,0.175,0.35,0.3,1.0,0.1781840136389091,0.14852468593890017,0.6487396283056175,2.664121427226678,-0.5150035358349208,79,81,2
HTC-068,409,409,True,High uncertainty penalty,0.175,0.175,0.35,0.3,1.0,0.4360194706600263,0.5024118225562137,0.36318169758911034,1.4359769240850337,-0.1394540067564795,60,57,-3
HTC-069,245,245,True,High uncertainty penalty,0.175,0.175,0.35,0.3,1.0,0.2970329435211899,0.4934560643459218,0.669040355059841,2.082983720834389,-0.2523954156026278,71,63,-8
HTC-070,423,423,True,High uncertainty penalty,0.175,0.175,0.35,0.3,1.0,0.47990550641307167,0.5316970028141046,0.4504739498780354,1.2180933343661355,-0.03073167873777244,45,38,-7
HTC-071,248,248,True,High uncertainty penalty,0.175,0.175,0.35,0.3,1.0,0.023579582914438176,0.08090493815474124,0.6747386537874084,3.7949886231165046,-0.884053266922252,85,85,0
HTC-072,15,15,True,High uncertainty penalty,0.175,0.175,0.35,0.3,1.0,0.4350525611450547,0.526043833274987,0.46336097804488136,1.3623512443690746,-0.07833716197150659,50,44,-6
HTC-073,11,11,True,High uncertainty penalty,0.175,0.175,0.35,0.3,1.0,0.45702277594698903,0.5142818601319399,0.4164924506241052,1.0675081939615587,-0.004501789156218239,41,36,-5
HTC-074,9,9,True,High uncertainty penalty,0.175,0.175,0.35,0.3,1.0,0.4441497638181094,0.45319859921519934,0.3122355398671438,0.5041411727151497,0.11507605066978446,20,30,10
HTC-075,55,55,False,High uncertainty penalty,0.175,0.175,0.35,0.3,1.0,0.08411161057079218,0.13411287287899443,0.7406621958665782,1.4338943835846898,-0.13274726191839187,58,55,-3
HTC-076,417,417,True,High uncertainty penalty,0.175,0.175,0.35,0.3,1.0,0.34408641957227043,0.32750216725842257,0.6792881720952217,1.4897630856072688,-0.09165006275348175,51,43,-8
HTC-077,420,420,True,High uncertainty penalty,0.175,0.175,0.35,0.3,1.0,0.3526277028570632,0.38711561987466364,0.8036615325533165,1.2090416823960841,0.04802411315288774,31,27,-4
HTC-078,370,370,True,High uncertainty penalty,0.175,0.175,0.35,0.3,1.0,0.4098857623690438,0.39240778359999795,0.02204019304995992,0.32367606464602056,0.0510126187182621,30,46,16
HTC-079,373,373,True,High uncertainty penalty,0.175,0.175,0.35,0.3,1.0,0.4144394154243227,0.3922086291299246,0.029902221593636456,0.7517329613720175,-0.07389070305683923,48,62,14
HTC-080,383,383,True,High uncertainty penalty,0.175,0.175,0.35,0.3,1.0,0.45328334368692974,0.43345290594617564,0.0,0.5845963972079757,-0.020200075476599272,43,54,11
HTC-081,379,379,True,High uncertainty penalty,0.175,0.175,0.35,0.3,1.0,0.35203768690841375,0.36072360955037924,0.01929431401336931,0.7763224673373507,-0.10141050341623717,52,64,12
HTC-082,390,390,True,High uncertainty penalty,0.175,0.175,0.35,0.3,1.0,0.43934395167146,0.4140482686106755,0.013199098020110663,0.4629406490590162,0.0150811281387076,36,47,11
HTC-083,396,396,True,High uncertainty penalty,0.175,0.175,0.35,0.3,1.0,0.3006592589716785,0.35315264803178265,0.034649123200864614,0.8706954862529642,-0.13466436902998097,59,68,9
HTC-084,398,398,True,High uncertainty penalty,0.175,0.175,0.35,0.3,1.0,0.2949014151357516,0.32732774505306556,0.03561245265044976,1.0537165487830062,-0.19476050317420143,65,75,10
HTC-085,400,400,True,High uncertainty penalty,0.175,0.175,0.35,0.3,1.0,0.3412605235777724,0.4000883990564698,0.022903576789703256,1.0833826311211576,-0.18726247599895873,64,72,8
HTC-086,401,401,True,High uncertainty penalty,0.175,0.175,0.35,0.3,1.0,0.32247102551835855,0.43806296142583073,0.026616902404180603,1.1709317343228,-0.20887015674014367,68,74,6
HTC-087,46,46,False,High uncertainty penalty,0.175,0.175,0.35,0.3,1.0,0.2676937945859571,0.2847272870303996,0.3859079861745652,1.4332767122841987,-0.1982415292412994,66,67,1
