Original_Index,Residual_YS,AbsoluteResidual_YS,NormalizedNonconformity_YS,Residual_UTS,AbsoluteResidual_UTS,NormalizedNonconformity_UTS,Residual_El,AbsoluteResidual_El,NormalizedNonconformity_El
0,-21.513007306547763,21.513007306547763,1.453210571437534,-21.48722971130985,21.48722971130985,2.045681183986849,6.666144758928606,6.666144758928606,6.548557304523339
9,10.4523751458334,10.4523751458334,0.9712897115121581,14.35458770833327,14.35458770833327,3.630120666276612,0.22098388541666658,0.22098388541666658,1.1194430733945537
11,-49.8151220803573,49.8151220803573,3.7745383332967686,-39.2401389285713,39.2401389285713,6.121953630701993,-5.101057308035717,5.101057308035717,5.013594569743418
15,-120.8251479880953,120.8251479880953,7.924338159348674,-68.7834546726192,68.7834546726192,6.6439704176925,-4.144927211309517,4.144927211309517,3.2845926279853224
19,54.37256416666668,54.37256416666668,2.3190174541958095,81.62918166666668,81.62918166666668,1.74933777826796,1.1184820833333333,1.1184820833333333,0.3036203902804364
22,43.72340152083342,43.72340152083342,2.616869134423956,67.91922808333328,67.91922808333328,2.4104344215211135,0.6149951979166914,0.6149951979166914,0.3871091395673868
25,63.363882437500024,63.363882437500024,6.236525447501617,33.193137187499985,33.193137187499985,7.9896868615315,2.2806723749999964,2.2806723749999964,4.898979087467923
30,-1.3673704672611393,1.3673704672611393,0.12037590824164048,-9.247140297618898,9.247140297618898,1.2928401621729317,-4.276764305059547,4.276764305059547,3.13927334899535
33,14.976466874999574,14.976466874999574,0.6737223654555604,26.864221249999446,26.864221249999446,1.8787030133659532,3.74106062499998,3.74106062499998,1.0033292615015488
39,-34.41086060267867,34.41086060267867,2.28732592382524,24.79381082589282,24.79381082589282,2.037219248642591,4.172865491071438,4.172865491071438,4.883334995322053
42,-26.608275625000147,26.608275625000147,0.948096659411519,-22.541650863093707,22.541650863093707,1.4262395491744837,-0.8664019940475853,0.8664019940475853,0.34014896164314173
46,2.6562478035715458,2.6562478035715458,0.43478637036121465,4.430264702381123,4.430264702381123,0.6823231412977486,-1.4198709404761924,1.4198709404761924,0.6834693756942425
55,-85.22390958333344,85.22390958333344,4.599811118957138,-69.3916702083335,69.3916702083335,6.6802627653329445,1.6789368750000122,1.6789368750000122,1.3665255223991906
56,-132.90714807142882,132.90714807142882,6.917559345209611,-155.23102477678583,155.23102477678583,8.07055592139336,-4.700313263392864,4.700313263392864,2.6000354695647836
57,-133.5095070000002,133.5095070000002,7.171548413895931,-155.38762250000025,155.38762250000025,8.241821458819976,-4.767100250000002,4.767100250000002,2.6039768217551176
70,-146.78153687499997,146.78153687499997,4.5476224379374495,-123.29852062500015,123.29852062500015,4.4494241525192,3.179233124999996,3.179233124999996,2.3501614795511725
72,-70.33256999999912,70.33256999999912,2.377930777777238,34.50429125000221,34.50429125000221,1.993734950352583,-6.22064312499996,6.22064312499996,2.3760686814064695
73,-33.50076562500021,33.50076562500021,2.2034945118531373,-32.06029750000016,32.06029750000016,2.358422402645854,0.1191712500000115,0.1191712500000115,0.16559837442433692
75,125.30284374999997,125.30284374999997,4.492501766657506,101.17802499999948,101.17802499999948,4.853222325761886,-4.520905000000008,4.520905000000008,8.560237666173885
76,-118.07358749999867,118.07358749999867,3.2296125670961215,-113.37015624999776,113.37015624999776,5.629231532027468,2.7029275000000297,2.7029275000000297,0.8877524038507132
77,16.264718749999986,16.264718749999986,1.3773582055915032,20.47523124999998,20.47523124999998,2.041829687324237,0.036103124999947056,0.036103124999947056,0.09848318562461338
78,12.57074375000002,12.57074375000002,1.0617885287960545,8.180731249999894,8.180731249999894,0.8175972794218971,0.3665887499999476,0.3665887499999476,0.9831423522611481
79,26.230556250000006,26.230556250000006,4.12758388251865,19.55814375,19.55814375,3.942603340495557,-0.6412225000000245,0.6412225000000245,1.989340638720603
82,1.7979687499999955,1.7979687499999955,0.19508919139549882,1.541868749999935,1.541868749999935,0.18496509678006698,0.3844031249999613,0.3844031249999613,0.989505092365542
90,8.744087916666672,8.744087916666672,1.2133485337788612,5.591066666666563,5.591066666666563,1.1811540762075554,-0.7409972916666718,0.7409972916666718,5.722060103598482
93,-14.204825000000142,14.204825000000142,0.6314644966730091,-6.778756249999901,6.778756249999901,0.31751023777710785,-1.9278912500000502,1.9278912500000502,5.43301217055406
101,-51.14521187500014,51.14521187500014,2.4975621264911805,-51.05366125000012,51.05366125000012,4.7611514053515895,1.0434143750000464,1.0434143750000464,1.4906820628222184
113,8.204475000000684,8.204475000000684,0.4527930962559598,1.940756250000618,1.940756250000618,0.12018852867158195,0.5678262499999089,0.5678262499999089,1.0660681939241912
116,41.12881062500003,41.12881062500003,3.481099045752111,21.60003999999958,21.60003999999958,1.5281002818139513,-6.208810625000016,6.208810625000016,10.635919857387988
117,-10.181218750000198,10.181218750000198,0.5596545987569943,-32.20278750000057,32.20278750000057,1.661468573048816,-3.232477500000016,3.232477500000016,4.833658519643809
124,10.568960624999931,10.568960624999931,1.0779148658812099,5.999233749999803,5.999233749999803,0.9557637355286117,2.3124631249999617,2.3124631249999617,1.069428111498564
132,8.663212499999418,8.663212499999418,2.636542945645646,10.81628749999868,10.81628749999868,6.614619855875849,-0.04783125000002286,0.04783125000002286,0.09652698465624243
137,-6.888662500000635,6.888662500000635,2.0652289145345124,-16.544768750001253,16.544768750001253,10.095562292071632,-0.23641875000001988,0.23641875000001988,0.5043767595564262
140,10.168964999999844,10.168964999999844,0.503044336269724,7.760148749997882,7.760148749997882,0.6377649998679179,-0.2360424999999271,0.2360424999999271,0.20306642361078964
153,-37.806348958333444,37.806348958333444,1.1865903216718336,-46.973992708333355,46.973992708333355,1.122485108305445,4.163970208333321,4.163970208333321,1.2072063274014537
165,-11.826793749998842,11.826793749998842,0.46186107647613994,-8.710993749997783,8.710993749997783,0.6056638647520235,-0.5784681249999792,0.5784681249999792,0.38353065477081333
180,30.51150229166649,30.51150229166649,1.0245376586338277,12.520366666666746,12.520366666666746,0.6361054849130262,-0.397650000000068,0.397650000000068,0.24324211604578697
192,24.475968750000675,24.475968750000675,3.001451225478207,19.486787500001583,19.486787500001583,2.6704259700076722,-1.6177381250000042,1.6177381250000042,3.926524700914564
196,-59.79515062499968,59.79515062499968,4.837271516951107,-98.94143333333352,98.94143333333352,13.20830514864853,9.984072916666612,9.984072916666612,14.130677426506969
204,-113.07135000000002,113.07135000000002,1.312860785892826,-87.05188750000241,87.05188750000241,1.4478046650683198,-0.7058974999999936,0.7058974999999936,0.23420653170132197
209,7.463712499998792,7.463712499998792,0.5757872239818306,-12.227374999999597,12.227374999999597,1.1296037227535698,-0.07714625000000908,0.07714625000000908,0.11415495232388519
218,25.588118749999353,25.588118749999353,1.544142862839721,26.106181250001214,26.106181250001214,1.9403947787295546,-1.2293918750000152,1.2293918750000152,1.6471926878617127
227,139.94877593749987,139.94877593749987,6.154997512012704,90.60145916666642,90.60145916666642,5.3770612664592585,-3.894873385416661,3.894873385416661,6.188383624959421
234,57.26338118750016,57.26338118750016,6.761318330554834,47.80941099702318,47.80941099702318,4.614969495213193,-3.1432834806547714,3.1432834806547714,4.5884146034976565
244,0.28268131696421506,0.28268131696421506,0.008502171415056277,-12.958543757441191,12.958543757441191,0.5408380895548893,0.726263876488094,0.726263876488094,0.3476611738376462
245,-18.349014375000138,18.349014375000138,0.8079862153584869,-13.195726250000178,13.195726250000178,0.805287919229515,-0.7258800000000214,0.7258800000000214,0.3760992878017261
248,32.545140937501486,32.545140937501486,0.5970531607069215,-6.838958124998214,6.838958124998214,0.29335490651003493,-1.8527942187500237,1.8527942187500237,0.5792728791211454
275,57.34838749999875,57.34838749999875,3.890776086179295,23.373924999998394,23.373924999998394,2.050551104187822,-2.2466937500001016,2.2466937500001016,2.4791615465176275
278,108.77798124999805,108.77798124999805,7.582559749058941,46.90385624999692,46.90385624999692,4.517120444057321,-3.991706250000142,3.991706250000142,3.3022205373568587
280,93.19274374999713,93.19274374999713,5.3229245272437025,46.416806249996625,46.416806249996625,3.8740598034523526,-2.6703875000001283,2.6703875000001283,1.8571604025140462
284,-54.118668750000666,54.118668750000666,3.271864743251209,-14.250849999996376,14.250849999996376,1.2434020672716346,5.002887499999925,5.002887499999925,3.1887509589020286
287,-39.44320625000046,39.44320625000046,2.156262723568334,-6.290837500000293,6.290837500000293,1.3165262053577405,-0.5552231249998307,0.5552231249998307,1.041463579869887
289,-8.328287499999703,8.328287499999703,0.55724539373494,5.239268750001088,5.239268750001088,1.2954889651865447,-2.046250624999825,2.046250624999825,8.587824920437908
290,-2.483668750000618,2.483668750000618,0.20708912756717837,7.645875000000956,7.645875000000956,1.510104836092047,-1.1899812499998443,1.1899812499998443,4.568783586430211
291,-0.8278500000012627,0.8278500000012627,0.09107363868815656,7.344956250001246,7.344956250001246,1.4124557110813925,-0.45804749999984296,0.45804749999984296,2.0914903497079047
297,22.178775000003043,22.178775000003043,2.4209974837931267,16.767799999994395,16.767799999994395,2.0812017980102313,-0.1243768750000811,0.1243768750000811,0.27288281454485813
298,-12.2803187499984,12.2803187499984,1.5499393328162467,1.6222812500021746,1.6222812500021746,0.397977446242298,1.8830418750000977,1.8830418750000977,2.0585518087868397
299,-4.851856249997695,4.851856249997695,0.636000443191104,0.5868500000028689,0.5868500000028689,0.160255181222608,-0.5916999999999177,0.5916999999999177,0.8950744617702947
302,16.216112500001145,16.216112500001145,1.1943132813466477,11.326762500000882,11.326762500000882,1.1303470885006741,0.3599000000000423,0.3599000000000423,0.4480477611467812
304,10.963368750000768,10.963368750000768,0.7005729200287616,8.72506875000056,8.72506875000056,0.7753439011091227,-0.0983837500000071,0.0983837500000071,0.15262753212329921
312,10.107643749999852,10.107643749999852,0.6086901073888239,4.372362499999667,4.372362499999667,0.4021243736926225,-0.9388556249999542,0.9388556249999542,1.0492924408722168
317,-65.62393124999971,65.62393124999971,2.358731758720876,-55.22478125000316,55.22478125000316,2.3835391831767296,1.0542974999998727,1.0542974999998727,1.212513191596308
332,-6.989687499999093,6.989687499999093,0.8145863439565013,-16.687681250000452,16.687681250000452,2.041531575117896,1.187812500000092,1.187812500000092,2.569941588986171
336,-102.43897687499896,102.43897687499896,6.227187809140914,-114.08535562499793,114.08535562499793,11.035645073516514,-0.9915543749998932,0.9915543749998932,0.43535738392161655
338,25.9143600000001,25.9143600000001,0.5085617480935841,-7.387582499999894,7.387582499999894,0.22803266314922693,-3.193037499999967,3.193037499999967,2.5511990494415056
340,7.5326846875001365,7.5326846875001365,0.2302239515734832,19.810681250000187,19.810681250000187,0.3250301484920184,-1.8084542187499633,1.8084542187499633,0.3914565993855002
353,-27.570212499995364,27.570212499995364,2.3055994680746683,-13.699387500004832,13.699387500004832,1.637688581362427,-0.09800999999986892,0.09800999999986892,0.15471304976140304
355,-41.917183687495594,41.917183687495594,3.570984943508752,0.10537500000009459,0.10537500000009459,0.005474903647820755,8.428894031249957,8.428894031249957,1.563053394831381
368,31.293897500000014,31.293897500000014,0.7878966213244532,7.891240625000137,7.891240625000137,0.7560400310718548,-2.428801875000042,2.428801875000042,0.7933781307398184
370,-1.197166333332973,1.197166333332973,0.19655899132660543,3.8363510416664894,3.8363510416664894,0.9881812470676327,0.014301708333336105,0.014301708333336105,0.1497162913750925
373,-32.29047187500214,32.29047187500214,3.989765213017398,11.753278750000561,11.753278750000561,1.1150935225982477,0.5291962500000009,0.5291962500000009,1.1771794627991394
379,32.85363999999839,32.85363999999839,1.9618959600395638,18.19504645833473,18.19504645833473,1.8576438265239161,-0.06454125000000399,0.06454125000000399,0.6940741708996493
383,-32.70498687500003,32.70498687500003,3.3148544008765604,-17.50821249999518,17.50821249999518,2.4470570904148974,0.44518749999998164,0.44518749999998164,1.9966269456609986
390,-17.58113854166811,17.58113854166811,3.2357561201534457,5.977247083334248,5.977247083334248,0.7517144312967906,-0.618786770833343,0.618786770833343,3.5532786133065724
396,57.49713659374726,57.49713659374726,3.9344305750767616,48.66949359375036,48.66949359375036,4.379884127490897,-0.9265281666666723,0.9265281666666723,2.975417673325354
398,-6.146816031253195,6.146816031253195,0.34190281584333515,27.644919218750317,27.644919218750317,1.9148810120328212,0.5520162708333318,0.5520162708333318,1.792837690139974
400,-35.776461416669974,35.776461416669974,3.05582650381809,9.539547708333544,9.539547708333544,0.654659230253077,-0.5049278333333502,0.5049278333333502,0.7432449042282766
401,-12.428002187501932,12.428002187501932,1.0891058379760432,26.871054166666738,26.871054166666738,1.4262176881528035,-1.2476321354166782,1.2476321354166782,1.9819176858379677
409,27.77920310416664,27.77920310416664,1.326412652340457,28.344919032738176,28.344919032738176,1.5753900418976066,-1.5137042232143418,1.5137042232143418,2.1812706096128878
417,61.39721252976193,61.39721252976193,3.396379074824872,47.907544880952344,47.907544880952344,2.534768465080767,3.0458775446428596,3.0458775446428596,3.4046109658899595
420,-27.09778813988089,27.09778813988089,3.106351757400709,15.880563392857198,15.880563392857198,2.1235353493452953,1.2757967485119082,1.2757967485119082,0.8738254959234427
423,50.92151229464281,50.92151229464281,3.8968788867081856,25.43288669642851,25.43288669642851,1.504883851624827,-0.8179034538690608,0.8179034538690608,1.1043780508100176
426,-2.7378071666666415,2.7378071666666415,0.4156704808961369,-0.029304536460529107,0.029304536460529107,0.003569521043033571,0.2988847968750097,0.2988847968750097,0.4253118075994021
428,-28.055509854166985,28.055509854166985,2.4681813029907382,-33.58242376041363,33.58242376041363,2.66365444493667,0.5534215729167089,0.5534215729167089,0.8963777180474604
433,2.122192833333372,2.122192833333372,0.3222041808956327,5.21069546353948,5.21069546353948,0.6347033378601996,0.2988847968750097,0.2988847968750097,0.4253118075994021
437,-16.450455958331702,16.450455958331702,2.0129335143382754,-15.245598875002145,15.245598875002145,1.5572605096268468,0.20504574999987568,0.20504574999987568,0.3791145364279332
439,2.014957083334707,2.014957083334707,3.6026103422655984,4.575705416667063,4.575705416667063,3.264658035563605,-0.9313600000001347,0.9313600000001347,5.8097764952117075
442,-6.895509854167017,6.895509854167017,0.6066319444954089,-15.392423760413635,15.392423760413635,1.220879655985545,0.5534215729167089,0.5534215729167089,0.8963777180474604
443,-3.7596447916681655,3.7596447916681655,0.22207918354454165,-10.001144583333598,10.001144583333598,0.6023618445733003,-0.42569333333342385,0.42569333333342385,0.7554504246485523
446,-9.405042916665252,9.405042916665252,16.81559630290237,-7.714294583332958,7.714294583332958,5.503967477549529,0.04863999999986568,0.04863999999986568,0.30341385578753244
447,-8.727807166666594,8.727807166666594,1.325108592857588,-2.8193045364604927,2.8193045364604927,0.34341327606975003,0.2988847968750097,0.2988847968750097,0.4253118075994021
