Si,Fe,Cu,Mn,Mg,Cr,Zn,V,Ti,Zr,Li,Ni,Be,Sc,Tsol,Tage,tage,YS,UTS,El,Original_Index,Data_Split
0.0,0.0,1.6,0.0,0.95,0.0,0.0,0.0,0.0,0.08,1.7,0.0,0.0,0.0,530.0,150.0,24.0,315.0,415.0,16.0,0,Final_Test
0.8,0.0,4.5,0.8,0.5,0.0,0.0,0.0,0.0,0.0,0.0,0.0,0.0,0.0,505.0,177.0,18.0,425.0,509.0,10.0,1,Proper_Training
0.85,0.7,4.45,0.8,0.5,0.1,0.25,0.0,0.15,0.05,0.0,0.0,0.0,0.0,500.0,175.0,8.0,420.0,470.0,10.0,2,Calibration
0.85,0.7,4.45,0.8,0.5,0.1,0.25,0.0,0.15,0.05,0.0,0.0,0.0,0.0,500.0,150.0,30.0,420.0,475.0,10.0,3,Proper_Training
0.83,0.29,3.91,0.55,0.47,0.01,0.06,0.0,0.07,0.0,0.0,0.0,0.0,0.0,500.0,160.0,24.0,420.0,470.0,6.5,4,Proper_Training
0.8,0.0,4.4,0.8,0.4,0.0,0.0,0.0,0.0,0.0,0.0,0.0,0.0,0.0,505.0,172.5,12.5,415.0,485.0,13.0,5,Proper_Training
0.8,0.0,4.5,0.8,0.5,0.0,0.0,0.0,0.0,0.0,0.0,0.0,0.0,0.0,505.0,172.5,12.5,415.0,485.0,13.0,6,Proper_Training
0.85,0.7,4.45,0.8,0.5,0.1,0.25,0.0,0.15,0.05,0.0,0.0,0.0,0.0,500.0,135.0,120.0,410.0,475.0,15.0,7,Proper_Training
0.85,0.7,4.45,0.8,0.5,0.1,0.25,0.0,0.15,0.05,0.0,0.0,0.0,0.0,500.0,205.0,2.0,395.0,440.0,9.0,8,Proper_Training
0.85,0.7,4.45,0.8,0.5,0.1,0.25,0.0,0.15,0.05,0.0,0.0,0.0,0.0,500.0,190.0,3.0,395.0,455.0,9.0,9,Final_Test
0.85,0.7,4.45,0.8,0.5,0.1,0.25,0.0,0.15,0.05,0.0,0.0,0.0,0.0,500.0,230.0,0.5,370.0,440.0,9.0,10,Proper_Training
0.81,0.27,4.27,0.74,0.52,0.02,0.09,0.0,0.02,0.0,0.0,0.0,0.0,0.0,500.0,170.0,12.0,340.0,425.0,6.0,11,Final_Test
0.85,0.7,4.45,0.8,0.5,0.1,0.25,0.0,0.15,0.05,0.0,0.0,0.0,0.0,500.0,260.0,0.1,330.0,420.0,9.0,12,Proper_Training
0.8,0.0,4.5,0.8,0.5,0.0,0.0,0.0,0.0,0.0,0.0,0.0,0.0,0.0,505.0,25.0,48.0,290.0,430.0,20.0,13,Proper_Training
0.14,0.01,3.87,0.01,0.6,0.0,0.001,0.0,0.0,0.0,0.0,0.0,0.0,0.0,500.0,160.0,24.0,270.0,408.0,20.0,14,Proper_Training
0.81,0.27,4.27,0.74,0.52,0.02,0.09,0.0,0.02,0.0,0.0,0.0,0.0,0.0,500.0,140.0,96.0,260.0,400.0,8.0,15,Final_Test
0.5,0.5,4.35,0.6,1.5,0.1,0.25,0.0,0.15,0.05,0.0,0.0,0.0,0.0,495.0,150.0,1000.0,457.0,488.0,7.0,16,Calibration
0.3,0.4,4.37,0.6,1.29,0.05,0.075,0.0,0.009,0.0,0.0,0.0,0.0,0.0,497.0,190.0,16.0,450.0,525.0,16.0,17,Proper_Training
0.5,0.5,4.35,0.6,1.5,0.1,0.25,0.0,0.15,0.05,0.0,0.0,0.0,0.0,495.0,205.0,3.0,433.0,480.0,8.0,18,Calibration
0.2,0.5,4.1,0.6,1.2,0.1,0.1,0.0,0.0,0.0,0.0,0.0,0.0,0.0,500.0,100.0,20.0,421.0,609.0,20.0,19,Final_Test
0.5,0.5,4.35,0.6,1.5,0.1,0.25,0.0,0.15,0.05,0.0,0.0,0.0,0.0,495.0,130.0,1000.0,418.0,505.0,13.0,20,Proper_Training
0.5,0.5,4.35,0.6,1.5,0.1,0.25,0.0,0.15,0.05,0.0,0.0,0.0,0.0,495.0,175.0,24.0,417.0,505.0,10.0,21,Proper_Training
0.29,0.42,4.2,0.63,1.26,0.0,0.0,0.0,0.0,0.0,0.0,0.0,0.0,0.0,500.0,100.0,25.0,414.0,578.0,15.8,22,Final_Test
0.2,0.5,4.1,0.6,1.2,0.1,0.1,0.0,0.0,0.0,0.0,0.0,0.0,0.0,500.0,100.0,30.0,410.0,589.0,19.0,23,Proper_Training
0.5,0.5,4.35,0.6,1.5,0.1,0.25,0.0,0.15,0.05,0.0,0.0,0.0,0.0,495.0,160.0,90.0,403.0,502.0,10.0,24,Proper_Training
0.5,0.5,4.35,0.6,1.5,0.1,0.25,0.0,0.15,0.05,0.0,0.0,0.0,0.0,495.0,260.0,0.5,396.0,454.0,9.0,25,Final_Test
0.29,0.42,4.2,0.63,1.26,0.0,0.0,0.0,0.0,0.0,0.0,0.0,0.0,0.0,500.0,25.0,72.0,385.0,552.0,11.8,26,Proper_Training
0.04,0.1,3.49,1.31,2.15,0.002,0.0,0.0,0.0,0.0,0.0,0.0,0.0,0.0,496.0,190.0,8.0,378.0,479.0,7.8,27,Proper_Training
0.08,0.16,4.35,0.6,1.5,0.0,0.0,0.0,0.0,0.0,0.0,0.0,0.0,0.0,495.0,25.0,0.0,360.0,450.0,19.0,28,Proper_Training
0.3,0.4,4.37,0.6,1.29,0.05,0.075,0.0,0.009,0.0,0.0,0.0,0.0,0.0,495.0,190.0,12.0,350.0,500.0,11.5,29,Proper_Training
0.5,0.5,4.35,0.6,1.5,0.1,0.25,0.0,0.15,0.0,0.0,0.0,0.0,0.0,495.0,190.0,9.0,345.0,427.0,5.0,30,Final_Test
0.2,0.5,4.1,0.6,1.2,0.1,0.1,0.0,0.0,0.0,0.0,0.0,0.0,0.0,500.0,25.0,0.0,330.0,532.0,28.0,31,Calibration
0.2,0.5,4.1,0.6,1.2,0.1,0.1,0.0,0.0,0.0,0.0,0.0,0.0,0.0,500.0,100.0,10.0,329.0,528.0,24.0,32,Proper_Training
0.5,0.5,4.35,0.6,1.5,0.1,0.25,0.0,0.0,0.0,0.0,0.0,0.0,0.0,493.0,25.0,0.0,324.0,469.0,19.0,33,Final_Test
0.3,0.4,4.37,0.6,1.29,0.05,0.075,0.0,0.009,0.0,0.0,0.0,0.0,0.0,495.0,25.0,720.0,310.0,460.0,16.5,34,Calibration
0.5,0.5,4.35,0.6,1.5,0.1,0.25,0.0,0.15,0.0,0.0,0.0,0.0,0.0,495.0,25.0,0.0,288.0,420.0,10.0,35,Proper_Training
0.1,0.2,4.2,0.91,1.4,0.0,0.03,0.0,0.0,0.0,0.0,0.0,0.0,0.0,520.0,25.0,300.0,259.0,510.0,16.1,36,Proper_Training
0.51,0.53,4.23,0.65,1.69,0.0,0.0,0.0,0.0,0.0,0.0,0.0,0.0,0.0,495.0,25.0,168.0,255.0,420.0,12.0,37,Proper_Training
0.1,0.2,4.2,0.91,1.4,0.0,0.03,0.0,0.0,0.0,0.0,0.0,0.0,0.0,540.0,25.0,300.0,237.0,462.0,19.3,38,Calibration
0.04,0.3,4.65,0.9,1.65,0.0,0.01,0.0,0.0,0.0,0.0,0.0,0.0,0.0,490.0,120.0,18.0,327.0,491.0,18.0,39,Final_Test
0.9,1.0,4.0,0.2,1.5,0.1,0.25,0.0,0.0,0.0,0.0,2.0,0.0,0.0,510.0,170.0,10.0,304.0,406.0,13.0,40,Proper_Training
0.9,1.0,4.0,0.2,1.5,0.1,0.25,0.0,0.0,0.0,0.0,2.0,0.0,0.0,510.0,240.0,6.0,255.0,331.0,11.0,41,Proper_Training
0.2,0.3,6.3,0.3,0.02,0.0,0.1,0.1,0.06,0.175,0.0,0.0,0.0,0.0,535.0,25.0,0.0,186.0,359.0,20.0,42,Final_Test
0.05,0.15,5.8,0.28,0.22,0.0,0.0,0.0,0.05,0.2,0.0,0.0,0.0,0.0,530.0,165.0,15.0,445.0,485.0,9.0,43,Proper_Training
0.0,0.93,2.23,0.0,1.21,0.0,0.0,0.0,0.0,0.3,0.0,1.09,0.0,0.3,510.0,200.0,18.0,342.0,392.0,6.0,44,Proper_Training
12.25,1.0,0.9,0.0,1.05,0.1,0.25,0.0,0.0,0.0,0.0,0.9,0.0,0.0,510.0,170.0,10.0,315.0,380.0,9.0,45,Proper_Training
12.25,1.0,0.9,0.0,1.05,0.1,0.25,0.0,0.0,0.0,0.0,0.9,0.0,0.0,510.0,175.0,10.0,315.0,380.0,9.0,46,Final_Test
0.8,0.456,0.321,0.212,0.91,0.021,0.178,0.0,0.0,0.0,0.0,0.0,0.0,0.0,500.0,200.0,2.0,273.9,321.8,13.2,47,Proper_Training
0.6,0.0,0.2,0.0,1.0,0.25,0.0,0.0,0.0,0.0,0.0,0.0,0.0,0.0,525.0,180.0,7.5,280.0,310.0,13.0,48,Proper_Training
0.6,0.0,0.25,0.0,1.0,0.25,0.0,0.0,0.0,0.0,0.0,0.0,0.0,0.0,525.0,181.0,8.5,270.0,315.0,21.8,49,Proper_Training
0.55,0.47,0.28,0.0,0.98,0.19,0.19,0.0,0.0,0.0,0.0,0.0,0.0,0.0,530.0,180.0,6.0,248.0,345.0,11.8,50,Calibration
0.4,0.35,0.1,0.1,0.675,0.1,0.1,0.0,0.1,0.0,0.0,0.0,0.0,0.0,520.0,175.0,8.0,214.0,241.0,17.0,51,Proper_Training
1.35,0.5,0.275,0.7,0.85,0.1,0.25,0.0,0.15,0.0,0.0,0.0,0.0,0.0,545.0,160.0,18.0,352.0,379.0,10.0,52,Proper_Training
1.35,0.5,0.275,0.7,0.85,0.1,0.25,0.0,0.15,0.0,0.0,0.0,0.0,0.0,545.0,25.0,0.0,172.0,317.0,20.0,53,Proper_Training
1.0,0.5,0.1,0.6,0.6,0.0,0.2,0.0,0.2,0.0,0.0,0.0,0.0,0.0,505.0,170.0,6.0,283.0,310.0,14.0,54,Proper_Training
1.0,0.5,0.1,0.6,0.6,0.0,0.2,0.0,0.2,0.0,0.0,0.0,0.0,0.0,505.0,25.0,0.0,152.0,248.0,20.0,55,Final_Test
0.4,0.15,0.2,0.05,0.675,0.0,0.05,0.0,0.0,0.0,0.0,0.0,0.0,0.0,520.0,180.0,6.0,145.0,186.0,12.0,56,Final_Test
0.4,0.15,0.2,0.05,0.675,0.0,0.05,0.0,0.0,0.0,0.0,0.0,0.0,0.0,520.0,175.0,8.0,145.0,186.0,12.0,57,Final_Test
0.02,0.06,1.55,0.0,2.3,0.0,6.3,0.0,0.0,0.14,0.0,0.0,0.0,0.25,465.0,120.0,24.0,537.0,588.0,14.0,58,Calibration
0.02,0.06,1.55,0.0,2.3,0.0,6.3,0.0,0.0,0.14,0.0,0.0,0.0,0.0,465.0,120.0,24.0,500.0,566.0,13.0,59,Calibration
0.12,0.15,2.3,0.1,2.25,0.04,6.2,0.0,0.06,0.115,0.0,0.0,0.0,0.0,475.0,177.0,9.0,397.0,474.0,5.4,60,Proper_Training
0.12,0.15,2.3,0.1,2.25,0.04,6.2,0.0,0.06,0.115,0.0,0.0,0.0,0.0,475.0,177.0,7.0,395.0,473.0,6.1,61,Proper_Training
0.01,0.02,1.42,0.01,2.19,0.19,5.37,0.0,0.01,0.0,0.0,0.0,0.0,0.0,470.0,120.0,24.0,575.0,636.0,15.0,62,Proper_Training
0.01,0.02,1.42,0.01,2.19,0.19,5.37,0.0,0.01,0.0,0.0,0.0,0.0,0.0,470.0,100.0,24.0,538.0,641.0,13.0,63,Proper_Training
0.0,0.0,1.5,0.0,2.65,0.21,5.7,0.0,0.0,0.0,0.0,0.0,0.0,0.0,470.0,120.0,24.0,510.0,554.0,11.7,64,Proper_Training
0.4,0.5,1.6,0.3,2.5,0.23,5.6,0.0,0.2,0.05,0.0,0.0,0.0,0.0,490.0,120.0,24.0,503.0,572.0,11.0,65,Proper_Training
0.2,0.3,1.55,0.15,2.6,0.2,5.5,0.0,0.0,0.0,0.0,0.0,0.0,0.0,490.0,120.0,30.0,502.0,572.0,9.0,66,Proper_Training
0.0,0.0,1.6,0.0,2.5,0.0,5.6,0.0,0.0,0.0,0.0,0.0,0.0,0.0,460.0,135.0,12.0,485.0,560.0,15.0,67,Proper_Training
0.01,0.02,1.42,0.01,2.19,0.19,5.37,0.0,0.01,0.0,0.0,0.0,0.0,0.0,470.0,170.0,24.0,476.0,547.0,17.0,68,Proper_Training
0.2,0.35,1.67,0.3,2.22,0.0,5.95,0.0,0.0,0.0,0.0,0.0,0.0,0.0,500.0,120.0,12.0,400.0,468.0,17.0,69,Proper_Training
0.01,0.02,1.42,0.01,2.19,0.19,5.37,0.0,0.01,0.0,0.0,0.0,0.0,0.0,470.0,175.0,24.0,348.0,440.0,19.0,70,Final_Test
0.3,0.5,1.6,0.3,2.5,0.23,5.6,0.0,0.2,0.0,0.0,0.0,0.0,0.0,480.0,25.0,720.0,320.0,530.0,20.5,71,Calibration
0.2,0.57,1.76,0.15,3.64,0.5,6.04,0.0,0.0,0.0,0.0,0.0,0.0,0.0,490.0,25.0,0.0,260.0,500.0,15.0,72,Final_Test
0.4,0.6,0.65,0.55,1.6,0.0,7.5,0.0,0.2,0.0,0.0,0.0,0.0,0.0,493.0,120.0,24.0,415.0,485.0,14.0,73,Final_Test
0.16,0.28,4.52,0.58,1.62,0.0,0.2,0.0,0.1,0.0,0.0,0.1,0.0,0.0,495.0,160.0,3.0,327.0,411.0,17.8,74,Proper_Training
0.0,0.0,2.2,0.0,2.5,0.0,8.6,0.0,0.0,0.0,0.0,0.0,0.0,0.0,480.0,130.0,24.0,684.0,710.0,8.9,75,Final_Test
0.08,0.16,0.34,0.33,1.91,0.0,5.39,0.0,0.0,0.0,0.0,0.0,0.0,0.0,470.0,25.0,0.0,183.0,328.0,25.2,76,Final_Test
0.0,0.0,0.75,0.0,1.76,0.0,2.22,0.0,0.0,0.12,2.59,0.0,0.0,0.0,530.0,170.0,48.0,420.0,542.0,4.3,77,Final_Test
0.0,0.0,0.75,0.0,1.76,0.0,2.22,0.0,0.0,0.12,2.59,0.0,0.0,0.0,530.0,170.0,72.0,416.0,529.0,4.7,78,Final_Test
0.0,0.0,0.75,0.0,1.76,0.0,2.22,0.0,0.0,0.12,2.59,0.0,0.0,0.0,530.0,185.0,16.0,413.0,526.0,4.1,79,Final_Test
0.0,0.0,0.75,0.0,1.76,0.0,2.22,0.0,0.0,0.12,2.59,0.0,0.0,0.0,530.0,170.0,32.0,410.0,527.0,3.9,80,Proper_Training
0.0,0.0,0.75,0.0,1.76,0.0,2.22,0.0,0.0,0.12,2.59,0.0,0.0,0.0,530.0,170.0,24.0,407.0,514.0,3.7,81,Calibration
0.0,0.0,0.75,0.0,1.76,0.0,2.22,0.0,0.0,0.12,2.59,0.0,0.0,0.0,530.0,185.0,48.0,400.0,517.0,5.0,82,Final_Test
0.0,0.0,1.07,0.0,1.07,0.0,3.4,0.0,0.0,0.1,1.8,0.0,0.0,0.0,530.0,185.0,16.0,380.0,489.0,4.7,83,Proper_Training
0.0,0.0,0.75,0.0,1.76,0.0,2.22,0.0,0.0,0.12,2.59,0.0,0.0,0.0,530.0,185.0,2.0,380.0,503.0,5.5,84,Proper_Training
0.0,0.0,1.07,0.0,1.07,0.0,3.4,0.0,0.0,0.1,1.8,0.0,0.0,0.0,530.0,170.0,24.0,378.0,484.0,6.5,85,Proper_Training
0.0,0.0,1.24,0.0,0.7,0.0,0.0,0.0,0.0,0.12,2.49,0.0,0.0,0.0,530.0,170.0,24.0,378.0,463.0,2.7,86,Proper_Training
0.0,0.0,0.75,0.0,1.76,0.0,2.22,0.0,0.0,0.12,2.59,0.0,0.0,0.0,530.0,170.0,8.0,373.0,502.0,3.8,87,Proper_Training
0.0,0.0,1.24,0.0,0.7,0.0,0.0,0.0,0.0,0.12,2.49,0.0,0.0,0.0,530.0,185.0,16.0,372.0,464.0,3.6,88,Proper_Training
0.0,0.0,1.07,0.0,1.07,0.0,3.4,0.0,0.0,0.1,1.8,0.0,0.0,0.0,530.0,185.0,48.0,362.0,475.0,5.6,89,Calibration
0.0,0.0,1.24,0.0,0.7,0.0,0.0,0.0,0.0,0.12,2.49,0.0,0.0,0.0,530.0,185.0,8.0,360.0,458.0,3.0,90,Final_Test
0.0,0.0,1.24,0.0,0.7,0.0,0.0,0.0,0.0,0.12,2.49,0.0,0.0,0.0,530.0,185.0,48.0,357.0,451.0,4.4,91,Calibration
0.0,0.0,1.24,0.0,0.7,0.0,0.0,0.0,0.0,0.12,2.49,0.0,0.0,0.0,530.0,185.0,4.0,347.0,449.0,3.9,92,Proper_Training
0.0,0.0,0.75,0.0,1.76,0.0,2.22,0.0,0.0,0.12,2.59,0.0,0.0,0.0,530.0,170.0,2.0,342.0,474.0,3.1,93,Final_Test
0.0,0.0,1.24,0.0,0.7,0.0,0.0,0.0,0.0,0.12,2.49,0.0,0.0,0.0,530.0,170.0,8.0,340.0,449.0,2.8,94,Proper_Training
0.0,0.0,1.24,0.0,0.7,0.0,0.0,0.0,0.0,0.12,2.49,0.0,0.0,0.0,530.0,185.0,96.0,338.0,432.0,5.4,95,Proper_Training
0.0,0.0,1.24,0.0,0.7,0.0,0.0,0.0,0.0,0.12,2.49,0.0,0.0,0.0,530.0,185.0,2.0,332.0,439.0,4.6,96,Proper_Training
0.0,0.0,0.75,0.0,1.76,0.0,2.22,0.0,0.0,0.12,2.59,0.0,0.0,0.0,530.0,170.0,1.0,325.0,450.0,5.3,97,Proper_Training
0.0,0.0,1.07,0.0,1.07,0.0,3.4,0.0,0.0,0.1,1.8,0.0,0.0,0.0,530.0,185.0,2.0,323.0,459.0,8.2,98,Proper_Training
0.0,0.0,1.24,0.0,0.7,0.0,0.0,0.0,0.0,0.12,2.49,0.0,0.0,0.0,530.0,170.0,4.0,321.0,441.0,3.5,99,Proper_Training
0.0,0.0,1.24,0.0,0.7,0.0,0.0,0.0,0.0,0.12,2.49,0.0,0.0,0.0,530.0,170.0,2.0,314.0,433.0,4.0,100,Proper_Training
0.0,0.0,1.07,0.0,1.07,0.0,3.4,0.0,0.0,0.1,1.8,0.0,0.0,0.0,530.0,170.0,2.0,297.0,419.0,8.2,101,Final_Test
0.0,0.0,0.37,0.28,1.96,0.0,5.45,0.0,0.0,0.11,0.0,0.0,0.0,0.26,470.0,120.0,4.0,524.2,548.7,12.3,102,Proper_Training
0.0,0.0,0.37,0.28,1.96,0.0,5.45,0.0,0.0,0.11,0.0,0.0,0.0,0.26,470.0,120.0,12.0,540.9,568.0,11.4,103,Proper_Training
0.0,0.0,0.37,0.28,1.96,0.0,5.45,0.0,0.0,0.11,0.0,0.0,0.0,0.26,470.0,120.0,24.0,561.0,584.0,11.1,104,Proper_Training
0.0,0.0,0.37,0.28,1.96,0.0,5.45,0.0,0.0,0.11,0.0,0.0,0.0,0.26,470.0,120.0,32.0,556.1,583.3,10.9,105,Proper_Training
0.0,0.0,0.37,0.28,1.96,0.0,5.45,0.0,0.0,0.11,0.0,0.0,0.0,0.26,470.0,120.0,48.0,548.7,577.0,10.8,106,Proper_Training
0.0,0.0,0.22,0.0,2.46,0.0,6.8,0.0,0.0,0.0,0.0,0.0,0.0,0.0,470.0,25.0,0.0,205.3,389.8,27.0,107,Proper_Training
0.0,0.0,0.22,0.0,2.46,0.0,6.8,0.0,0.0,0.0,0.0,0.0,0.0,0.0,470.0,120.0,24.0,509.7,568.5,3.8,108,Calibration
0.0,0.0,0.22,0.0,2.46,0.0,6.8,0.0,0.0,0.0,0.0,0.0,0.0,0.0,470.0,120.0,48.0,438.6,501.2,3.8,109,Calibration
0.0,0.0,0.19,0.0,2.49,0.0,6.72,0.0,0.0,0.16,0.0,0.0,0.0,0.1,470.0,25.0,0.0,288.9,454.8,15.3,110,Proper_Training
0.0,0.0,0.19,0.0,2.49,0.0,6.72,0.0,0.0,0.16,0.0,0.0,0.0,0.1,470.0,120.0,24.0,597.5,629.4,4.54,111,Proper_Training
0.0,0.0,0.19,0.0,2.49,0.0,6.72,0.0,0.0,0.16,0.0,0.0,0.0,0.1,470.0,120.0,48.0,593.3,621.3,4.55,112,Proper_Training
0.0,0.0,0.22,0.0,2.49,0.0,7.11,0.0,0.0,0.4,0.0,0.0,0.0,0.22,470.0,120.0,48.0,620.2,653.8,8.9,113,Final_Test
0.16,0.11,2.42,0.1,2.07,0.0,5.87,0.0,0.05,0.1,0.0,0.0,0.0,0.0,473.0,120.0,24.0,510.0,579.0,15.3,114,Proper_Training
0.0,0.0,2.24,0.0,1.95,0.0,7.82,0.0,0.0,0.16,0.0,0.0,0.0,0.0,470.0,120.0,24.0,577.0,654.0,13.0,115,Proper_Training
0.0,0.0,2.24,0.0,1.95,0.0,7.82,0.0,0.0,0.16,0.0,0.0,0.0,0.0,470.0,150.0,8.0,589.0,627.0,8.0,116,Final_Test
0.0,0.0,2.24,0.0,1.95,0.0,7.82,0.0,0.0,0.16,0.0,0.0,0.0,0.0,470.0,150.0,30.0,557.0,585.0,10.0,117,Final_Test
0.0,0.0,2.24,0.0,1.93,0.0,7.81,0.0,0.0,0.16,0.0,0.0,0.0,0.25,470.0,120.0,24.0,600.0,679.0,14.0,118,Proper_Training
0.0,0.0,2.24,0.0,1.93,0.0,7.81,0.0,0.0,0.16,0.0,0.0,0.0,0.25,470.0,150.0,8.0,611.0,648.0,12.0,119,Calibration
0.0,0.0,2.24,0.0,1.93,0.0,7.81,0.0,0.0,0.16,0.0,0.0,0.0,0.25,470.0,150.0,30.0,602.0,628.0,12.0,120,Proper_Training
0.08,0.16,0.34,0.33,1.91,0.0,5.39,0.0,0.0,0.0,0.0,0.0,0.0,0.0,470.0,120.0,12.0,416.0,463.0,14.5,121,Proper_Training
0.08,0.16,0.34,0.33,1.91,0.0,5.39,0.0,0.0,0.0,0.0,0.0,0.0,0.0,470.0,120.0,36.0,450.0,485.0,15.4,122,Proper_Training
0.11,0.18,0.33,0.32,1.98,0.0,5.41,0.0,0.0,0.1,0.0,0.0,0.0,0.25,470.0,120.0,12.0,493.0,532.0,19.4,123,Proper_Training
0.11,0.18,0.33,0.32,1.98,0.0,5.41,0.0,0.0,0.1,0.0,0.0,0.0,0.25,470.0,120.0,24.0,513.0,540.0,19.4,124,Final_Test
0.11,0.18,0.33,0.32,1.98,0.0,5.41,0.0,0.0,0.1,0.0,0.0,0.0,0.25,470.0,120.0,36.0,509.0,532.0,19.6,125,Proper_Training
0.0,0.0,0.39,0.28,2.02,0.0,5.48,0.0,0.0,0.11,0.0,0.0,0.0,0.26,460.0,120.0,24.0,553.8,567.4,11.6,126,Proper_Training
0.0,0.0,0.39,0.28,2.02,0.0,5.48,0.0,0.0,0.11,0.0,0.0,0.0,0.26,470.0,120.0,24.0,560.6,580.9,11.1,127,Proper_Training
0.0,0.0,0.39,0.28,2.02,0.0,5.48,0.0,0.0,0.11,0.0,0.0,0.0,0.26,480.0,120.0,24.0,557.2,578.0,11.0,128,Calibration
0.0,0.0,0.39,0.28,2.02,0.0,5.48,0.0,0.0,0.11,0.0,0.0,0.0,0.26,490.0,120.0,24.0,530.5,550.8,10.8,129,Calibration
0.18,0.11,0.33,0.32,1.98,0.0,5.7,0.0,0.0,0.1,0.0,0.0,0.0,0.25,450.0,120.0,24.0,511.5,544.6,12.3,130,Proper_Training
0.18,0.11,0.33,0.32,1.98,0.0,5.7,0.0,0.0,0.1,0.0,0.0,0.0,0.25,460.0,120.0,24.0,516.3,544.9,12.2,131,Calibration
0.18,0.11,0.33,0.32,1.98,0.0,5.7,0.0,0.0,0.1,0.0,0.0,0.0,0.25,470.0,120.0,24.0,524.1,555.0,12.4,132,Final_Test
0.18,0.11,0.33,0.32,1.98,0.0,5.7,0.0,0.0,0.1,0.0,0.0,0.0,0.25,480.0,120.0,24.0,512.8,543.0,13.3,133,Proper_Training
0.18,0.11,0.33,0.32,1.98,0.0,5.7,0.0,0.0,0.1,0.0,0.0,0.0,0.25,490.0,120.0,24.0,511.9,539.7,11.9,134,Proper_Training
0.18,0.11,0.33,0.32,1.98,0.0,5.7,0.0,0.0,0.1,0.0,0.0,0.0,0.25,470.0,100.0,24.0,458.4,530.8,16.9,135,Proper_Training
0.18,0.11,0.33,0.32,1.98,0.0,5.7,0.0,0.0,0.1,0.0,0.0,0.0,0.25,470.0,110.0,24.0,512.8,544.0,15.0,136,Calibration
0.18,0.11,0.33,0.32,1.98,0.0,5.7,0.0,0.0,0.1,0.0,0.0,0.0,0.25,470.0,130.0,24.0,507.3,527.8,12.3,137,Final_Test
0.18,0.11,0.33,0.32,1.98,0.0,5.7,0.0,0.0,0.1,0.0,0.0,0.0,0.25,470.0,120.0,1.0,319.8,428.2,23.0,138,Proper_Training
0.18,0.11,0.33,0.32,1.98,0.0,5.7,0.0,0.0,0.1,0.0,0.0,0.0,0.25,470.0,120.0,4.0,427.1,495.0,15.3,139,Proper_Training
0.18,0.11,0.33,0.32,1.98,0.0,5.7,0.0,0.0,0.1,0.0,0.0,0.0,0.25,470.0,120.0,8.0,466.2,515.8,14.4,140,Final_Test
0.18,0.11,0.33,0.32,1.98,0.0,5.7,0.0,0.0,0.1,0.0,0.0,0.0,0.25,470.0,120.0,12.0,487.9,522.4,12.8,141,Proper_Training
0.18,0.11,0.33,0.32,1.98,0.0,5.7,0.0,0.0,0.1,0.0,0.0,0.0,0.25,470.0,120.0,16.0,520.4,543.6,12.7,142,Proper_Training
0.18,0.11,0.33,0.32,1.98,0.0,5.7,0.0,0.0,0.1,0.0,0.0,0.0,0.25,470.0,120.0,20.0,524.4,547.7,12.6,143,Proper_Training
0.18,0.11,0.33,0.32,1.98,0.0,5.7,0.0,0.0,0.1,0.0,0.0,0.0,0.25,470.0,120.0,28.0,522.4,546.7,11.0,144,Proper_Training
0.18,0.11,0.33,0.32,1.98,0.0,5.7,0.0,0.0,0.1,0.0,0.0,0.0,0.25,470.0,120.0,36.0,516.3,541.6,10.0,145,Proper_Training
0.0,0.0,1.22,0.0,0.63,0.0,0.92,0.0,0.0,0.1,2.57,0.0,0.0,0.0,525.0,190.0,10.0,439.0,542.0,8.2,146,Proper_Training
0.0,0.0,1.1,0.0,0.61,0.0,2.08,0.0,0.0,0.12,2.38,0.0,0.0,0.0,525.0,190.0,10.0,402.0,500.0,7.6,147,Proper_Training
0.0,0.0,1.22,0.0,0.61,0.0,0.0,0.0,0.0,0.08,2.49,0.0,0.0,0.0,525.0,190.0,16.0,304.0,425.0,9.4,148,Proper_Training
0.0,0.0,1.22,0.0,0.63,0.0,0.92,0.0,0.0,0.1,2.57,0.0,0.0,0.0,525.0,25.0,1440.0,229.0,380.0,15.1,149,Proper_Training
0.0,0.0,1.1,0.0,0.61,0.0,2.08,0.0,0.0,0.12,2.38,0.0,0.0,0.0,525.0,25.0,1440.0,213.0,372.0,14.0,150,Proper_Training
0.0,0.0,1.22,0.0,0.63,0.0,0.92,0.0,0.0,0.1,2.57,0.0,0.0,0.0,525.0,25.0,0.0,204.0,369.0,15.6,151,Calibration
0.0,0.0,1.1,0.0,0.61,0.0,2.08,0.0,0.0,0.12,2.38,0.0,0.0,0.0,525.0,25.0,0.0,186.0,342.0,14.8,152,Proper_Training
0.0,0.0,1.22,0.0,0.61,0.0,0.0,0.0,0.0,0.08,2.49,0.0,0.0,0.0,525.0,25.0,1440.0,165.0,296.0,23.3,153,Final_Test
0.0,0.0,1.22,0.0,0.61,0.0,0.0,0.0,0.0,0.08,2.49,0.0,0.0,0.0,525.0,25.0,0.0,140.0,264.0,25.4,154,Proper_Training
0.0,0.0,0.22,0.0,2.49,0.0,7.11,0.0,0.0,0.4,0.0,0.0,0.0,0.22,470.0,120.0,32.0,629.0,667.0,9.9,155,Calibration
0.0,0.0,0.22,0.0,2.49,0.0,7.11,0.0,0.0,0.4,0.0,0.0,0.0,0.22,470.0,120.0,24.0,627.0,667.0,8.3,156,Proper_Training
0.0,0.0,0.21,0.0,2.6,0.0,6.84,0.0,0.0,0.18,0.0,0.0,0.0,0.37,470.0,120.0,32.0,608.0,650.0,8.4,157,Proper_Training
0.0,0.0,0.17,0.0,2.58,0.0,6.94,0.0,0.0,0.0,0.0,0.0,0.0,0.48,470.0,120.0,32.0,604.0,638.0,8.3,158,Calibration
0.0,0.0,0.19,0.0,2.55,0.0,6.98,0.0,0.0,0.29,0.0,0.0,0.0,0.27,470.0,120.0,24.0,599.0,643.0,9.0,159,Proper_Training
0.0,0.0,0.19,0.0,2.55,0.0,6.98,0.0,0.0,0.29,0.0,0.0,0.0,0.27,470.0,120.0,32.0,597.0,632.0,8.6,160,Proper_Training
0.0,0.0,0.17,0.0,2.58,0.0,6.94,0.0,0.0,0.0,0.0,0.0,0.0,0.48,470.0,120.0,24.0,594.0,641.0,7.9,161,Proper_Training
0.0,0.0,0.21,0.0,2.6,0.0,6.84,0.0,0.0,0.18,0.0,0.0,0.0,0.37,470.0,120.0,24.0,573.0,616.0,11.0,162,Proper_Training
0.08,0.16,0.34,0.33,1.91,0.0,5.39,0.0,0.0,0.0,0.0,0.0,0.0,0.0,470.0,120.0,24.0,439.0,498.0,16.5,163,Proper_Training
0.0,0.0,0.22,0.0,2.49,0.0,7.11,0.0,0.0,0.4,0.0,0.0,0.0,0.22,470.0,25.0,0.0,319.0,489.0,19.2,164,Proper_Training
0.0,0.0,0.19,0.0,2.55,0.0,6.98,0.0,0.0,0.29,0.0,0.0,0.0,0.27,470.0,25.0,0.0,311.0,468.0,17.2,165,Final_Test
0.0,0.0,0.21,0.0,2.6,0.0,6.84,0.0,0.0,0.18,0.0,0.0,0.0,0.37,470.0,25.0,0.0,307.0,478.0,15.9,166,Calibration
0.0,0.0,0.17,0.0,2.58,0.0,6.94,0.0,0.0,0.0,0.0,0.0,0.0,0.48,470.0,25.0,0.0,294.0,445.0,19.3,167,Proper_Training
0.0,0.0,3.7,0.3,0.37,0.0,0.5,0.0,0.0,0.14,1.5,0.0,0.0,0.0,520.0,165.0,60.0,453.0,493.0,12.5,168,Proper_Training
0.0,0.0,3.7,0.3,0.37,0.0,0.5,0.0,0.0,0.14,1.5,0.0,0.0,0.0,520.0,180.0,20.0,448.0,511.0,5.5,169,Proper_Training
0.0,0.0,3.7,0.3,0.37,0.0,0.5,0.0,0.0,0.14,1.5,0.0,0.0,0.0,520.0,180.0,15.0,442.0,506.0,5.8,170,Calibration
0.0,0.0,3.7,0.3,0.37,0.0,0.5,0.0,0.0,0.14,1.5,0.0,0.0,0.0,520.0,180.0,10.0,424.0,489.0,6.8,171,Calibration
0.0,0.0,3.7,0.3,0.37,0.0,0.5,0.0,0.0,0.14,1.5,0.0,0.0,0.0,520.0,180.0,5.0,373.0,470.0,9.5,172,Proper_Training
1.18,0.191,1.13,0.0,1.58,0.169,0.0,0.151,0.032,0.0,0.0,0.0,0.0,0.0,550.0,170.0,24.0,361.0,419.0,18.8,173,Proper_Training
1.21,0.179,1.09,0.0,1.57,0.178,0.0,0.158,0.028,0.0,0.0,0.0,0.0,0.0,550.0,170.0,24.0,342.0,390.0,15.2,174,Proper_Training
1.17,0.184,1.11,0.0,1.62,0.151,0.0,0.0,0.029,0.0,0.0,0.0,0.0,0.0,550.0,170.0,24.0,319.0,395.0,23.4,175,Proper_Training
0.0,0.0,4.17,0.0,0.41,0.0,0.0,0.0,0.0,0.12,1.1,0.0,0.0,0.0,500.0,25.0,0.0,355.0,486.0,10.7,176,Proper_Training
0.0,0.0,4.17,0.0,0.41,0.0,0.0,0.0,0.0,0.12,1.1,0.0,0.0,0.0,500.0,175.0,32.0,510.0,576.0,8.4,177,Proper_Training
0.0,0.0,4.12,0.0,0.37,0.0,0.41,0.0,0.0,0.11,1.05,0.0,0.0,0.0,500.0,25.0,0.0,383.0,489.0,10.1,178,Proper_Training
0.0,0.0,4.12,0.0,0.37,0.0,0.41,0.0,0.0,0.11,1.05,0.0,0.0,0.0,500.0,175.0,32.0,529.0,591.0,7.9,179,Calibration
0.0,0.0,4.09,0.0,0.7,0.0,0.39,0.0,0.0,0.14,0.98,0.0,0.0,0.0,500.0,25.0,0.0,408.0,507.0,11.2,180,Final_Test
0.0,0.0,4.09,0.0,0.7,0.0,0.39,0.0,0.0,0.14,0.98,0.0,0.0,0.0,500.0,175.0,32.0,537.0,602.0,8.1,181,Proper_Training
0.0,0.0,4.25,0.0,1.18,0.0,0.43,0.0,0.0,0.11,1.18,0.0,0.0,0.0,500.0,25.0,0.0,439.0,550.0,10.0,182,Proper_Training
0.0,0.0,4.25,0.0,1.18,0.0,0.43,0.0,0.0,0.11,1.18,0.0,0.0,0.0,500.0,175.0,32.0,597.0,660.0,7.6,183,Proper_Training
0.0,0.0,0.0,0.35,1.98,0.0,5.42,0.0,0.0,0.0,0.0,0.0,0.0,0.0,470.0,120.0,12.0,462.0,498.0,15.8,184,Proper_Training
0.0,0.0,0.0,0.35,1.98,0.0,5.42,0.0,0.0,0.0,0.0,0.0,0.0,0.0,470.0,120.0,24.0,479.0,514.0,14.2,185,Calibration
0.0,0.0,0.0,0.35,1.98,0.0,5.42,0.0,0.0,0.0,0.0,0.0,0.0,0.0,470.0,120.0,48.0,465.0,506.0,14.8,186,Proper_Training
0.0,0.0,0.0,0.35,1.98,0.0,5.42,0.0,0.0,0.12,0.0,0.0,0.0,0.12,470.0,120.0,12.0,495.0,531.0,13.6,187,Proper_Training
0.0,0.0,0.0,0.35,1.98,0.0,5.42,0.0,0.0,0.12,0.0,0.0,0.0,0.12,470.0,120.0,24.0,518.0,554.0,12.7,188,Proper_Training
0.0,0.0,0.0,0.35,1.98,0.0,5.42,0.0,0.0,0.12,0.0,0.0,0.0,0.12,470.0,120.0,48.0,509.0,545.0,13.2,189,Calibration
0.0,0.0,0.0,0.35,1.98,0.0,5.42,0.0,0.0,0.12,0.0,0.0,0.0,0.24,470.0,120.0,12.0,541.0,568.0,11.4,190,Calibration
0.0,0.0,0.0,0.35,1.98,0.0,5.42,0.0,0.0,0.12,0.0,0.0,0.0,0.24,470.0,120.0,24.0,561.0,584.0,10.8,191,Calibration
0.0,0.0,0.0,0.35,1.98,0.0,5.42,0.0,0.0,0.12,0.0,0.0,0.0,0.24,470.0,120.0,48.0,549.0,577.0,10.9,192,Final_Test
0.0,0.0,0.0,0.0,0.0,0.0,0.0,0.0,0.0,0.0,2.3,0.0,0.0,0.0,538.0,200.0,0.25,137.0,215.0,21.0,193,Proper_Training
0.05,0.05,1.02,0.33,1.43,0.0,3.56,0.0,0.0,0.12,2.12,0.0,0.0,0.0,525.0,160.0,46.0,368.0,502.0,9.6,194,Proper_Training
0.05,0.05,0.98,0.32,1.45,0.0,2.88,0.0,0.0,0.11,1.81,0.0,0.0,0.0,525.0,160.0,40.0,355.0,458.0,9.1,195,Calibration
0.05,0.05,1.02,0.31,1.62,0.0,3.94,0.0,0.0,0.12,0.0,0.0,0.0,0.0,525.0,100.0,76.0,327.0,398.0,22.3,196,Final_Test
0.05,0.05,2.4,0.0,2.6,0.0,8.6,0.0,0.0,0.0,0.0,0.1,0.0,0.0,455.0,121.0,24.0,660.0,679.0,12.2,197,Proper_Training
0.05,0.05,2.4,0.0,2.6,0.0,8.6,0.0,0.0,0.0,0.0,0.0,0.0,0.0,455.0,121.0,24.0,649.0,672.0,12.4,198,Calibration
0.0,0.0,4.25,0.39,0.37,0.0,0.61,0.0,0.0,0.12,1.01,0.0,0.0,0.28,520.0,180.0,24.0,474.0,533.0,4.7,199,Proper_Training
7.0,0.12,0.01,0.0,0.47,0.0,0.0,0.0,0.09,0.0,0.0,0.0,0.0,0.0,550.0,175.0,6.0,311.7,375.7,12.4,200,Proper_Training
7.0,0.13,1.04,0.0,0.45,0.0,0.0,0.0,0.09,0.0,0.0,0.0,0.0,0.0,525.0,175.0,6.0,291.4,386.0,11.1,201,Proper_Training
7.0,0.13,2.99,0.0,0.45,0.0,0.0,0.0,0.09,0.0,0.0,0.0,0.0,0.0,515.0,175.0,6.0,342.8,442.3,7.6,202,Proper_Training
0.0,0.0,1.2,0.0,1.5,0.0,0.0,0.0,0.0,0.12,2.5,0.0,0.0,0.0,500.0,160.0,36.0,197.3,332.3,8.0,203,Calibration
0.0,0.0,1.2,0.0,2.0,0.0,0.0,0.0,0.0,0.12,2.5,0.0,0.0,0.0,500.0,160.0,36.0,199.4,338.4,11.0,204,Final_Test
0.0,0.0,1.2,0.0,2.5,0.0,0.0,0.0,0.0,0.12,2.5,0.0,0.0,0.0,500.0,160.0,36.0,203.5,351.7,16.0,205,Proper_Training
0.14,0.0,3.6,0.52,2.3,0.0,0.0,0.0,0.0,0.0,1.6,0.0,0.0,0.0,497.0,187.0,16.0,255.0,345.0,11.0,206,Calibration
0.18,0.0,4.2,0.61,2.2,0.0,0.0,0.0,0.0,0.0,2.5,0.0,0.0,0.0,497.0,187.0,16.0,262.0,360.0,7.0,207,Proper_Training
0.05,0.07,1.22,0.0,2.56,0.0,6.87,0.0,0.04,0.08,0.0,0.0,0.002,0.0,488.0,121.0,24.0,565.0,626.0,10.8,208,Calibration
0.05,0.07,1.22,0.0,2.39,0.0,6.58,0.0,0.03,0.11,0.0,0.0,0.002,0.0,488.0,121.0,24.0,548.0,587.9,12.7,209,Final_Test
0.03,0.06,1.18,0.0,2.46,0.0,6.72,0.0,0.05,0.18,0.0,0.0,0.002,0.0,488.0,121.0,24.0,569.5,628.8,11.7,210,Proper_Training
0.04,0.07,1.2,0.0,2.42,0.04,6.66,0.0,0.03,0.0,0.0,0.0,0.004,0.0,488.0,121.0,24.0,511.6,575.0,13.7,211,Proper_Training
0.05,0.06,1.39,0.0,2.6,0.11,6.97,0.0,0.03,0.0,0.0,0.0,0.002,0.0,488.0,121.0,24.0,559.2,624.7,12.5,212,Calibration
0.04,0.07,1.23,0.1,2.41,0.0,6.54,0.0,0.02,0.0,0.0,0.0,0.001,0.0,488.0,121.0,24.0,504.7,568.1,13.0,213,Calibration
0.04,0.08,1.21,0.26,2.6,0.0,6.87,0.0,0.03,0.0,0.0,0.0,0.001,0.0,488.0,121.0,24.0,519.2,580.5,12.7,214,Proper_Training
0.04,0.08,1.22,0.39,2.61,0.0,6.76,0.0,0.02,0.0,0.0,0.0,0.001,0.0,488.0,121.0,24.0,519.9,589.5,11.8,215,Proper_Training
0.04,0.08,1.21,0.35,2.35,0.05,6.62,0.0,0.03,0.06,0.0,0.0,0.002,0.0,488.0,121.0,24.0,565.4,620.5,11.0,216,Proper_Training
0.04,0.08,1.15,0.31,2.41,0.05,6.85,0.0,0.03,0.13,0.0,0.0,0.001,0.0,488.0,121.0,24.0,577.8,642.6,9.5,217,Calibration
0.04,0.07,1.19,0.0,2.42,0.04,6.9,0.0,0.04,0.08,0.0,0.0,0.002,0.0,488.0,121.0,24.0,562.6,625.4,11.3,218,Final_Test
0.03,0.08,1.17,0.0,2.38,0.05,6.51,0.0,0.06,0.13,0.0,0.0,0.002,0.0,488.0,121.0,24.0,566.1,628.8,11.7,219,Proper_Training
0.05,0.08,1.23,0.3,2.63,0.0,6.78,0.0,0.04,0.11,0.0,0.0,0.002,0.0,488.0,121.0,24.0,579.2,643.3,9.8,220,Calibration
0.03,0.08,1.18,0.51,2.41,0.1,6.57,0.0,0.05,0.16,0.0,0.0,0.001,0.0,488.0,121.0,24.0,578.5,644.0,7.7,221,Proper_Training
0.05,0.06,1.2,0.0,2.38,0.0,6.64,0.0,0.03,0.0,0.0,0.0,0.0,0.0,488.0,121.0,24.0,506.1,561.9,8.0,222,Calibration
0.04,0.06,1.39,0.0,2.61,0.12,7.11,0.0,0.03,0.0,0.0,0.0,0.0,0.0,488.0,121.0,24.0,580.5,641.9,12.0,223,Calibration
0.04,0.05,4.01,0.0,0.0,0.0,0.0,0.0,0.0,0.16,1.24,0.0,0.0,0.0,530.0,25.0,0.0,152.0,354.0,22.0,224,Proper_Training
0.04,0.05,4.22,0.0,0.54,0.0,0.0,0.0,0.0,0.16,1.31,0.0,0.0,0.0,530.0,25.0,0.0,160.0,402.0,19.0,225,Proper_Training
0.04,0.05,4.01,0.0,0.0,0.0,0.0,0.0,0.0,0.16,1.24,0.0,0.0,0.0,530.0,160.0,150.0,407.0,515.0,9.0,226,Proper_Training
0.04,0.05,4.22,0.0,0.54,0.0,0.0,0.0,0.0,0.16,1.31,0.0,0.0,0.0,530.0,160.0,88.0,524.0,583.0,6.0,227,Final_Test
0.01,0.01,4.3,0.0,0.0,0.0,0.0,0.0,0.0,0.14,1.18,0.0,0.0,0.0,530.0,160.0,144.0,402.0,530.0,8.5,228,Proper_Training
0.62,0.33,0.28,0.06,0.9,0.17,0.02,0.0,0.02,0.0,0.0,0.0,0.0,0.0,530.0,160.0,18.0,311.0,340.0,18.0,229,Proper_Training
0.0,0.0,1.6,0.0,2.5,0.25,5.6,0.0,0.0,0.0,0.0,0.0,0.0,0.0,465.0,110.0,15.0,435.0,505.0,13.0,230,Proper_Training
0.0,0.0,4.5,0.6,1.5,0.0,0.0,0.0,0.0,0.0,0.0,0.0,0.0,0.0,495.0,25.0,48.0,322.5,472.5,19.75,231,Proper_Training
0.0,0.0,4.5,0.6,1.5,0.0,0.0,0.0,0.0,0.0,0.0,0.0,0.0,0.0,495.0,160.0,16.0,395.0,475.0,10.0,232,Proper_Training
0.15,0.2,1.6,0.1,2.5,0.23,5.6,0.0,0.1,0.0,0.0,0.0,0.0,0.0,515.0,147.5,24.0,455.0,524.0,11.0,233,Proper_Training
0.175,1.1,2.3,0.0,1.55,0.0,0.1,0.0,0.07,0.0,0.0,1.05,0.0,0.0,530.0,200.0,20.0,372.0,441.0,10.0,234,Final_Test
0.3,0.4,0.1,0.25,2.8,0.2,4.0,0.0,0.1,0.0,0.0,0.0,0.0,0.0,480.0,120.0,22.0,380.0,450.0,13.0,235,Proper_Training
0.3,0.4,4.4,0.6,1.6,0.1,0.2,0.0,0.0,0.0,0.0,0.0,0.0,0.0,495.0,190.0,12.0,393.0,476.0,10.0,236,Proper_Training
0.4,0.42,1.4,0.13,2.4,0.26,5.6,0.0,0.01,0.0,0.0,0.0,0.0,0.0,465.0,120.0,24.0,467.0,526.0,10.0,237,Proper_Training
0.5,0.35,4.0,0.7,0.6,0.1,0.25,0.0,0.125,0.125,0.0,0.0,0.0,0.0,500.0,25.0,0.0,275.0,427.0,22.0,238,Proper_Training
0.5,0.5,4.35,0.6,1.5,0.1,0.25,0.0,0.15,0.05,0.0,0.0,0.0,0.0,495.0,190.0,12.0,345.0,425.0,5.0,239,Proper_Training
0.5,0.5,4.35,0.6,1.5,0.1,0.25,0.0,0.15,0.05,0.0,0.0,0.0,0.0,495.0,190.0,16.0,315.0,415.0,5.0,240,Proper_Training
0.56,0.22,0.24,0.02,1.01,0.06,0.01,0.0,0.0,0.0,0.0,0.0,0.0,0.0,530.0,25.0,0.0,150.5,269.8,47.9,241,Proper_Training
0.56,0.22,0.24,0.02,1.01,0.06,0.01,0.0,0.0,0.0,0.0,0.0,0.0,0.0,530.0,100.0,48.0,198.1,287.7,41.6,242,Proper_Training
0.6,0.7,0.275,0.15,1.0,0.195,0.25,0.0,0.15,0.0,0.0,0.0,0.0,0.0,530.0,25.0,0.0,145.0,241.0,25.0,243,Proper_Training
0.6,0.7,0.275,0.15,1.0,0.195,0.25,0.0,0.15,0.0,0.0,0.0,0.0,0.0,530.0,160.0,18.0,276.0,310.0,17.0,244,Final_Test
0.8,0.0,4.4,0.75,0.7,0.0,0.0,0.0,0.0,0.0,0.0,0.0,0.0,0.0,505.0,25.0,48.0,306.0,443.0,16.0,245,Final_Test
0.8,0.0,4.4,0.75,0.7,0.0,0.0,0.0,0.0,0.0,0.0,0.0,0.0,0.0,505.0,172.5,12.5,428.0,476.0,9.7,246,Proper_Training
0.8,0.456,0.321,0.212,0.91,0.021,0.178,0.0,0.0,0.0,0.0,0.0,0.0,0.0,500.0,200.0,0.25,125.0,260.0,22.0,247,Proper_Training
0.8,0.456,0.321,0.212,0.91,0.021,0.178,0.0,0.0,0.0,0.0,0.0,0.0,0.0,500.0,200.0,1.5,245.0,290.0,15.0,248,Final_Test
0.8,0.456,0.321,0.212,0.91,0.021,0.178,0.0,0.0,0.0,0.0,0.0,0.0,0.0,500.0,200.0,18.0,265.0,316.0,13.4,249,Proper_Training
0.84,0.37,0.32,0.18,0.6,0.0,0.0,0.0,0.0,0.0,0.0,0.0,0.0,0.0,517.0,152.0,12.0,257.0,315.0,17.0,250,Calibration
0.85,0.0,4.44,0.77,0.45,0.0,0.0,0.0,0.0,0.0,0.0,0.0,0.0,0.0,500.0,160.0,8.5,320.0,380.0,15.0,251,Proper_Training
0.85,0.7,4.45,0.8,0.5,0.1,0.25,0.0,0.15,0.05,0.0,0.0,0.0,0.0,500.0,160.0,18.0,399.0,457.0,9.0,252,Proper_Training
0.85,0.7,4.45,0.8,0.5,0.1,0.25,0.0,0.15,0.05,0.0,0.0,0.0,0.0,500.0,177.0,18.0,398.0,457.0,9.0,253,Proper_Training
0.055,0.061,2.35,0.0076,1.94,0.0051,7.76,0.0,0.0,0.12,0.0,0.0,0.0,0.0,477.0,120.0,60.0,552.7,606.2,19.0,254,Calibration
0.055,0.061,2.35,0.0076,1.94,0.0051,7.76,0.0,0.0,0.12,0.0,0.0,0.0,0.0,477.0,120.0,48.0,540.1,598.3,20.8,255,Proper_Training
0.055,0.061,2.35,0.0076,1.94,0.0051,7.76,0.0,0.0,0.12,0.0,0.0,0.0,0.0,477.0,120.0,40.0,550.6,614.6,21.9,256,Proper_Training
0.055,0.061,2.35,0.0076,1.94,0.0051,7.76,0.0,0.0,0.12,0.0,0.0,0.0,0.0,477.0,120.0,32.0,523.9,584.2,22.3,257,Proper_Training
0.055,0.061,2.35,0.0076,1.94,0.0051,7.76,0.0,0.0,0.12,0.0,0.0,0.0,0.0,477.0,120.0,24.0,525.0,584.7,20.9,258,Proper_Training
0.055,0.061,2.35,0.0076,1.94,0.0051,7.76,0.0,0.0,0.12,0.0,0.0,0.0,0.0,477.0,120.0,16.0,529.1,586.8,23.8,259,Proper_Training
0.055,0.061,2.35,0.0076,1.94,0.0051,7.76,0.0,0.0,0.12,0.0,0.0,0.0,0.0,477.0,120.0,12.0,515.0,579.5,22.6,260,Proper_Training
0.055,0.061,2.35,0.0076,1.94,0.0051,7.76,0.0,0.0,0.12,0.0,0.0,0.0,0.0,477.0,120.0,9.0,516.0,589.4,22.7,261,Calibration
0.055,0.061,2.35,0.0076,1.94,0.0051,7.76,0.0,0.0,0.12,0.0,0.0,0.0,0.0,477.0,120.0,7.0,507.7,585.2,24.5,262,Calibration
0.055,0.061,2.35,0.0076,1.94,0.0051,7.76,0.0,0.0,0.12,0.0,0.0,0.0,0.0,477.0,120.0,5.0,505.0,588.9,24.1,263,Proper_Training
0.055,0.061,2.35,0.0076,1.94,0.0051,7.76,0.0,0.0,0.12,0.0,0.0,0.0,0.0,477.0,120.0,3.0,484.1,574.7,25.2,264,Calibration
0.055,0.061,2.35,0.0076,1.94,0.0051,7.76,0.0,0.0,0.12,0.0,0.0,0.0,0.0,477.0,120.0,1.0,465.2,567.4,26.0,265,Calibration
0.055,0.061,2.35,0.0076,1.94,0.0051,7.76,0.0,0.0,0.12,0.0,0.0,0.0,0.0,477.0,120.0,0.5,436.4,542.2,27.0,266,Proper_Training
0.055,0.061,2.35,0.0076,1.94,0.0051,7.76,0.0,0.0,0.12,0.0,0.0,0.0,0.0,477.0,120.0,0.25,425.4,548.0,28.3,267,Calibration
0.055,0.061,2.35,0.0076,1.94,0.0051,7.76,0.0,0.0,0.12,0.0,0.0,0.0,0.0,477.0,120.0,0.17,400.2,542.8,30.0,268,Proper_Training
0.055,0.061,2.35,0.0076,1.94,0.0051,7.76,0.0,0.0,0.12,0.0,0.0,0.0,0.0,477.0,160.0,72.0,389.8,474.2,15.5,269,Calibration
0.055,0.061,2.35,0.0076,1.94,0.0051,7.76,0.0,0.0,0.12,0.0,0.0,0.0,0.0,477.0,160.0,60.0,410.9,489.6,16.2,270,Calibration
0.055,0.061,2.35,0.0076,1.94,0.0051,7.76,0.0,0.0,0.12,0.0,0.0,0.0,0.0,477.0,160.0,48.0,427.9,504.5,17.1,271,Proper_Training
0.055,0.061,2.35,0.0076,1.94,0.0051,7.76,0.0,0.0,0.12,0.0,0.0,0.0,0.0,477.0,160.0,40.0,452.6,514.8,17.5,272,Proper_Training
0.055,0.061,2.35,0.0076,1.94,0.0051,7.76,0.0,0.0,0.12,0.0,0.0,0.0,0.0,477.0,160.0,32.0,481.4,535.9,17.1,273,Proper_Training
0.055,0.061,2.35,0.0076,1.94,0.0051,7.76,0.0,0.0,0.12,0.0,0.0,0.0,0.0,477.0,160.0,24.0,513.8,551.9,17.1,274,Calibration
0.055,0.061,2.35,0.0076,1.94,0.0051,7.76,0.0,0.0,0.12,0.0,0.0,0.0,0.0,477.0,160.0,16.0,542.6,572.9,17.3,275,Final_Test
0.055,0.061,2.35,0.0076,1.94,0.0051,7.76,0.0,0.0,0.12,0.0,0.0,0.0,0.0,477.0,160.0,12.0,568.8,593.5,17.5,276,Calibration
0.055,0.061,2.35,0.0076,1.94,0.0051,7.76,0.0,0.0,0.12,0.0,0.0,0.0,0.0,477.0,160.0,9.0,590.4,604.8,15.5,277,Calibration
0.055,0.061,2.35,0.0076,1.94,0.0051,7.76,0.0,0.0,0.12,0.0,0.0,0.0,0.0,477.0,160.0,7.0,595.1,607.4,16.7,278,Final_Test
0.055,0.061,2.35,0.0076,1.94,0.0051,7.76,0.0,0.0,0.12,0.0,0.0,0.0,0.0,477.0,160.0,5.0,590.4,619.2,14.1,279,Calibration
0.055,0.061,2.35,0.0076,1.94,0.0051,7.76,0.0,0.0,0.12,0.0,0.0,0.0,0.0,477.0,160.0,3.0,576.5,610.0,18.8,280,Final_Test
0.055,0.061,2.35,0.0076,1.94,0.0051,7.76,0.0,0.0,0.12,0.0,0.0,0.0,0.0,477.0,160.0,1.0,532.3,593.5,20.6,281,Calibration
0.055,0.061,2.35,0.0076,1.94,0.0051,7.76,0.0,0.0,0.12,0.0,0.0,0.0,0.0,477.0,160.0,0.5,493.7,572.4,21.1,282,Proper_Training
0.055,0.061,2.35,0.0076,1.94,0.0051,7.76,0.0,0.0,0.12,0.0,0.0,0.0,0.0,477.0,160.0,0.25,452.6,559.1,24.9,283,Proper_Training
0.055,0.061,2.35,0.0076,1.94,0.0051,7.76,0.0,0.0,0.12,0.0,0.0,0.0,0.0,477.0,160.0,0.17,400.6,542.1,29.1,284,Final_Test
0.055,0.061,2.35,0.0076,1.94,0.0051,7.76,0.0,0.0,0.12,0.0,0.0,0.0,0.0,477.0,25.0,0.0,275.5,451.6,34.0,285,Proper_Training
0.01,0.02,1.39,0.0,1.58,0.0,7.55,0.0,0.0,0.12,0.0,0.0,0.0,0.0,475.0,25.0,0.0,355.2,508.2,20.5,286,Proper_Training
0.01,0.02,1.39,0.0,1.58,0.0,7.55,0.0,0.0,0.12,0.0,0.0,0.0,0.0,475.0,100.0,2.0,437.6,559.4,16.3,287,Final_Test
0.01,0.02,1.39,0.0,1.58,0.0,7.55,0.0,0.0,0.12,0.0,0.0,0.0,0.0,475.0,100.0,4.0,477.0,571.5,15.9,288,Proper_Training
0.01,0.02,1.39,0.0,1.58,0.0,7.55,0.0,0.0,0.12,0.0,0.0,0.0,0.0,475.0,100.0,8.0,492.9,582.8,13.8,289,Final_Test
0.01,0.02,1.39,0.0,1.58,0.0,7.55,0.0,0.0,0.12,0.0,0.0,0.0,0.0,475.0,100.0,14.0,508.3,588.8,14.7,290,Final_Test
0.01,0.02,1.39,0.0,1.58,0.0,7.55,0.0,0.0,0.12,0.0,0.0,0.0,0.0,475.0,100.0,20.0,519.4,594.4,15.3,291,Final_Test
0.01,0.02,1.39,0.0,1.58,0.0,7.55,0.0,0.0,0.12,0.0,0.0,0.0,0.0,475.0,100.0,28.0,533.2,599.8,15.4,292,Proper_Training
0.01,0.02,1.39,0.0,1.58,0.0,7.55,0.0,0.0,0.12,0.0,0.0,0.0,0.0,475.0,100.0,36.0,538.3,602.0,15.4,293,Calibration
0.01,0.02,1.39,0.0,1.58,0.0,7.55,0.0,0.0,0.12,0.0,0.0,0.0,0.0,475.0,100.0,44.0,542.2,601.8,15.5,294,Calibration
0.01,0.02,1.39,0.0,1.58,0.0,7.55,0.0,0.0,0.12,0.0,0.0,0.0,0.0,475.0,100.0,52.0,545.3,601.7,14.8,295,Proper_Training
0.01,0.02,1.39,0.0,1.58,0.0,7.55,0.0,0.0,0.12,0.0,0.0,0.0,0.0,475.0,100.0,64.0,554.3,604.4,15.1,296,Proper_Training
0.01,0.02,1.39,0.0,1.58,0.0,7.55,0.0,0.0,0.12,0.0,0.0,0.0,0.0,475.0,100.0,88.0,559.7,604.7,15.6,297,Final_Test
0.01,0.02,1.39,0.0,1.58,0.0,7.55,0.0,0.0,0.12,0.0,0.0,0.0,0.0,475.0,140.0,2.0,517.0,573.3,17.5,298,Final_Test
0.01,0.02,1.39,0.0,1.58,0.0,7.55,0.0,0.0,0.12,0.0,0.0,0.0,0.0,475.0,140.0,4.0,537.1,578.1,14.5,299,Final_Test
0.01,0.02,1.39,0.0,1.58,0.0,7.55,0.0,0.0,0.12,0.0,0.0,0.0,0.0,475.0,140.0,8.0,548.6,581.3,14.3,300,Proper_Training
0.01,0.02,1.39,0.0,1.58,0.0,7.55,0.0,0.0,0.12,0.0,0.0,0.0,0.0,475.0,140.0,12.0,555.5,581.5,16.0,301,Calibration
0.01,0.02,1.39,0.0,1.58,0.0,7.55,0.0,0.0,0.12,0.0,0.0,0.0,0.0,475.0,140.0,14.0,559.7,584.0,16.1,302,Final_Test
0.01,0.02,1.39,0.0,1.58,0.0,7.55,0.0,0.0,0.12,0.0,0.0,0.0,0.0,475.0,140.0,16.0,556.7,581.2,17.0,303,Proper_Training
0.01,0.02,1.39,0.0,1.58,0.0,7.55,0.0,0.0,0.12,0.0,0.0,0.0,0.0,475.0,140.0,20.0,551.9,576.7,16.0,304,Final_Test
0.01,0.02,1.39,0.0,1.58,0.0,7.55,0.0,0.0,0.12,0.0,0.0,0.0,0.0,475.0,140.0,24.0,550.4,575.0,15.5,305,Calibration
0.01,0.02,1.39,0.0,1.58,0.0,7.55,0.0,0.0,0.12,0.0,0.0,0.0,0.0,475.0,140.0,28.0,548.6,569.8,16.0,306,Proper_Training
0.01,0.02,1.39,0.0,1.58,0.0,7.55,0.0,0.0,0.12,0.0,0.0,0.0,0.0,475.0,140.0,36.0,543.4,566.4,15.7,307,Proper_Training
0.01,0.02,1.39,0.0,1.58,0.0,7.55,0.0,0.0,0.12,0.0,0.0,0.0,0.0,475.0,140.0,48.0,526.9,551.6,17.5,308,Calibration
0.01,0.02,1.39,0.0,1.58,0.0,7.55,0.0,0.0,0.12,0.0,0.0,0.0,0.0,475.0,140.0,64.0,513.4,543.3,17.5,309,Proper_Training
0.01,0.02,1.39,0.0,1.58,0.0,7.55,0.0,0.0,0.12,0.0,0.0,0.0,0.0,475.0,140.0,88.0,488.7,526.7,18.2,310,Proper_Training
0.01,0.02,1.39,0.0,1.58,0.0,7.55,0.0,0.0,0.12,0.0,0.0,0.0,0.0,475.0,160.0,1.0,524.5,563.5,14.3,311,Proper_Training
0.01,0.02,1.39,0.0,1.58,0.0,7.55,0.0,0.0,0.12,0.0,0.0,0.0,0.0,475.0,160.0,2.0,543.5,571.5,14.2,312,Final_Test
0.01,0.02,1.39,0.0,1.58,0.0,7.55,0.0,0.0,0.12,0.0,0.0,0.0,0.0,475.0,160.0,4.0,561.5,580.0,15.0,313,Proper_Training
0.01,0.02,1.39,0.0,1.58,0.0,7.55,0.0,0.0,0.12,0.0,0.0,0.0,0.0,475.0,160.0,6.0,553.1,563.5,14.9,314,Calibration
0.01,0.02,1.39,0.0,1.58,0.0,7.55,0.0,0.0,0.12,0.0,0.0,0.0,0.0,475.0,160.0,10.0,523.6,545.7,15.5,315,Proper_Training
0.01,0.02,1.39,0.0,1.58,0.0,7.55,0.0,0.0,0.12,0.0,0.0,0.0,0.0,475.0,160.0,18.0,468.0,502.9,17.7,316,Proper_Training
0.01,0.02,1.39,0.0,1.58,0.0,7.55,0.0,0.0,0.12,0.0,0.0,0.0,0.0,475.0,160.0,30.0,437.9,480.4,17.7,317,Final_Test
0.01,0.02,1.39,0.0,1.58,0.0,7.55,0.0,0.0,0.12,0.0,0.0,0.0,0.0,475.0,160.0,48.0,395.8,448.5,16.3,318,Calibration
0.01,0.02,1.39,0.0,1.58,0.0,7.55,0.0,0.0,0.12,0.0,0.0,0.0,0.0,475.0,160.0,64.0,374.1,432.2,16.9,319,Calibration
0.4,0.35,0.1,0.1,0.675,0.1,0.1,0.0,0.1,0.0,0.0,0.0,0.0,0.0,525.0,175.0,0.166666666666667,61.8,135.6,32.9,320,Proper_Training
0.4,0.35,0.1,0.1,0.675,0.1,0.1,0.0,0.1,0.0,0.0,0.0,0.0,0.0,525.0,175.0,0.5,64.7,141.6,33.0,321,Proper_Training
0.4,0.35,0.1,0.1,0.675,0.1,0.1,0.0,0.1,0.0,0.0,0.0,0.0,0.0,525.0,175.0,1.0,155.7,231.4,26.3,322,Proper_Training
0.4,0.35,0.1,0.1,0.675,0.1,0.1,0.0,0.1,0.0,0.0,0.0,0.0,0.0,525.0,175.0,1.5,172.9,234.2,22.5,323,Proper_Training
0.4,0.35,0.1,0.1,0.675,0.1,0.1,0.0,0.1,0.0,0.0,0.0,0.0,0.0,525.0,175.0,2.0,151.5,202.6,25.6,324,Proper_Training
0.4,0.35,0.1,0.1,0.675,0.1,0.1,0.0,0.1,0.0,0.0,0.0,0.0,0.0,525.0,175.0,2.5,134.9,220.5,19.1,325,Proper_Training
0.4,0.35,0.1,0.1,0.675,0.1,0.1,0.0,0.1,0.0,0.0,0.0,0.0,0.0,525.0,175.0,3.0,176.1,226.9,17.5,326,Proper_Training
0.4,0.35,0.1,0.1,0.675,0.1,0.1,0.0,0.1,0.0,0.0,0.0,0.0,0.0,525.0,175.0,4.0,227.2,265.8,16.3,327,Proper_Training
0.4,0.35,0.1,0.1,0.675,0.1,0.1,0.0,0.1,0.0,0.0,0.0,0.0,0.0,525.0,175.0,6.0,246.7,278.0,18.3,328,Proper_Training
0.4,0.35,0.1,0.1,0.675,0.1,0.1,0.0,0.1,0.0,0.0,0.0,0.0,0.0,525.0,175.0,8.0,245.1,285.6,17.6,329,Calibration
0.4,0.35,0.1,0.1,0.675,0.1,0.1,0.0,0.1,0.0,0.0,0.0,0.0,0.0,525.0,175.0,12.0,223.4,249.6,19.5,330,Calibration
0.4,0.35,0.1,0.1,0.675,0.1,0.1,0.0,0.1,0.0,0.0,0.0,0.0,0.0,525.0,175.0,16.0,250.5,281.2,16.5,331,Proper_Training
0.4,0.35,0.1,0.1,0.675,0.1,0.1,0.0,0.1,0.0,0.0,0.0,0.0,0.0,525.0,175.0,48.0,227.2,248.9,18.1,332,Final_Test
0.4,0.35,0.1,0.1,0.675,0.1,0.1,0.0,0.1,0.0,0.0,0.0,0.0,0.0,525.0,175.0,96.0,207.4,238.4,16.9,333,Proper_Training
0.4,0.35,0.1,0.1,0.675,0.1,0.1,0.0,0.1,0.0,0.0,0.0,0.0,0.0,525.0,175.0,168.0,191.4,222.4,21.5,334,Proper_Training
0.4,0.35,0.1,0.1,0.675,0.1,0.1,0.0,0.1,0.0,0.0,0.0,0.0,0.0,525.0,175.0,336.0,137.5,193.4,19.7,335,Calibration
0.082,0.35,0.12,0.3,2.3,0.0,5.2,0.0,0.0,0.13,0.0,0.0,0.0,0.0,470.0,25.0,0.0,190.0,327.0,18.68,336,Final_Test
0.082,0.35,0.12,0.3,2.3,0.0,5.2,0.0,0.0,0.13,0.0,0.0,0.0,0.0,470.0,120.0,0.5,290.0,431.0,15.81,337,Proper_Training
0.082,0.35,0.12,0.3,2.3,0.0,5.2,0.0,0.0,0.13,0.0,0.0,0.0,0.0,470.0,120.0,24.0,400.0,457.0,10.58,338,Final_Test
0.082,0.35,0.12,0.3,2.3,0.0,5.2,0.0,0.0,0.13,0.0,0.0,0.0,0.0,470.0,120.0,120.0,360.0,431.0,11.13,339,Proper_Training
0.6,0.4,0.3,0.12,1.01,0.2,0.18,0.0,0.0,0.0,0.0,0.0,0.0,0.0,500.0,190.0,1.0,309.0,387.0,8.0,340,Final_Test
0.6,0.4,0.3,0.12,1.01,0.2,0.18,0.0,0.0,0.0,0.0,0.0,0.0,0.0,500.0,190.0,2.0,315.0,432.0,6.0,341,Proper_Training
0.6,0.4,0.3,0.12,1.01,0.2,0.18,0.0,0.0,0.0,0.0,0.0,0.0,0.0,500.0,190.0,3.0,342.0,304.0,8.2,342,Proper_Training
0.6,0.4,0.3,0.12,1.01,0.2,0.18,0.0,0.0,0.0,0.0,0.0,0.0,0.0,500.0,190.0,4.0,336.0,292.0,8.5,343,Calibration
0.02,0.04,1.79,0.0,1.5,0.0,7.41,0.0,0.04,0.09,0.0,0.0,0.0,0.0,480.0,90.0,1.0,301.0,475.0,24.1,344,Proper_Training
0.02,0.04,1.79,0.0,1.5,0.0,7.41,0.0,0.04,0.09,0.0,0.0,0.0,0.0,480.0,90.0,40.0,434.0,555.0,15.5,345,Proper_Training
0.02,0.04,1.79,0.0,1.5,0.0,7.41,0.0,0.04,0.09,0.0,0.0,0.0,0.0,480.0,150.0,1.0,391.0,500.0,16.1,346,Calibration
0.02,0.04,1.79,0.0,1.5,0.0,7.41,0.0,0.04,0.09,0.0,0.0,0.0,0.0,480.0,150.0,8.0,489.0,542.0,13.0,347,Proper_Training
0.15,0.26,1.5,0.0,2.4,0.0,5.7,0.0,0.0,0.0,0.0,0.0,0.0,0.0,480.0,140.0,1.0,417.9,518.3,22.3,348,Proper_Training
0.15,0.26,1.5,0.0,2.4,0.0,5.7,0.0,0.0,0.0,0.0,0.0,0.0,0.0,480.0,140.0,2.0,448.2,529.2,20.2,349,Proper_Training
0.15,0.26,1.5,0.0,2.4,0.0,5.7,0.0,0.0,0.0,0.0,0.0,0.0,0.0,480.0,140.0,12.0,484.0,543.9,17.7,350,Proper_Training
0.15,0.26,1.5,0.0,2.4,0.0,5.7,0.0,0.0,0.0,0.0,0.0,0.0,0.0,480.0,140.0,16.0,512.8,566.5,16.3,351,Proper_Training
0.15,0.26,1.5,0.0,2.4,0.0,5.7,0.0,0.0,0.0,0.0,0.0,0.0,0.0,480.0,140.0,96.0,476.3,543.2,16.4,352,Proper_Training
0.15,0.26,1.5,0.0,2.4,0.0,5.7,0.0,0.0,0.0,0.0,0.0,0.0,0.0,480.0,140.0,264.0,449.8,526.8,15.6,353,Final_Test
0.5,0.5,4.5,0.58,1.5,0.01,0.25,0.0,0.15,0.0,0.0,0.0,0.0,0.0,500.0,25.0,0.0,224.6,411.7,31.1,354,Proper_Training
0.5,0.5,4.5,0.58,1.5,0.01,0.25,0.0,0.15,0.0,0.0,0.0,0.0,0.0,500.0,180.0,2.0,315.6,457.8,28.76,355,Final_Test
0.5,0.5,4.5,0.58,1.5,0.01,0.25,0.0,0.15,0.0,0.0,0.0,0.0,0.0,500.0,180.0,6.0,368.3,473.0,23.6,356,Proper_Training
0.5,0.5,4.5,0.58,1.5,0.01,0.25,0.0,0.15,0.0,0.0,0.0,0.0,0.0,500.0,180.0,16.0,392.6,482.2,13.2,357,Calibration
0.5,0.5,4.5,0.58,1.5,0.01,0.25,0.0,0.15,0.0,0.0,0.0,0.0,0.0,500.0,180.0,48.0,353.8,423.6,8.8,358,Proper_Training
0.5,0.5,4.5,0.58,1.5,0.01,0.25,0.0,0.15,0.0,0.0,0.0,0.0,0.0,500.0,180.0,120.0,304.3,392.0,12.8,359,Calibration
0.01,0.08,5.64,0.33,0.23,0.0,0.0,0.09,0.11,0.15,0.0,0.0,0.0,0.0,530.0,25.0,0.0,136.2,349.3,28.4,360,Proper_Training
0.01,0.08,5.64,0.33,0.23,0.0,0.0,0.09,0.11,0.15,0.0,0.0,0.0,0.0,530.0,190.0,3.0,289.2,425.7,21.4,361,Calibration
0.01,0.08,5.64,0.33,0.23,0.0,0.0,0.09,0.11,0.15,0.0,0.0,0.0,0.0,530.0,190.0,12.0,292.3,408.8,16.3,362,Calibration
0.01,0.08,5.64,0.33,0.23,0.0,0.0,0.09,0.11,0.15,0.0,0.0,0.0,0.0,530.0,190.0,20.0,289.0,410.7,13.6,363,Proper_Training
0.01,0.08,5.64,0.33,0.23,0.0,0.0,0.09,0.11,0.15,0.0,0.0,0.0,0.0,530.0,190.0,50.0,278.7,393.7,10.6,364,Proper_Training
0.02,0.04,1.79,0.0,1.5,0.0,7.41,0.0,0.04,0.09,0.0,0.0,0.0,0.0,480.0,90.0,1.0,301.0,475.0,24.1,365,Proper_Training
0.02,0.04,1.79,0.0,1.5,0.0,7.41,0.0,0.04,0.09,0.0,0.0,0.0,0.0,480.0,90.0,40.0,434.0,555.0,15.5,366,Calibration
0.02,0.04,1.79,0.0,1.5,0.0,7.41,0.0,0.04,0.09,0.0,0.0,0.0,0.0,480.0,150.0,1.0,391.0,500.0,16.1,367,Calibration
0.02,0.04,1.79,0.0,1.5,0.0,7.41,0.0,0.04,0.09,0.0,0.0,0.0,0.0,480.0,150.0,8.0,489.0,542.0,13.0,368,Final_Test
11.95,0.378,4.49,0.03,0.6,0.03,0.02,0.0,0.03,0.0001,0.0,0.101025,0.0,0.0,460.0,170.0,8.0,331.43,392.76,3.1,369,Proper_Training
11.95,0.378,4.49,0.03,0.6,0.03,0.02,0.0,0.03,0.0001,0.0,0.101025,0.0,0.0,474.5,172.7,8.0,369.33,421.0,2.33,370,Final_Test
11.95,0.378,4.49,0.03,0.6,0.03,0.02,0.0,0.03,0.0001,0.0,0.101025,0.0,0.0,479.9,172.2,8.0,378.0,419.0,2.0,371,Proper_Training
11.95,0.378,4.49,0.03,0.6,0.03,0.02,0.0,0.03,0.0001,0.0,0.101025,0.0,0.0,480.0,170.0,8.0,393.6,436.8,1.7,372,Proper_Training
11.95,0.378,4.49,0.03,0.6,0.03,0.02,0.0,0.03,0.0001,0.0,0.101025,0.0,0.0,480.0,160.0,8.0,340.1,428.84,3.02,373,Final_Test
11.95,0.378,4.49,0.03,0.6,0.03,0.02,0.0,0.03,0.0001,0.0,0.101025,0.0,0.0,480.0,165.0,10.0,404.67,431.0,2.33,374,Calibration
11.95,0.378,4.49,0.03,0.6,0.03,0.02,0.0,0.03,0.0001,0.0,0.101025,0.0,0.0,480.0,165.0,7.0,357.5,411.5,2.5,375,Proper_Training
11.95,0.378,4.49,0.03,0.6,0.03,0.02,0.0,0.03,0.0001,0.0,0.101025,0.0,0.0,480.0,165.0,8.0,384.67,431.67,2.83,376,Proper_Training
11.95,0.378,4.49,0.03,0.6,0.03,0.02,0.0,0.03,0.0001,0.0,0.101025,0.0,0.0,480.0,170.0,13.0,387.34,444.03,2.73,377,Calibration
11.95,0.378,4.49,0.03,0.6,0.03,0.02,0.0,0.03,0.0001,0.0,0.101025,0.0,0.0,480.0,170.0,6.0,375.54,431.56,2.27,378,Proper_Training
11.95,0.378,4.49,0.03,0.6,0.03,0.02,0.0,0.03,0.0001,0.0,0.101025,0.0,0.0,480.0,185.0,8.0,379.71,423.12,2.19,379,Final_Test
11.95,0.378,4.49,0.03,0.6,0.03,0.02,0.0,0.03,0.0001,0.0,0.101025,0.0,0.0,480.0,195.0,7.8,287.67,362.0,2.33,380,Proper_Training
11.95,0.378,4.49,0.03,0.6,0.03,0.02,0.0,0.03,0.0001,0.0,0.101025,0.0,0.0,480.0,195.0,8.0,345.71,384.47,2.4,381,Proper_Training
11.95,0.378,4.49,0.03,0.6,0.03,0.02,0.0,0.03,0.0001,0.0,0.101025,0.0,0.0,480.0,170.0,10.0,388.19,435.25,1.91,382,Proper_Training
11.95,0.378,4.49,0.03,0.6,0.03,0.02,0.0,0.03,0.0001,0.0,0.101025,0.0,0.0,480.0,170.0,8.0,355.58,415.51,2.27,383,Final_Test
11.95,0.378,4.49,0.03,0.6,0.03,0.02,0.0,0.03,0.0001,0.0,0.101025,0.0,0.0,481.7,171.5,8.0,373.67,422.0,2.0,384,Proper_Training
11.95,0.378,4.49,0.03,0.6,0.03,0.02,0.0,0.03,0.0001,0.0,0.101025,0.0,0.0,482.0,170.5,8.0,376.0,415.0,2.0,385,Calibration
11.95,0.378,4.49,0.03,0.6,0.03,0.02,0.0,0.03,0.0001,0.0,0.101025,0.0,0.0,482.5,169.2,8.0,367.67,420.0,2.0,386,Proper_Training
11.95,0.378,4.49,0.03,0.6,0.03,0.02,0.0,0.03,0.0001,0.0,0.101025,0.0,0.0,482.5,171.5,8.0,376.0,421.5,2.25,387,Proper_Training
11.95,0.378,4.49,0.03,0.6,0.03,0.02,0.0,0.03,0.0001,0.0,0.101025,0.0,0.0,483.3,172.2,8.0,377.0,426.0,2.0,388,Proper_Training
11.95,0.378,4.49,0.03,0.6,0.03,0.02,0.0,0.03,0.0001,0.0,0.101025,0.0,0.0,483.9,170.7,8.0,378.0,410.0,2.5,389,Proper_Training
11.95,0.378,4.49,0.03,0.6,0.03,0.02,0.0,0.03,0.0001,0.0,0.101025,0.0,0.0,485.0,170.4,8.0,365.0,431.5,1.5,390,Final_Test
11.95,0.378,4.49,0.03,0.6,0.03,0.02,0.0,0.03,0.0001,0.0,0.101025,0.0,0.0,490.0,170.0,7.0,407.39,457.08,2.19,391,Proper_Training
11.95,0.378,4.49,0.03,0.6,0.03,0.02,0.0,0.03,0.0001,0.0,0.101025,0.0,0.0,490.0,165.0,10.0,414.67,435.0,1.83,392,Calibration
11.95,0.378,4.49,0.03,0.6,0.03,0.02,0.0,0.03,0.0001,0.0,0.101025,0.0,0.0,490.0,165.0,8.0,404.0,429.0,1.17,393,Proper_Training
11.95,0.378,4.49,0.03,0.6,0.03,0.02,0.0,0.03,0.0001,0.0,0.101025,0.0,0.0,490.0,170.0,8.0,394.19,451.67,3.02,394,Calibration
11.95,0.378,4.49,0.03,0.6,0.03,0.02,0.0,0.03,0.0001,0.0,0.101025,0.0,0.0,500.0,160.0,7.5,351.67,376.0,2.17,395,Proper_Training
11.95,0.378,4.49,0.03,0.6,0.03,0.02,0.0,0.03,0.0001,0.0,0.101025,0.0,0.0,500.0,195.0,7.0,383.33,450.67,1.67,396,Final_Test
11.95,0.378,4.49,0.03,0.6,0.03,0.02,0.0,0.03,0.0001,0.0,0.101025,0.0,0.0,500.0,170.0,8.0,415.9,443.45,1.43,397,Calibration
11.95,0.378,4.49,0.03,0.6,0.03,0.02,0.0,0.03,0.0001,0.0,0.101025,0.0,0.0,500.0,195.0,7.6,317.33,419.67,3.17,398,Final_Test
11.95,0.378,4.49,0.03,0.6,0.03,0.02,0.0,0.03,0.0001,0.0,0.101025,0.0,0.0,505.0,160.0,6.0,327.2,433.0,1.9,399,Proper_Training
11.95,0.378,4.49,0.03,0.6,0.03,0.02,0.0,0.03,0.0001,0.0,0.101025,0.0,0.0,505.0,160.0,7.0,306.67,429.67,1.83,400,Final_Test
11.95,0.378,4.49,0.03,0.6,0.03,0.02,0.0,0.03,0.0001,0.0,0.101025,0.0,0.0,510.0,160.0,6.5,322.33,461.67,1.17,401,Final_Test
11.95,0.378,4.49,0.03,0.6,0.03,0.02,0.0,0.03,0.0001,0.0,0.101025,0.0,0.0,510.0,190.0,7.0,329.67,435.0,2.0,402,Proper_Training
11.95,0.378,4.49,0.03,0.6,0.03,0.02,0.0,0.03,0.0001,0.0,0.101025,0.0,0.0,510.0,165.0,6.5,351.67,396.0,2.17,403,Calibration
11.95,0.378,4.49,0.03,0.6,0.03,0.02,0.0,0.03,0.0001,0.0,0.101025,0.0,0.0,510.0,160.0,6.5,328.0,454.0,2.0,404,Proper_Training
11.95,0.378,4.49,0.03,0.6,0.03,0.02,0.0,0.03,0.0001,0.0,0.101025,0.0,0.0,510.0,190.0,7.0,313.33,421.0,2.17,405,Proper_Training
0.644,0.116,4.41,0.521,0.691,0.0,0.0,0.013,0.014,0.0,0.0,0.0,0.0,0.0,520.0,160.0,24.0,402.0,464.0,13.9,406,Proper_Training
0.644,0.116,4.41,0.521,0.691,0.0,0.0,0.013,0.014,0.0,0.0,0.0,0.0,0.0,520.0,170.0,16.0,448.0,504.0,10.1,407,Calibration
0.644,0.116,4.41,0.521,0.691,0.0,0.0,0.013,0.014,0.0,0.0,0.0,0.0,0.0,520.0,180.0,10.0,422.0,494.0,9.6,408,Proper_Training
0.644,0.116,4.41,0.521,0.691,0.0,0.0,0.013,0.014,0.0,0.0,0.0,0.0,0.0,520.0,200.0,6.0,409.0,488.0,8.4,409,Final_Test
1.18,0.24,0.09,0.9,1.07,0.14,0.0,0.0,0.0,0.001,0.0,0.0,0.0,0.0,560.0,180.0,2.0,305.0,364.0,13.0,410,Calibration
1.18,0.24,0.09,0.9,1.07,0.14,0.0,0.0,0.0,0.001,0.0,0.0,0.0,0.0,560.0,180.0,6.0,328.0,360.0,10.0,411,Calibration
1.18,0.24,0.09,0.9,1.07,0.14,0.0,0.0,0.0,0.001,0.0,0.0,0.0,0.0,560.0,180.0,6.0,366.0,390.0,8.0,412,Calibration
1.2,0.18,0.06,0.86,0.97,0.16,0.0,0.0,0.0,0.0,0.0,0.0,0.0,0.0,540.0,175.0,2.0,380.0,430.0,17.0,413,Proper_Training
1.2,0.18,0.06,0.86,0.97,0.16,0.0,0.0,0.0,0.0,0.0,0.0,0.0,0.0,560.0,180.0,6.0,380.0,425.0,16.0,414,Proper_Training
1.2,0.18,0.06,0.86,0.97,0.16,0.0,0.0,0.0,0.0,0.0,0.0,0.0,0.0,560.0,190.0,1.0,340.0,419.0,21.0,415,Proper_Training
1.2,0.18,0.06,0.86,0.97,0.16,0.0,0.0,0.0,0.0,0.0,0.0,0.0,0.0,560.0,190.0,2.0,400.0,438.0,24.0,416,Calibration
1.2,0.18,0.06,0.86,0.97,0.16,0.0,0.0,0.0,0.0,0.0,0.0,0.0,0.0,525.0,175.0,6.0,405.0,440.0,20.0,417,Final_Test
1.2,0.18,0.06,0.86,0.97,0.16,0.0,0.0,0.0,0.0,0.0,0.0,0.0,0.0,560.0,180.0,6.0,350.0,405.0,20.0,418,Proper_Training
1.2,0.18,0.06,0.86,0.97,0.16,0.0,0.0,0.0,0.0,0.0,0.0,0.0,0.0,560.0,190.0,1.0,350.0,400.0,18.0,419,Calibration
1.2,0.18,0.06,0.86,0.97,0.16,0.0,0.0,0.0,0.0,0.0,0.0,0.0,0.0,560.0,190.0,2.0,320.0,431.0,21.0,420,Final_Test
0.85,0.7,4.45,0.8,0.5,0.1,0.25,0.0,0.15,0.0,0.0,0.0,0.0,0.0,500.0,150.0,4.0,348.0,403.0,6.5,421,Proper_Training
0.85,0.7,4.45,0.8,0.5,0.1,0.25,0.0,0.15,0.0,0.0,0.0,0.0,0.0,500.0,165.0,10.0,454.0,466.0,10.5,422,Proper_Training
0.8,0.0,4.4,0.8,0.4,0.0,0.0,0.0,0.0,0.0,0.0,0.0,0.0,0.0,502.0,177.0,10.0,450.1,496.4,11.04,423,Final_Test
0.0,0.0,6.5,0.3,0.0,0.0,0.0,0.0,0.08,0.25,0.0,0.0,0.0,0.0,535.0,191.0,18.0,283.09,392.13,9.01,424,Proper_Training
0.0,0.0,6.5,0.3,0.0,0.0,0.0,0.0,0.08,0.25,0.0,0.0,0.0,0.0,535.0,191.0,20.0,284.96,406.07,9.01,425,Proper_Training
0.0,0.0,6.5,0.3,0.0,0.0,0.0,0.0,0.08,0.25,0.0,0.0,0.0,0.0,535.0,191.0,23.0,287.96,409.84,8.01,426,Final_Test
0.0,0.0,6.5,0.3,0.0,0.0,0.0,0.0,0.08,0.25,0.0,0.0,0.0,0.0,535.0,191.0,25.0,276.91,392.13,8.01,427,Proper_Training
0.0,0.0,6.5,0.3,0.0,0.0,0.0,0.0,0.08,0.25,0.0,0.0,0.0,0.0,535.0,191.0,26.0,266.05,379.02,8.01,428,Final_Test
0.0,0.0,6.5,0.3,0.0,0.0,0.0,0.0,0.08,0.25,0.0,0.0,0.0,0.0,535.0,191.0,27.0,257.82,374.92,9.01,429,Proper_Training
0.0,0.0,6.5,0.3,0.0,0.0,0.0,0.0,0.08,0.25,0.0,0.0,0.0,0.0,535.0,191.0,29.0,248.83,367.05,9.01,430,Calibration
0.0,0.0,6.5,0.3,0.0,0.0,0.0,0.0,0.08,0.25,0.0,0.0,0.0,0.0,535.0,191.0,18.0,279.91,397.21,10.0,431,Proper_Training
0.0,0.0,6.5,0.3,0.0,0.0,0.0,0.0,0.08,0.25,0.0,0.0,0.0,0.0,535.0,191.0,20.0,283.84,401.97,9.01,432,Proper_Training
0.0,0.0,6.5,0.3,0.0,0.0,0.0,0.0,0.08,0.25,0.0,0.0,0.0,0.0,535.0,191.0,23.0,292.82,415.08,8.01,433,Final_Test
0.0,0.0,6.5,0.3,0.0,0.0,0.0,0.0,0.08,0.25,0.0,0.0,0.0,0.0,535.0,191.0,25.0,286.08,400.0,8.05,434,Proper_Training
0.0,0.0,6.5,0.3,0.0,0.0,0.0,0.0,0.08,0.25,0.0,0.0,0.0,0.0,535.0,191.0,26.0,281.97,389.02,9.01,435,Calibration
0.0,0.0,6.5,0.3,0.0,0.0,0.0,0.0,0.08,0.25,0.0,0.0,0.0,0.0,535.0,191.0,27.0,274.85,385.08,9.01,436,Calibration
0.0,0.0,6.5,0.3,0.0,0.0,0.0,0.0,0.08,0.25,0.0,0.0,0.0,0.0,535.0,191.0,29.0,264.93,378.03,9.01,437,Final_Test
0.0,0.0,6.5,0.3,0.0,0.0,0.0,0.0,0.08,0.25,0.0,0.0,0.0,0.0,535.0,191.0,18.0,277.47,394.43,9.01,438,Proper_Training
0.0,0.0,6.5,0.3,0.0,0.0,0.0,0.0,0.08,0.25,0.0,0.0,0.0,0.0,535.0,191.0,20.0,286.46,408.36,8.03,439,Final_Test
0.0,0.0,6.5,0.3,0.0,0.0,0.0,0.0,0.08,0.25,0.0,0.0,0.0,0.0,535.0,191.0,23.0,296.94,418.03,6.99,440,Proper_Training
0.0,0.0,6.5,0.3,0.0,0.0,0.0,0.0,0.08,0.25,0.0,0.0,0.0,0.0,535.0,191.0,25.0,291.89,407.21,8.01,441,Proper_Training
0.0,0.0,6.5,0.3,0.0,0.0,0.0,0.0,0.08,0.25,0.0,0.0,0.0,0.0,535.0,191.0,26.0,287.21,397.21,8.01,442,Final_Test
0.0,0.0,6.5,0.3,0.0,0.0,0.0,0.0,0.08,0.25,0.0,0.0,0.0,0.0,535.0,191.0,27.0,274.85,385.08,8.01,443,Final_Test
0.0,0.0,6.5,0.3,0.0,0.0,0.0,0.0,0.08,0.25,0.0,0.0,0.0,0.0,535.0,191.0,29.0,268.11,380.0,9.01,444,Proper_Training
0.0,0.0,6.5,0.3,0.0,0.0,0.0,0.0,0.08,0.25,0.0,0.0,0.0,0.0,535.0,191.0,18.0,272.04,390.0,9.01,445,Proper_Training
0.0,0.0,6.5,0.3,0.0,0.0,0.0,0.0,0.08,0.25,0.0,0.0,0.0,0.0,535.0,191.0,20.0,275.04,396.07,9.01,446,Final_Test
0.0,0.0,6.5,0.3,0.0,0.0,0.0,0.0,0.08,0.25,0.0,0.0,0.0,0.0,535.0,191.0,23.0,281.97,407.05,8.01,447,Final_Test
0.0,0.0,6.5,0.3,0.0,0.0,0.0,0.0,0.08,0.25,0.0,0.0,0.0,0.0,535.0,191.0,25.0,304.06,428.03,6.0,448,Proper_Training
0.0,0.0,6.5,0.3,0.0,0.0,0.0,0.0,0.08,0.25,0.0,0.0,0.0,0.0,535.0,191.0,26.0,302.0,421.97,6.99,449,Proper_Training
0.0,0.0,6.5,0.3,0.0,0.0,0.0,0.0,0.08,0.25,0.0,0.0,0.0,0.0,535.0,191.0,27.0,301.06,416.07,8.01,450,Proper_Training
0.0,0.0,6.5,0.3,0.0,0.0,0.0,0.0,0.08,0.25,0.0,0.0,0.0,0.0,535.0,191.0,29.0,287.96,398.03,9.01,451,Proper_Training
