Original_Index,Data_Split
0,Final_Test
1,Proper_Training
2,Calibration
3,Proper_Training
4,Proper_Training
5,Proper_Training
6,Proper_Training
7,Proper_Training
8,Proper_Training
9,Final_Test
10,Proper_Training
11,Final_Test
12,Proper_Training
13,Proper_Training
14,Proper_Training
15,Final_Test
16,Calibration
17,Proper_Training
18,Calibration
19,Final_Test
20,Proper_Training
21,Proper_Training
22,Final_Test
23,Proper_Training
24,Proper_Training
25,Final_Test
26,Proper_Training
27,Proper_Training
28,Proper_Training
29,Proper_Training
30,Final_Test
31,Calibration
32,Proper_Training
33,Final_Test
34,Calibration
35,Proper_Training
36,Proper_Training
37,Proper_Training
38,Calibration
39,Final_Test
40,Proper_Training
41,Proper_Training
42,Final_Test
43,Proper_Training
44,Proper_Training
45,Proper_Training
46,Final_Test
47,Proper_Training
48,Proper_Training
49,Proper_Training
50,Calibration
51,Proper_Training
52,Proper_Training
53,Proper_Training
54,Proper_Training
55,Final_Test
56,Final_Test
57,Final_Test
58,Calibration
59,Calibration
60,Proper_Training
61,Proper_Training
62,Proper_Training
63,Proper_Training
64,Proper_Training
65,Proper_Training
66,Proper_Training
67,Proper_Training
68,Proper_Training
69,Proper_Training
70,Final_Test
71,Calibration
72,Final_Test
73,Final_Test
74,Proper_Training
75,Final_Test
76,Final_Test
77,Final_Test
78,Final_Test
79,Final_Test
80,Proper_Training
81,Calibration
82,Final_Test
83,Proper_Training
84,Proper_Training
85,Proper_Training
86,Proper_Training
87,Proper_Training
88,Proper_Training
89,Calibration
90,Final_Test
91,Calibration
92,Proper_Training
93,Final_Test
94,Proper_Training
95,Proper_Training
96,Proper_Training
97,Proper_Training
98,Proper_Training
99,Proper_Training
100,Proper_Training
101,Final_Test
102,Proper_Training
103,Proper_Training
104,Proper_Training
105,Proper_Training
106,Proper_Training
107,Proper_Training
108,Calibration
109,Calibration
110,Proper_Training
111,Proper_Training
112,Proper_Training
113,Final_Test
114,Proper_Training
115,Proper_Training
116,Final_Test
117,Final_Test
118,Proper_Training
119,Calibration
120,Proper_Training
121,Proper_Training
122,Proper_Training
123,Proper_Training
124,Final_Test
125,Proper_Training
126,Proper_Training
127,Proper_Training
128,Calibration
129,Calibration
130,Proper_Training
131,Calibration
132,Final_Test
133,Proper_Training
134,Proper_Training
135,Proper_Training
136,Calibration
137,Final_Test
138,Proper_Training
139,Proper_Training
140,Final_Test
141,Proper_Training
142,Proper_Training
143,Proper_Training
144,Proper_Training
145,Proper_Training
146,Proper_Training
147,Proper_Training
148,Proper_Training
149,Proper_Training
150,Proper_Training
151,Calibration
152,Proper_Training
153,Final_Test
154,Proper_Training
155,Calibration
156,Proper_Training
157,Proper_Training
158,Calibration
159,Proper_Training
160,Proper_Training
161,Proper_Training
162,Proper_Training
163,Proper_Training
164,Proper_Training
165,Final_Test
166,Calibration
167,Proper_Training
168,Proper_Training
169,Proper_Training
170,Calibration
171,Calibration
172,Proper_Training
173,Proper_Training
174,Proper_Training
175,Proper_Training
176,Proper_Training
177,Proper_Training
178,Proper_Training
179,Calibration
180,Final_Test
181,Proper_Training
182,Proper_Training
183,Proper_Training
184,Proper_Training
185,Calibration
186,Proper_Training
187,Proper_Training
188,Proper_Training
189,Calibration
190,Calibration
191,Calibration
192,Final_Test
193,Proper_Training
194,Proper_Training
195,Calibration
196,Final_Test
197,Proper_Training
198,Calibration
199,Proper_Training
200,Proper_Training
201,Proper_Training
202,Proper_Training
203,Calibration
204,Final_Test
205,Proper_Training
206,Calibration
207,Proper_Training
208,Calibration
209,Final_Test
210,Proper_Training
211,Proper_Training
212,Calibration
213,Calibration
214,Proper_Training
215,Proper_Training
216,Proper_Training
217,Calibration
218,Final_Test
219,Proper_Training
220,Calibration
221,Proper_Training
222,Calibration
223,Calibration
224,Proper_Training
225,Proper_Training
226,Proper_Training
227,Final_Test
228,Proper_Training
229,Proper_Training
230,Proper_Training
231,Proper_Training
232,Proper_Training
233,Proper_Training
234,Final_Test
235,Proper_Training
236,Proper_Training
237,Proper_Training
238,Proper_Training
239,Proper_Training
240,Proper_Training
241,Proper_Training
242,Proper_Training
243,Proper_Training
244,Final_Test
245,Final_Test
246,Proper_Training
247,Proper_Training
248,Final_Test
249,Proper_Training
250,Calibration
251,Proper_Training
252,Proper_Training
253,Proper_Training
254,Calibration
255,Proper_Training
256,Proper_Training
257,Proper_Training
258,Proper_Training
259,Proper_Training
260,Proper_Training
261,Calibration
262,Calibration
263,Proper_Training
264,Calibration
265,Calibration
266,Proper_Training
267,Calibration
268,Proper_Training
269,Calibration
270,Calibration
271,Proper_Training
272,Proper_Training
273,Proper_Training
274,Calibration
275,Final_Test
276,Calibration
277,Calibration
278,Final_Test
279,Calibration
280,Final_Test
281,Calibration
282,Proper_Training
283,Proper_Training
284,Final_Test
285,Proper_Training
286,Proper_Training
287,Final_Test
288,Proper_Training
289,Final_Test
290,Final_Test
291,Final_Test
292,Proper_Training
293,Calibration
294,Calibration
295,Proper_Training
296,Proper_Training
297,Final_Test
298,Final_Test
299,Final_Test
300,Proper_Training
301,Calibration
302,Final_Test
303,Proper_Training
304,Final_Test
305,Calibration
306,Proper_Training
307,Proper_Training
308,Calibration
309,Proper_Training
310,Proper_Training
311,Proper_Training
312,Final_Test
313,Proper_Training
314,Calibration
315,Proper_Training
316,Proper_Training
317,Final_Test
318,Calibration
319,Calibration
320,Proper_Training
321,Proper_Training
322,Proper_Training
323,Proper_Training
324,Proper_Training
325,Proper_Training
326,Proper_Training
327,Proper_Training
328,Proper_Training
329,Calibration
330,Calibration
331,Proper_Training
332,Final_Test
333,Proper_Training
334,Proper_Training
335,Calibration
336,Final_Test
337,Proper_Training
338,Final_Test
339,Proper_Training
340,Final_Test
341,Proper_Training
342,Proper_Training
343,Calibration
344,Proper_Training
345,Proper_Training
346,Calibration
347,Proper_Training
348,Proper_Training
349,Proper_Training
350,Proper_Training
351,Proper_Training
352,Proper_Training
353,Final_Test
354,Proper_Training
355,Final_Test
356,Proper_Training
357,Calibration
358,Proper_Training
359,Calibration
360,Proper_Training
361,Calibration
362,Calibration
363,Proper_Training
364,Proper_Training
365,Proper_Training
366,Calibration
367,Calibration
368,Final_Test
369,Proper_Training
370,Final_Test
371,Proper_Training
372,Proper_Training
373,Final_Test
374,Calibration
375,Proper_Training
376,Proper_Training
377,Calibration
378,Proper_Training
379,Final_Test
380,Proper_Training
381,Proper_Training
382,Proper_Training
383,Final_Test
384,Proper_Training
385,Calibration
386,Proper_Training
387,Proper_Training
388,Proper_Training
389,Proper_Training
390,Final_Test
391,Proper_Training
392,Calibration
393,Proper_Training
394,Calibration
395,Proper_Training
396,Final_Test
397,Calibration
398,Final_Test
399,Proper_Training
400,Final_Test
401,Final_Test
402,Proper_Training
403,Calibration
404,Proper_Training
405,Proper_Training
406,Proper_Training
407,Calibration
408,Proper_Training
409,Final_Test
410,Calibration
411,Calibration
412,Calibration
413,Proper_Training
414,Proper_Training
415,Proper_Training
416,Calibration
417,Final_Test
418,Proper_Training
419,Calibration
420,Final_Test
421,Proper_Training
422,Proper_Training
423,Final_Test
424,Proper_Training
425,Proper_Training
426,Final_Test
427,Proper_Training
428,Final_Test
429,Proper_Training
430,Calibration
431,Proper_Training
432,Proper_Training
433,Final_Test
434,Proper_Training
435,Calibration
436,Calibration
437,Final_Test
438,Proper_Training
439,Final_Test
440,Proper_Training
441,Proper_Training
442,Final_Test
443,Final_Test
444,Proper_Training
445,Proper_Training
446,Final_Test
447,Final_Test
448,Proper_Training
449,Proper_Training
450,Proper_Training
451,Proper_Training
