Feature_Count,Repeat,Fold,Outer_ID,Implementation,Chain_Order,Target,R2,RMSE,MAE,NRMSE,NMAE,MAPE_Percent
12,1,1,R01_F01,,,YS,0.8589929707405031,45.286517164203886,35.13594779924132,0.37684045656340154,0.29237502549478084,11.376918871531725
12,1,1,R01_F01,,,UTS,0.8547887657897975,39.66944814964112,28.10021859613433,0.3825531392131528,0.27098503604024177,6.5642956519615066
12,1,1,R01_F01,,,El,0.7478370036899509,3.621130612396918,2.5823010889588964,0.5008647525032399,0.35717673131765915,24.149361493729618
12,1,1,R01_F01,,,Macro,0.8205395800734171,,,0.42008611609326474,0.3068455976175606,
12,1,2,R01_F02,,,YS,0.856883322148073,52.57557457149522,39.03935655864201,0.4560718901543617,0.3386506620464611,13.161480942735018
12,1,2,R01_F02,,,UTS,0.8665775454147562,44.5639989526576,32.91840624999972,0.4512448477453341,0.33332424300791647,8.299415960736587
12,1,2,R01_F02,,,El,0.7069502470944962,4.222441667705198,2.8462877314814876,0.5978060940991397,0.4029725654834188,21.990203201118756
12,1,2,R01_F02,,,Macro,0.8101370382191084,,,0.5017076106662784,0.3583158235125988,
12,1,3,R01_F03,,,YS,0.8373611313270238,46.2421064440221,31.947086170908157,0.38136342284066566,0.2634709157696304,11.330351599277847
12,1,3,R01_F03,,,UTS,0.8746169900393865,35.65945014804554,25.51303083991378,0.34243867307628967,0.24500233151949985,6.614008691552415
12,1,3,R01_F03,,,El,0.7858249349236186,3.4579396494549384,2.316525925437919,0.48261738783503105,0.3233126671725465,19.16410398144862
12,1,3,R01_F03,,,Macro,0.8326010187633429,,,0.4021398279173288,0.2772619714872256,
12,1,4,R01_F04,,,YS,0.8959442740519814,37.35458179975864,26.450297898716865,0.3087088499761151,0.21859275763304883,8.058975965620036
12,1,4,R01_F04,,,UTS,0.9073813225842073,31.19856658565658,21.7340816826163,0.3001521005001292,0.20909711513726506,5.4014128668698715
12,1,4,R01_F04,,,El,0.7042573513608714,3.8617716126324537,2.206460593319978,0.5326159480410051,0.3043152777036296,18.591199657102266
12,1,4,R01_F04,,,Macro,0.8358609826656868,,,0.3804922995057498,0.24400171682464786,
12,1,5,R01_F05,,,YS,0.8314878644533045,42.44778416720966,30.699402592592826,0.34168401214353883,0.24711525593248437,9.025236581364975
12,1,5,R01_F05,,,UTS,0.7990955793202787,36.55987202714323,27.125601851851453,0.33700354407245126,0.25003982378235073,5.735395210984616
12,1,5,R01_F05,,,El,0.6752074014317377,3.581803813579501,2.1301560185185244,0.4816371108486598,0.2864372935576401,16.218024448327277
12,1,5,R01_F05,,,Macro,0.7685969484017736,,,0.38677488902154994,0.26119745775749176,
12,2,1,R02_F01,,,YS,0.826139808716758,50.803049645415854,35.154214043209905,0.4232873148493402,0.29290235471783327,10.689843594402273
12,2,1,R02_F01,,,UTS,0.8493724372613509,41.14775364488668,30.148200874485525,0.3983967013655139,0.2918979219171179,6.906835958279222
12,2,1,R02_F01,,,El,0.521051460109371,5.899839996130856,3.272439146090546,0.8595956905840635,0.4767882840081746,23.947633818222933
12,2,1,R02_F01,,,Macro,0.73218790202916,,,0.5604265689329725,0.3538628535477086,
12,2,2,R02_F02,,,YS,0.8901271090278526,39.56033745180561,29.96469345679029,0.3316713613971342,0.25122209042753824,8.509245938370713
12,2,2,R02_F02,,,UTS,0.9015480704955908,32.018685329289404,24.532647654320492,0.3097858320327948,0.23735723648244275,5.2033295233418695
12,2,2,R02_F02,,,El,0.7455153132237369,3.2663303055142405,2.1147364814814913,0.4415004958279219,0.28584286272067067,17.070771361513344
12,2,2,R02_F02,,,Macro,0.8457301642490601,,,0.36098589641928364,0.25814072987688386,
12,2,3,R02_F03,,,YS,0.9149385784469476,33.32301460968508,22.33474322916666,0.27331609892797126,0.1831900553252928,7.641591450803323
12,2,3,R02_F03,,,UTS,0.8393398225025813,37.6007456976981,24.603670196759502,0.3544278473815915,0.23191630122532214,6.089361178847208
12,2,3,R02_F03,,,El,0.8876008465596947,2.2937802617621665,1.6085584297839461,0.313784368243715,0.22004744704058854,14.380320927344837
12,2,3,R02_F03,,,Macro,0.8806264158364079,,,0.31384277151775924,0.21171793453040114,
12,2,4,R02_F04,,,YS,0.8044685246514921,51.74778441761468,37.21340654320963,0.42811208394924,0.30786842770877654,13.403951495712588
12,2,4,R02_F04,,,UTS,0.8312958092262862,41.97763141807116,28.616763950616612,0.4037161215591346,0.27521917181688976,7.037021279181651
12,2,4,R02_F04,,,El,0.6994452442095112,3.7419829483911378,2.2821138888888943,0.5107952995015775,0.3115174663938277,16.34996346443486
12,2,4,R02_F04,,,Macro,0.7784031926957632,,,0.44754116833665075,0.2982016886398314,
12,2,5,R02_F05,,,YS,0.8494153907236796,46.88306409289289,34.986810367713915,0.39124151539795354,0.29196668289605804,11.10189610893269
12,2,5,R02_F05,,,UTS,0.9043870368305429,33.06665579674568,25.677735329867794,0.32326488553705435,0.2510296240201412,6.514030476357287
12,2,5,R02_F05,,,El,0.659588391482409,4.177378827608102,2.851710803381556,0.5767146078181317,0.39369742258319607,24.424914641552324
12,2,5,R02_F05,,,Macro,0.8044636063455438,,,0.4304070029177132,0.31223124316646506,
12,3,1,R03_F01,,,YS,0.8855256107161386,43.21090486370974,31.372995448265733,0.3659865891936607,0.2657221743704364,12.113616552438504
12,3,1,R03_F01,,,UTS,0.8996326357557961,36.25064700664973,26.079371249265225,0.36087516895344945,0.259620124960857,6.890165430666492
12,3,1,R03_F01,,,El,0.7714950775463282,3.5105591264761724,2.2663356922398634,0.48805203075181636,0.3150750912072685,18.446616987162624
12,3,1,R03_F01,,,Macro,0.8522177746727543,,,0.40497126296630886,0.28013913017952063,
12,3,2,R03_F02,,,YS,0.8271494908406609,47.714150490093914,34.904788330412195,0.39189594706637254,0.2866873860143042,11.532081166429247
12,3,2,R03_F02,,,UTS,0.8233885967295174,39.411253550864046,30.55746944915978,0.3710831382767856,0.2877188782223499,7.076177439309653
12,3,2,R03_F02,,,El,0.7332926726243525,3.995419938190913,2.6352510074377484,0.5656348684370579,0.3730746404508357,18.06736112662335
12,3,2,R03_F02,,,Macro,0.794610253398177,,,0.4428713179267387,0.3158269682291633,
12,3,3,R03_F03,,,YS,0.8567496218471636,43.929490736634605,30.241502687364186,0.36198797870561455,0.24919616064864072,9.603018127310854
12,3,3,R03_F03,,,UTS,0.889633116029625,34.24614638002432,24.947477128632666,0.32928994346119483,0.2398796419902784,5.678145040193817
12,3,3,R03_F03,,,El,0.8267310595661588,2.9665341087084443,2.0220985975574832,0.4112395213752792,0.2803159609700919,18.29868851944222
12,3,3,R03_F03,,,Macro,0.8577045991476492,,,0.3675058145140295,0.2564639212030037,
12,3,4,R03_F04,,,YS,0.8031241049801332,54.82993547423585,36.37987407407401,0.4609966450597828,0.3058730554903908,11.135722594077984
12,3,4,R03_F04,,,UTS,0.8506617517462631,40.82763380853376,25.870984567901182,0.3966419804041663,0.2513375769494899,5.8473873332504045
12,3,4,R03_F04,,,El,0.7275880881948543,3.8583161571651905,2.3800172839506186,0.5370770518122235,0.33129806217474433,24.747775483623503
12,3,4,R03_F04,,,Macro,0.7937913149737502,,,0.4649052257587242,0.29616956487154167,
12,3,5,R03_F05,,,YS,0.8759456334193985,40.059865566262786,29.886441154970683,0.32845721581417153,0.24504368932837445,8.967851033629154
12,3,5,R03_F05,,,UTS,0.8880276804649195,32.304628660767065,24.6764106938251,0.3060765183292122,0.23380147623242747,5.831366577273424
12,3,5,R03_F05,,,El,0.6740428943212096,3.4708585001906265,2.5631205302049187,0.4640592034015217,0.34269321881132697,23.166767596289116
12,3,5,R03_F05,,,Macro,0.8126720694018426,,,0.3661976458483018,0.27384612812404296,
12,4,1,R04_F01,,,YS,0.8966699309249451,41.51551360089196,28.672107588920106,0.3522581504142132,0.24328215434948458,9.525815270846243
12,4,1,R04_F01,,,UTS,0.9080236745149423,32.43081050405606,22.00431224321562,0.31504359171350665,0.21375714804972648,5.579597765632753
12,4,1,R04_F01,,,El,0.6519748757655995,4.288656343344345,2.5183610860646093,0.5943068662672361,0.3489855948731212,17.831242440808044
12,4,1,R04_F01,,,Macro,0.8188894937351624,,,0.42053620279831866,0.2686749657574441,
12,4,2,R04_F02,,,YS,0.857340675292466,54.26731627718344,41.86743783787792,0.48002112533833574,0.3703380967527377,17.538618522898417
12,4,2,R04_F02,,,UTS,0.8908420766646996,39.96751773724576,30.851887323326473,0.40533818999788923,0.31289028875571473,7.937577065325309
12,4,2,R04_F02,,,El,0.46508005317875867,6.359912709724838,3.6530679580782923,0.9420085198177274,0.5410799325470278,26.061393922229968
12,4,2,R04_F02,,,Macro,0.7377542683786414,,,0.6091226117179841,0.4081027726851601,
12,4,3,R04_F03,,,YS,0.8440278874070734,40.32543705243747,28.117024403251314,0.3238845516139648,0.22582941456341896,8.561125375160188
12,4,3,R04_F03,,,UTS,0.8590293241057521,33.859287743538445,23.134037941638802,0.31654910414135046,0.21627917991261567,5.4605804600781065
12,4,3,R04_F03,,,El,0.8434099541621598,2.5685499053108987,1.8886440425651212,0.3480492779689935,0.25591918381498857,24.028805832903295
12,4,3,R04_F03,,,Macro,0.8488223885583284,,,0.3294943112414362,0.2326759260970077,
12,4,4,R04_F04,,,YS,0.7002512717464031,60.11851494336248,42.09346685518429,0.48908867917065246,0.34244754923356147,12.29035519534199
12,4,4,R04_F04,,,UTS,0.7888860285401714,45.64612851940868,34.01658603045852,0.43496764479267463,0.3241482857251442,7.5412208544368475
12,4,4,R04_F04,,,El,0.7094373976651592,3.466252733280931,2.4552273576342687,0.46748832977293153,0.33113284718475455,21.360771043116163
12,4,4,R04_F04,,,Macro,0.732858232650578,,,0.4638482179120862,0.3325762273811534,
12,4,5,R04_F05,,,YS,0.7984521907081563,48.19462283141291,34.60779853061586,0.39037968114028804,0.2803254919663633,12.38989701357862
12,4,5,R04_F05,,,UTS,0.8254447376626696,40.143547605293776,27.932718418676064,0.37987813668655285,0.2643271374470534,7.07792446314407
12,4,5,R04_F05,,,El,0.720387961594066,3.5148993594194002,2.4039059460989503,0.47777958877233806,0.3267624693994803,21.802499755726853
12,4,5,R04_F05,,,Macro,0.781428296654964,,,0.4160124688663929,0.29047169960429897,
12,5,1,R05_F01,,,YS,0.9176111453846829,34.62395721792551,26.590184878868513,0.2876866106678882,0.22093488958199856,8.73878254347539
12,5,1,R05_F01,,,UTS,0.9372721828368145,26.292327715616796,18.914207444373805,0.2539861626638623,0.1827128818941113,4.756337575563744
12,5,1,R05_F01,,,El,0.7924665230644943,3.4105209176883404,2.2045269114229975,0.4762411569786967,0.30783756271413715,23.195406621443222
12,5,1,R05_F01,,,Macro,0.8824499504286639,,,0.3393046434368157,0.23716177806341565,
12,5,2,R05_F02,,,YS,0.8178418063406303,50.38579231080314,36.03431354166677,0.41726630184839686,0.2984155664046802,13.460257507565238
12,5,2,R05_F02,,,UTS,0.7824956548831943,49.71157719787612,35.45703124999992,0.4824985146466567,0.34414448054639424,9.326593213521056
12,5,2,R05_F02,,,El,0.7543062060764099,3.4306207995088442,2.1226874999999947,0.4697423514434604,0.29065183122902805,14.815168718314162
12,5,2,R05_F02,,,Macro,0.7848812224334115,,,0.456502389312838,0.31107062606003416,
12,5,3,R05_F03,,,YS,0.8307057149660583,49.78660713425964,33.18385075028205,0.41407418750089103,0.2759894041487831,12.044250077976956
12,5,3,R05_F03,,,UTS,0.8925449981748471,32.105641811547834,23.076851254645128,0.3052362358541147,0.21939730261986598,5.805300336570293
12,5,3,R05_F03,,,El,0.5764344257198718,5.189681842369469,3.2203475758354965,0.7409232740510397,0.4597643057789007,22.648929176825316
12,5,3,R05_F03,,,Macro,0.7665617129535924,,,0.48674456580201514,0.31838367084918323,
12,5,4,R05_F04,,,YS,0.8546950031614859,42.85694050560692,29.016307109409883,0.35507634080506006,0.24040456529409004,7.764979676438122
12,5,4,R05_F04,,,UTS,0.8517663264327336,38.11352423238895,26.686220610180232,0.36586965144228484,0.2561735874496058,5.708699361810352
12,5,4,R05_F04,,,El,0.7865975494039469,2.559066720381091,1.9459385664849569,0.33995352188016015,0.25850387712457834,21.606927733174512
12,5,4,R05_F04,,,Macro,0.8310196263327221,,,0.353633171375835,0.25169400995609137,
12,5,5,R05_F05,,,YS,0.8020045309947692,54.1458822885752,42.657882767489674,0.4514531059476932,0.355669403739668,14.84327913762156
12,5,5,R05_F05,,,UTS,0.8422433484483639,42.05278540854108,33.593825234176045,0.4070366025661854,0.3251607796648823,8.141410828875257
12,5,5,R05_F05,,,El,0.6679772544328124,4.344719176015861,2.5587343241720553,0.6095686523963827,0.35899310649030425,18.772315983040862
12,5,5,R05_F05,,,Macro,0.7707417112919819,,,0.4893527869700871,0.34660776329828485,
17,1,1,R01_F01,,,YS,0.804262462289045,53.356287099287904,43.10762686112452,0.44399103419939606,0.35870936439668,14.626801464534708
17,1,1,R01_F01,,,UTS,0.8271952731674537,43.274679442576286,32.5341976637099,0.4173202613445031,0.31374420438329287,7.7493051325818545
17,1,1,R01_F01,,,El,0.6348928020522919,4.357262347026444,3.167030798802855,0.6026844542871932,0.4380549245536737,30.3293026120044
17,1,1,R01_F01,,,Macro,0.7554501791695968,,,0.48799858327703083,0.3701694977778822,
17,1,2,R01_F02,,,YS,0.8492287125171338,53.963265950266454,41.88652752821886,0.4681095527995217,0.36334872110279626,14.023937310972961
17,1,2,R01_F02,,,UTS,0.8795884789096733,42.33540449326177,32.00640050352739,0.42867861062230334,0.32408948167855345,7.629394937810765
17,1,2,R01_F02,,,El,0.6979033096267617,4.287123184211258,2.7193153496472697,0.6069635929554618,0.3849960320896417,23.98225330627323
17,1,2,R01_F02,,,Macro,0.808906833684523,,,0.5012505854590956,0.35747807829033046,
17,1,3,R01_F03,,,YS,0.8433679252971793,45.38013536263344,30.362532037037194,0.3742546583991932,0.25040293434233807,10.79085188945083
17,1,3,R01_F03,,,UTS,0.8660788621508011,36.85359525593407,25.65638740740773,0.35390608114086136,0.246378988549981,6.638737876560674
17,1,3,R01_F03,,,El,0.7991903209980509,3.348307044492364,2.1765609259259193,0.46731619498832316,0.30377804560578187,16.156833661574623
17,1,3,R01_F03,,,Macro,0.8362123694820104,,,0.39849231150945924,0.2668533228327003,
17,1,4,R01_F04,,,YS,0.8877903475184957,38.79055520157611,27.2806277160493,0.32057614111185,0.22545483855216192,8.45335533571495
17,1,4,R01_F04,,,UTS,0.9045611979063589,31.66998394203539,22.101448456790084,0.30468746623050125,0.21263144126149516,5.324932711058157
17,1,4,R01_F04,,,El,0.7909838269445145,3.246530988924109,2.001625185185194,0.44776189634156116,0.2760643566136315,18.33605900429126
17,1,4,R01_F04,,,Macro,0.8611117907897897,,,0.35767516789463744,0.23805021214242952,
17,1,5,R01_F05,,,YS,0.840559609638914,41.28940339826916,28.57242868335771,0.3323596104936817,0.22999415071367563,8.51506115591991
17,1,5,R01_F05,,,UTS,0.8120518220356305,35.36136168086903,25.615613337676045,0.325955851290539,0.23612097088242798,5.466741902262835
17,1,5,R01_F05,,,El,0.6414511273907129,3.7633352917409915,2.200176496416748,0.506047240833532,0.2958527898914385,16.866128541641057
17,1,5,R01_F05,,,Macro,0.7646875196884192,,,0.38812090087258416,0.25398930382918067,
17,2,1,R02_F01,,,YS,0.7923024932600016,55.52714551604605,37.72427766316969,0.4626481380701239,0.31431593788415235,11.722485716140858
17,2,1,R02_F01,,,UTS,0.8286339681208217,43.88905973247101,30.294654426679042,0.4249383034211711,0.2933158999822318,7.007806369298219
17,2,1,R02_F01,,,El,0.5248215081021583,5.876573797291815,3.0793765908807718,0.8562058487796371,0.44865942956800253,23.34222643151858
17,2,1,R02_F01,,,Macro,0.7152526564943272,,,0.5812640967569774,0.3520970891447955,
17,2,2,R02_F02,,,YS,0.894136765383567,38.83177936227649,30.389273492417097,0.3255631765590904,0.2547817425313642,8.497305712733416
17,2,2,R02_F02,,,UTS,0.906372447397221,31.224336283657614,23.964866417101348,0.30210037969473774,0.2318638634355599,5.12909554542187
17,2,2,R02_F02,,,El,0.7774815921528642,3.054303888363196,1.945529552061606,0.4128414933557067,0.2629716475498467,16.055274918788577
17,2,2,R02_F02,,,Macro,0.8593302683112173,,,0.34683501653651166,0.24987241783892358,
17,2,3,R02_F03,,,YS,0.9164140648153571,33.03273765708388,21.856269795577692,0.2709352409767041,0.17926560569668087,7.423245312373851
17,2,3,R02_F03,,,UTS,0.8335020250734048,38.2777863927946,25.197517042885288,0.3608096909248561,0.2375139524272129,6.331600039565191
17,2,3,R02_F03,,,El,0.8451691400298401,2.692148760689972,1.7850908394145881,0.36828035020330663,0.24419671345198257,15.412504111766056
17,2,3,R02_F03,,,Macro,0.8650284099728673,,,0.3333417607016223,0.22032542385862544,
17,2,4,R02_F04,,,YS,0.7924176593210308,53.3185860597861,38.226647996797816,0.4411074067842015,0.31625102640592456,14.549792200739939
17,2,4,R02_F04,,,UTS,0.8343262253453154,41.59890299680473,30.157382511345208,0.4000737347880679,0.29003593324739796,7.568993268270027
17,2,4,R02_F04,,,El,0.6783898852564845,3.870836713051697,2.503204104562559,0.5283843420545359,0.34169714505336113,18.292196670651418
17,2,4,R02_F04,,,Macro,0.7683779233076103,,,0.4565218278756018,0.31599470156889453,
17,2,5,R02_F05,,,YS,0.8498945290746122,46.80841711706092,36.32267448535176,0.3906185826500745,0.3031145357905452,13.168327518841188
17,2,5,R02_F05,,,UTS,0.8659449777669751,39.15375602360261,29.366134589702096,0.38277334536386104,0.28708800173678456,7.886611687581333
17,2,5,R02_F05,,,El,0.7730166657423817,3.4111331033410695,2.4651300947971757,0.4709293485444331,0.34032741451309917,22.768679624481834
17,2,5,R02_F05,,,Macro,0.8296187241946563,,,0.41477375885278955,0.31017665068014294,
17,3,1,R03_F01,,,YS,0.9027763310394341,39.8221951453654,26.853492654321187,0.3372849844599481,0.22744300808997867,10.60333992518519
17,3,1,R03_F01,,,UTS,0.9071993782679282,34.85739642823311,22.63882777777773,0.34700536029076934,0.22536951679000206,6.220738190990378
17,3,1,R03_F01,,,El,0.6752318959076463,4.185190173849806,2.426337037037041,0.5818419487724897,0.3373191208441282,16.848117463294322
17,3,1,R03_F01,,,Macro,0.8284025350716696,,,0.42204409784106905,0.26337721524136964,
17,3,2,R03_F02,,,YS,0.7940336784620051,52.08467646438866,37.65429368056661,0.4277928748809004,0.3092702045722188,11.682365115492509
17,3,2,R03_F02,,,UTS,0.7975162633948752,42.19936844353516,31.398856265922127,0.3973350925038532,0.29564109414643697,7.046829205712414
17,3,2,R03_F02,,,El,0.6285837137734231,4.714931965235268,2.932303842592587,0.667496774582621,0.4151286532782687,21.676682079763008
17,3,2,R03_F02,,,Macro,0.7400445518767679,,,0.4975415806557915,0.34001331733230816,
17,3,3,R03_F03,,,YS,0.8644950973676719,42.72536527188173,31.148221746257175,0.3520657388666183,0.25666771094159263,9.65895005313377
17,3,3,R03_F03,,,UTS,0.8869126420285316,34.66564993478748,25.817193708305748,0.3333236323994138,0.2482423033002488,5.921686104582342
17,3,3,R03_F03,,,El,0.6821574429958008,4.0178619367996955,2.4536402482680364,0.5569811636384088,0.3401389649836782,24.59769280787216
17,3,3,R03_F03,,,Macro,0.8111883941306681,,,0.41412351163481365,0.2816829930751732,
17,3,4,R03_F04,,,YS,0.8001165931355745,55.24714418876202,35.063178482531214,0.46450443357025156,0.29480260200515085,10.896914979256684
17,3,4,R03_F04,,,UTS,0.8269927621094315,43.94412493717889,25.755731679116327,0.4269188075887837,0.2502178908498911,5.951875062891862
17,3,4,R03_F04,,,El,0.6691425042843646,4.252117467242441,2.5103832326551414,0.591894137297379,0.3494449834053704,24.686821634394455
17,3,4,R03_F04,,,Macro,0.7654172865097902,,,0.4944391261521381,0.29815515875347076,
17,3,5,R03_F05,,,YS,0.8674726956842818,41.40531966218009,30.63789509840267,0.3394888081598769,0.25120497985152873,9.333452238115678
17,3,5,R03_F05,,,UTS,0.8816486562582577,33.212075185831424,24.63042924173588,0.3146742977953776,0.23336581597732964,5.923121384687926
17,3,5,R03_F05,,,El,0.6351198991247331,3.6722460465984725,2.711631105100049,0.49098503294942153,0.3625493146673669,23.743589812134488
17,3,5,R03_F05,,,Macro,0.7947470836890909,,,0.3817160463015587,0.2823733701654084,
17,4,1,R04_F01,,,YS,0.891855200625822,42.47172250990498,29.635290671149605,0.3603715603779354,0.2514547400079006,9.764297225358197
17,4,1,R04_F01,,,UTS,0.9005527954852062,33.722212809018174,22.97254543747792,0.3275886997197182,0.22316288470556758,5.796724532727353
17,4,1,R04_F01,,,El,0.6376970075150532,4.375744030025248,2.566308965662287,0.6063751706540198,0.35563004287420147,18.45938495536382
17,4,1,R04_F01,,,Macro,0.8100350012086938,,,0.4314451435838911,0.2767492225292232,
17,4,2,R04_F02,,,YS,0.8289362489086483,59.424735611335876,45.587681825591666,0.5256410380676931,0.40324548609910127,18.971282073448204
17,4,2,R04_F02,,,UTS,0.871257148784062,43.40513441379042,34.03595285687817,0.4402014339635925,0.34518209553464246,8.81263306650723
17,4,2,R04_F02,,,El,0.45592486180089054,6.4141069787765295,3.5665174574340406,0.9500355896065825,0.5282603683922075,24.861751449207002
17,4,2,R04_F02,,,Macro,0.718706086497867,,,0.6386260205459561,0.4255626500086504,
17,4,3,R04_F03,,,YS,0.863661167923255,37.702086928082316,25.24483101281733,0.30281441224639033,0.2027606238346381,7.593061459441
17,4,3,R04_F03,,,UTS,0.8943377439410057,29.31388412623565,19.737182814535565,0.27405431057344276,0.18452211947097413,4.547134224049149
17,4,3,R04_F03,,,El,0.8277727336313554,2.6937475145982495,1.8103553217778456,0.3650140787796798,0.24531073400959957,17.377653480986734
17,4,3,R04_F03,,,Macro,0.8619238818318721,,,0.3139609338665043,0.2108644924384039,
17,4,4,R04_F04,,,YS,0.7244183610841438,57.64407953770807,41.11359532695701,0.46895813626910615,0.33447589404631833,12.025658755991213
17,4,4,R04_F04,,,UTS,0.8054561358267082,43.81816937850383,33.20620723370112,0.4175487944304025,0.31642608522208054,7.383907267036112
17,4,4,R04_F04,,,El,0.7027589869905693,3.5058613223319073,2.5782360841267793,0.4728302810283372,0.34772285043043494,22.421015586967272
17,4,4,R04_F04,,,Macro,0.7442111613004737,,,0.4531124039092819,0.3328749432329446,
17,4,5,R04_F05,,,YS,0.808490310203978,46.97912474195024,31.60069783950633,0.3805340649965346,0.25596777444550056,10.100702812652656
17,4,5,R04_F05,,,UTS,0.82846218797523,39.795064218691834,27.48372685185198,0.3765804406067199,0.26007833309448,6.599227063189185
17,4,5,R04_F05,,,El,0.779150066196777,3.1238027183200265,1.961347530864202,0.42461789813845113,0.26660558978016663,17.561354012601292
17,4,5,R04_F05,,,Macro,0.8053675214586616,,,0.3939108012472352,0.2608838991067157,
17,5,1,R05_F01,,,YS,0.9193769997383661,34.25089683770959,25.762246426429442,0.2845868934494523,0.2140556410395905,7.524732624676586
17,5,1,R05_F01,,,UTS,0.9434625743549772,24.961286447311952,18.459624104333994,0.24112818874308287,0.1783215674621428,4.33336092393166
17,5,1,R05_F01,,,El,0.7960192944606588,3.3812024988390483,1.9965233561897748,0.4721471672186114,0.2787921892387282,19.30514790260521
17,5,1,R05_F01,,,Macro,0.8862862895180007,,,0.33262074980371553,0.22372313258015386,
17,5,2,R05_F02,,,YS,0.8157150927490499,50.67906815879489,36.168251083169885,0.4196950446129863,0.29952476048615717,13.653715263872638
17,5,2,R05_F02,,,UTS,0.7858487781223407,49.32690332139531,34.60189038597353,0.47876488589280397,0.3358445186468949,9.154940538687686
17,5,2,R05_F02,,,El,0.7436543116716283,3.504197953277139,2.1159006742527406,0.47981700184742926,0.2897225360163923,14.709932618769637
17,5,2,R05_F02,,,Macro,0.7817393941810064,,,0.45942564411773984,0.30836393838314813,
17,5,3,R05_F03,,,YS,0.8429455708553002,47.95307663216457,30.179119444444343,0.3988247520278986,0.25099911568088146,11.081349013334346
17,5,3,R05_F03,,,UTS,0.9010818456772849,30.80392380183334,21.70945030864185,0.2928604824659407,0.2063970853960112,5.392668718377304
17,5,3,R05_F03,,,El,0.6141330969034516,4.953351768711636,3.0004993827160473,0.7071827756448142,0.42837690131213746,22.043040457309186
17,5,3,R05_F03,,,Macro,0.7860535044786788,,,0.4662893367128846,0.29525770079634334,
17,5,4,R05_F04,,,YS,0.832347115003514,46.03481530916018,30.648975472759542,0.38140552211081996,0.2539314736866884,8.103446249252551
17,5,4,R05_F04,,,UTS,0.8465009980225844,38.78452265639384,27.908248893506904,0.3723108810177007,0.2679044119030788,5.927790331663109
17,5,4,R05_F04,,,El,0.8054360627098438,2.443504150253765,1.8314341331358799,0.32460186949867903,0.24329279056794728,19.55642659095015
17,5,4,R05_F04,,,Macro,0.828094725245314,,,0.35943942420906655,0.25504289205257147,
17,5,5,R05_F05,,,YS,0.8041165955346312,53.85631452394102,42.35340235705692,0.4490387715384816,0.3531307318927952,14.72973494962799
17,5,5,R05_F05,,,UTS,0.8500997445522881,40.99228369347276,32.760798448685996,0.39677181247146437,0.3170977610248939,7.95137858370343
17,5,5,R05_F05,,,El,0.6819128879682536,4.252563713104696,2.564463508622221,0.5966391443978388,0.35979691707118056,19.181277554133906
17,5,5,R05_F05,,,Macro,0.7787097426850577,,,0.4808165761359282,0.3433418033296232,
