Outer_ID,Repeat,Fold,Target,Metric,Difference_k12_minus_k17
R01_F01,1,1,El,R2,0.11294420163765895
R01_F01,1,1,El,RMSE,-0.7361317346295264
R01_F01,1,1,El,MAE,-0.5847297098439586
R01_F01,1,1,El,NRMSE,-0.10181970178395328
R01_F01,1,1,El,NMAE,-0.08087819323601453
R01_F01,1,1,El,MAPE_Percent,-6.179941118274783
R01_F01,1,1,Macro,R2,0.06508940090382032
R01_F01,1,1,Macro,NRMSE,-0.06791246718376609
R01_F01,1,1,Macro,NMAE,-0.06332390016032163
R01_F01,1,1,UTS,R2,0.027593492622343785
R01_F01,1,1,UTS,RMSE,-3.6052312929351658
R01_F01,1,1,UTS,MAE,-4.433979067575567
R01_F01,1,1,UTS,NRMSE,-0.0347671221313503
R01_F01,1,1,UTS,NMAE,-0.0427591683430511
R01_F01,1,1,UTS,MAPE_Percent,-1.185009480620348
R01_F01,1,1,YS,R2,0.054730508451458104
R01_F01,1,1,YS,RMSE,-8.069769935084018
R01_F01,1,1,YS,MAE,-7.971679061883201
R01_F01,1,1,YS,NRMSE,-0.06715057763599452
R01_F01,1,1,YS,NMAE,-0.06633433890189916
R01_F01,1,1,YS,MAPE_Percent,-3.249882593002983
R01_F02,1,2,El,R2,0.00904693746773444
R01_F02,1,2,El,RMSE,-0.06468151650606035
R01_F02,1,2,El,MAE,0.12697238183421788
R01_F02,1,2,El,NRMSE,-0.00915749885632211
R01_F02,1,2,El,NMAE,0.017976533393777083
R01_F02,1,2,El,MAPE_Percent,-1.9920501051544726
R01_F02,1,2,Macro,R2,0.001230204534585444
R01_F02,1,2,Macro,NRMSE,0.00045702520718282624
R01_F02,1,2,Macro,NMAE,0.0008377452222683157
R01_F02,1,2,UTS,R2,-0.01301093349491711
R01_F02,1,2,UTS,RMSE,2.228594459395829
R01_F02,1,2,UTS,MAE,0.9120057464723317
R01_F02,1,2,UTS,NRMSE,0.02256623712303074
R01_F02,1,2,UTS,NMAE,0.009234761329363017
R01_F02,1,2,UTS,MAPE_Percent,0.6700210229258223
R01_F02,1,2,YS,R2,0.007654609630939113
R01_F02,1,2,YS,RMSE,-1.3876913787712368
R01_F02,1,2,YS,MAE,-2.847170969576851
R01_F02,1,2,YS,NRMSE,-0.012037662645159986
R01_F02,1,2,YS,NMAE,-0.024698059056335153
R01_F02,1,2,YS,MAPE_Percent,-0.8624563682379431
R01_F03,1,3,El,R2,-0.013365386074432273
R01_F03,1,3,El,RMSE,0.10963260496257421
R01_F03,1,3,El,MAE,0.1399649995119998
R01_F03,1,3,El,NRMSE,0.01530119284670789
R01_F03,1,3,El,NMAE,0.01953462156676461
R01_F03,1,3,El,MAPE_Percent,3.007270319873996
R01_F03,1,3,Macro,R2,-0.003611350718667472
R01_F03,1,3,Macro,NRMSE,0.0036475164078695332
R01_F03,1,3,Macro,NMAE,0.010408648654525288
R01_F03,1,3,UTS,R2,0.008538127888585434
R01_F03,1,3,UTS,RMSE,-1.1941451078885237
R01_F03,1,3,UTS,MAE,-0.14335656749394943
R01_F03,1,3,UTS,NRMSE,-0.011467408064571694
R01_F03,1,3,UTS,NMAE,-0.0013766570304811487
R01_F03,1,3,UTS,MAPE_Percent,-0.02472918500825827
R01_F03,1,3,YS,R2,-0.006006793970155466
R01_F03,1,3,YS,RMSE,0.8619710813886599
R01_F03,1,3,YS,MAE,1.584554133870963
R01_F03,1,3,YS,NRMSE,0.007108764441472459
R01_F03,1,3,YS,NMAE,0.013067981427292319
R01_F03,1,3,YS,MAPE_Percent,0.5394997098270178
R01_F04,1,4,El,R2,-0.0867264755836431
R01_F04,1,4,El,RMSE,0.6152406237083445
R01_F04,1,4,El,MAE,0.20483540813478385
R01_F04,1,4,El,NRMSE,0.08485405169944393
R01_F04,1,4,El,NMAE,0.028250921089998104
R01_F04,1,4,El,MAPE_Percent,0.2551406528110043
R01_F04,1,4,Macro,R2,-0.025250808124102964
R01_F04,1,4,Macro,NRMSE,0.022817131611112373
R01_F04,1,4,Macro,NMAE,0.005951504682218334
R01_F04,1,4,UTS,R2,0.0028201246778484235
R01_F04,1,4,UTS,RMSE,-0.47141735637881155
R01_F04,1,4,UTS,MAE,-0.36736677417378516
R01_F04,1,4,UTS,NRMSE,-0.004535365730372054
R01_F04,1,4,UTS,NMAE,-0.0035343261242301027
R01_F04,1,4,UTS,MAPE_Percent,0.07648015581171475
R01_F04,1,4,YS,R2,0.008153926533485678
R01_F04,1,4,YS,RMSE,-1.4359734018174706
R01_F04,1,4,YS,MAE,-0.8303298173324336
R01_F04,1,4,YS,NRMSE,-0.011867291135734925
R01_F04,1,4,YS,NMAE,-0.006862080919113084
R01_F04,1,4,YS,MAPE_Percent,-0.39437937009491364
R01_F05,1,5,El,R2,0.03375627404102488
R01_F05,1,5,El,RMSE,-0.1815314781614905
R01_F05,1,5,El,MAE,-0.07002047789822363
R01_F05,1,5,El,NRMSE,-0.024410129984872242
R01_F05,1,5,El,NMAE,-0.009415496333798401
R01_F05,1,5,El,MAPE_Percent,-0.6481040933137798
R01_F05,1,5,Macro,R2,0.003909428713354424
R01_F05,1,5,Macro,NRMSE,-0.0013460118510342234
R01_F05,1,5,Macro,NMAE,0.00720815392831109
R01_F05,1,5,UTS,R2,-0.012956242715351785
R01_F05,1,5,UTS,RMSE,1.1985103462741975
R01_F05,1,5,UTS,MAE,1.509988514175408
R01_F05,1,5,UTS,NRMSE,0.011047692781912255
R01_F05,1,5,UTS,NMAE,0.013918852899922757
R01_F05,1,5,UTS,MAPE_Percent,0.26865330872178106
R01_F05,1,5,YS,R2,-0.009071745185609492
R01_F05,1,5,YS,RMSE,1.1583807689405035
R01_F05,1,5,YS,MAE,2.126973909235115
R01_F05,1,5,YS,NRMSE,0.00932440164985715
R01_F05,1,5,YS,NMAE,0.017121105218808746
R01_F05,1,5,YS,MAPE_Percent,0.5101754254450661
R02_F01,2,1,El,R2,-0.003770047992787351
R02_F01,2,1,El,RMSE,0.023266198839040797
R02_F01,2,1,El,MAE,0.19306255520977444
R02_F01,2,1,El,NRMSE,0.0033898418044263634
R02_F01,2,1,El,NMAE,0.028128854440172046
R02_F01,2,1,El,MAPE_Percent,0.6054073867043535
R02_F01,2,1,Macro,R2,0.01693524553483272
R02_F01,2,1,Macro,NRMSE,-0.020837527824004942
R02_F01,2,1,Macro,NMAE,0.0017657644029130948
R02_F01,2,1,UTS,R2,0.020738469140529237
R02_F01,2,1,UTS,RMSE,-2.7413060875843343
R02_F01,2,1,UTS,MAE,-0.14645355219351686
R02_F01,2,1,UTS,NRMSE,-0.0265416020556572
R02_F01,2,1,UTS,NMAE,-0.0014179780651139007
R02_F01,2,1,UTS,MAPE_Percent,-0.10097041101899684
R02_F01,2,1,YS,R2,0.03383731545675639
R02_F01,2,1,YS,RMSE,-4.724095870630194
R02_F01,2,1,YS,MAE,-2.5700636199597824
R02_F01,2,1,YS,NRMSE,-0.039360823220783714
R02_F01,2,1,YS,NMAE,-0.021413583166319083
R02_F01,2,1,YS,MAPE_Percent,-1.0326421217385846
R02_F02,2,2,El,R2,-0.03196627892912729
R02_F02,2,2,El,RMSE,0.21202641715104464
R02_F02,2,2,El,MAE,0.16920692941988524
R02_F02,2,2,El,NRMSE,0.0286590024722152
R02_F02,2,2,El,NMAE,0.022871215170823966
R02_F02,2,2,El,MAPE_Percent,1.0154964427247677
R02_F02,2,2,Macro,R2,-0.01360010406215717
R02_F02,2,2,Macro,NRMSE,0.014150879882771972
R02_F02,2,2,Macro,NMAE,0.008268312037960274
R02_F02,2,2,UTS,R2,-0.0048243769016301785
R02_F02,2,2,UTS,RMSE,0.7943490456317903
R02_F02,2,2,UTS,MAE,0.567781237219144
R02_F02,2,2,UTS,NRMSE,0.007685452338057064
R02_F02,2,2,UTS,NMAE,0.0054933730468828545
R02_F02,2,2,UTS,MAPE_Percent,0.07423397791999964
R02_F02,2,2,YS,R2,-0.004009656355714375
R02_F02,2,2,YS,RMSE,0.7285580895291162
R02_F02,2,2,YS,MAE,-0.424580035626807
R02_F02,2,2,YS,NRMSE,0.0061081848380438175
R02_F02,2,2,YS,NMAE,-0.003559652103825972
R02_F02,2,2,YS,MAPE_Percent,0.011940225637296464
R02_F03,2,3,El,R2,0.04243170652985462
R02_F03,2,3,El,RMSE,-0.39836849892780535
R02_F03,2,3,El,MAE,-0.17653240963064198
R02_F03,2,3,El,NRMSE,-0.054495981959591655
R02_F03,2,3,El,NMAE,-0.024149266411394033
R02_F03,2,3,El,MAPE_Percent,-1.0321831844212195
R02_F03,2,3,Macro,R2,0.015598005863540543
R02_F03,2,3,Macro,NRMSE,-0.019498989183863058
R02_F03,2,3,Macro,NMAE,-0.008607489328224305
R02_F03,2,3,UTS,R2,0.005837797429176561
R02_F03,2,3,UTS,RMSE,-0.6770406950965011
R02_F03,2,3,UTS,MAE,-0.5938468461257855
R02_F03,2,3,UTS,NRMSE,-0.006381843543264598
R02_F03,2,3,UTS,NMAE,-0.005597651201890763
R02_F03,2,3,UTS,MAPE_Percent,-0.24223886071798262
R02_F03,2,3,YS,R2,-0.001475486368409551
R02_F03,2,3,YS,RMSE,0.2902769526012037
R02_F03,2,3,YS,MAE,0.47847343358896666
R02_F03,2,3,YS,NRMSE,0.00238085795126719
R02_F03,2,3,YS,NMAE,0.003924449628611937
R02_F03,2,3,YS,MAPE_Percent,0.21834613842947181
R02_F04,2,4,El,R2,0.02105535895302668
R02_F04,2,4,El,RMSE,-0.1288537646605592
R02_F04,2,4,El,MAE,-0.2210902156736645
R02_F04,2,4,El,NRMSE,-0.017589042552958345
R02_F04,2,4,El,NMAE,-0.030179678659533415
R02_F04,2,4,El,MAPE_Percent,-1.9422332062165566
R02_F04,2,4,Macro,R2,0.010025269388152847
R02_F04,2,4,Macro,NRMSE,-0.008980659538951052
R02_F04,2,4,Macro,NMAE,-0.017793012929063157
R02_F04,2,4,UTS,R2,-0.003030416119029211
R02_F04,2,4,UTS,RMSE,0.37872842126643036
R02_F04,2,4,UTS,MAE,-1.5406185607285963
R02_F04,2,4,UTS,NRMSE,0.003642386771066708
R02_F04,2,4,UTS,NMAE,-0.014816761430508196
R02_F04,2,4,UTS,MAPE_Percent,-0.5319719890883761
R02_F04,2,4,YS,R2,0.012050865330461291
R02_F04,2,4,YS,RMSE,-1.5708016421714177
R02_F04,2,4,YS,MAE,-1.0132414535881864
R02_F04,2,4,YS,NRMSE,-0.01299532283496152
R02_F04,2,4,YS,NMAE,-0.008382598697148025
R02_F04,2,4,YS,MAPE_Percent,-1.14584070502735
R02_F05,2,5,El,R2,-0.1134282742599727
R02_F05,2,5,El,RMSE,0.7662457242670326
R02_F05,2,5,El,MAE,0.38658070858438043
R02_F05,2,5,El,NRMSE,0.10578525927369858
R02_F05,2,5,El,NMAE,0.0533700080700969
R02_F05,2,5,El,MAPE_Percent,1.6562350170704896
R02_F05,2,5,Macro,R2,-0.025155117849112507
R02_F05,2,5,Macro,NRMSE,0.015633244064923668
R02_F05,2,5,Macro,NMAE,0.0020545924863221154
R02_F05,2,5,UTS,R2,0.03844205906356779
R02_F05,2,5,UTS,RMSE,-6.087100226856933
R02_F05,2,5,UTS,MAE,-3.688399259834302
R02_F05,2,5,UTS,NRMSE,-0.05950845982680669
R02_F05,2,5,UTS,NMAE,-0.036058377716643386
R02_F05,2,5,UTS,MAPE_Percent,-1.3725812112240456
R02_F05,2,5,YS,R2,-0.00047913835093260637
R02_F05,2,5,YS,RMSE,0.07464697583196767
R02_F05,2,5,YS,MAE,-1.335864117637847
R02_F05,2,5,YS,NRMSE,0.000622932747879057
R02_F05,2,5,YS,NMAE,-0.011147852894487165
R02_F05,2,5,YS,MAPE_Percent,-2.066431409908498
R03_F01,3,1,El,R2,0.09626318163868186
R03_F01,3,1,El,RMSE,-0.6746310473736337
R03_F01,3,1,El,MAE,-0.16000134479717776
R03_F01,3,1,El,NRMSE,-0.09378991802067338
R03_F01,3,1,El,NMAE,-0.022244029636859675
R03_F01,3,1,El,MAPE_Percent,1.598499523868302
R03_F01,3,1,Macro,R2,0.02381523960108467
R03_F01,3,1,Macro,NRMSE,-0.01707283487476019
R03_F01,3,1,Macro,NMAE,0.01676191493815099
R03_F01,3,1,UTS,R2,-0.007566742512132074
R03_F01,3,1,UTS,RMSE,1.3932505784166196
R03_F01,3,1,UTS,MAE,3.4405434714874943
R03_F01,3,1,UTS,NRMSE,0.013869808662680116
R03_F01,3,1,UTS,NMAE,0.03425060817085496
R03_F01,3,1,UTS,MAPE_Percent,0.6694272396761143
R03_F01,3,1,YS,R2,-0.017250720323295554
R03_F01,3,1,YS,RMSE,3.3887097183443444
R03_F01,3,1,YS,MAE,4.519502793944547
R03_F01,3,1,YS,NRMSE,0.028701604733712638
R03_F01,3,1,YS,NMAE,0.038279166280457716
R03_F01,3,1,YS,MAPE_Percent,1.5102766272533135
R03_F02,3,2,El,R2,0.10470895885092935
R03_F02,3,2,El,RMSE,-0.7195120270443547
R03_F02,3,2,El,MAE,-0.2970528351548385
R03_F02,3,2,El,NRMSE,-0.10186190614556312
R03_F02,3,2,El,NMAE,-0.042054012827432985
R03_F02,3,2,El,MAPE_Percent,-3.609320953139658
R03_F02,3,2,Macro,R2,0.05456570152140916
R03_F02,3,2,Macro,NRMSE,-0.05467026272905284
R03_F02,3,2,Macro,NMAE,-0.024186349103144877
R03_F02,3,2,UTS,R2,0.025872333334642117
R03_F02,3,2,UTS,RMSE,-2.7881148926711106
R03_F02,3,2,UTS,MAE,-0.8413868167623484
R03_F02,3,2,UTS,NRMSE,-0.02625195422706761
R03_F02,3,2,UTS,NMAE,-0.00792221592408704
R03_F02,3,2,UTS,MAPE_Percent,0.029348233597239037
R03_F02,3,2,YS,R2,0.033115812378655796
R03_F02,3,2,YS,RMSE,-4.370525974294743
R03_F02,3,2,YS,MAE,-2.749505350154415
R03_F02,3,2,YS,NRMSE,-0.03589692781452786
R03_F02,3,2,YS,NMAE,-0.022582818557914608
R03_F02,3,2,YS,MAPE_Percent,-0.1502839490632617
R03_F03,3,3,El,R2,0.14457361657035794
R03_F03,3,3,El,RMSE,-1.0513278280912512
R03_F03,3,3,El,MAE,-0.43154165071055317
R03_F03,3,3,El,NRMSE,-0.14574164226312958
R03_F03,3,3,El,NMAE,-0.059823004013586256
R03_F03,3,3,El,MAPE_Percent,-6.299004288429941
R03_F03,3,3,Macro,R2,0.04651620501698106
R03_F03,3,3,Macro,NRMSE,-0.04661769712078412
R03_F03,3,3,Macro,NMAE,-0.025219071872169485
R03_F03,3,3,UTS,R2,0.0027204740010934314
R03_F03,3,3,UTS,RMSE,-0.4195035547631605
R03_F03,3,3,UTS,MAE,-0.8697165796730815
R03_F03,3,3,UTS,NRMSE,-0.004033688938218982
R03_F03,3,3,UTS,NMAE,-0.008362661309970404
R03_F03,3,3,UTS,MAPE_Percent,-0.24354106438852519
R03_F03,3,3,YS,R2,-0.007745475520508305
R03_F03,3,3,YS,RMSE,1.2041254647528774
R03_F03,3,3,YS,MAE,-0.906719058892989
R03_F03,3,3,YS,NRMSE,0.00992223983899626
R03_F03,3,3,YS,NMAE,-0.007471550292951906
R03_F03,3,3,YS,MAPE_Percent,-0.055931925822916284
R03_F04,3,4,El,R2,0.05844558391048971
R03_F04,3,4,El,RMSE,-0.39380131007725083
R03_F04,3,4,El,MAE,-0.13036594870452278
R03_F04,3,4,El,NRMSE,-0.054817085485155514
R03_F04,3,4,El,NMAE,-0.018146921230626056
R03_F04,3,4,El,MAPE_Percent,0.06095384922904756
R03_F04,3,4,Macro,R2,0.028374028463959977
R03_F04,3,4,Macro,NRMSE,-0.02953390039341386
R03_F04,3,4,Macro,NMAE,-0.001985593881929093
R03_F04,3,4,UTS,R2,0.023668989636831617
R03_F04,3,4,UTS,RMSE,-3.11649112864513
R03_F04,3,4,UTS,MAE,0.1152528887848554
R03_F04,3,4,UTS,NRMSE,-0.030276827184617383
R03_F04,3,4,UTS,NMAE,0.0011196860995987823
R03_F04,3,4,UTS,MAPE_Percent,-0.10448772964145725
R03_F04,3,4,YS,R2,0.003007511844558719
R03_F04,3,4,YS,RMSE,-0.4172087145261685
R03_F04,3,4,YS,MAE,1.3166955915427963
R03_F04,3,4,YS,NRMSE,-0.00350778851046879
R03_F04,3,4,YS,NMAE,0.01107045348523994
R03_F04,3,4,YS,MAPE_Percent,0.23880761482130097
R03_F05,3,5,El,R2,0.03892299519647646
R03_F05,3,5,El,RMSE,-0.20138754640784606
R03_F05,3,5,El,MAE,-0.1485105748951301
R03_F05,3,5,El,NRMSE,-0.02692582954789985
R03_F05,3,5,El,NMAE,-0.019856095856039924
R03_F05,3,5,El,MAPE_Percent,-0.5768222158453717
R03_F05,3,5,Macro,R2,0.017924985712751695
R03_F05,3,5,Macro,NRMSE,-0.01551840045325692
R03_F05,3,5,Macro,NMAE,-0.008527242041365457
R03_F05,3,5,UTS,R2,0.00637902420666181
R03_F05,3,5,UTS,RMSE,-0.9074465250643584
R03_F05,3,5,UTS,MAE,0.04598145208922233
R03_F05,3,5,UTS,NRMSE,-0.008597779466165412
R03_F05,3,5,UTS,NMAE,0.0004356602550978361
R03_F05,3,5,UTS,MAPE_Percent,-0.09175480741450226
R03_F05,3,5,YS,R2,0.008472937735116703
R03_F05,3,5,YS,RMSE,-1.3454540959173045
R03_F05,3,5,YS,MAE,-0.7514539434319865
R03_F05,3,5,YS,NRMSE,-0.011031592345705388
R03_F05,3,5,YS,NMAE,-0.006161290523154284
R03_F05,3,5,YS,MAPE_Percent,-0.36560120448652356
R04_F01,4,1,El,R2,0.014277868250546333
R04_F01,4,1,El,RMSE,-0.08708768668090272
R04_F01,4,1,El,MAE,-0.047947879597677545
R04_F01,4,1,El,NRMSE,-0.012068304386783746
R04_F01,4,1,El,NMAE,-0.006644448001080272
R04_F01,4,1,El,MAPE_Percent,-0.6281425145557762
R04_F01,4,1,Macro,R2,0.008854492526468638
R04_F01,4,1,Macro,NRMSE,-0.010908940785572419
R04_F01,4,1,Macro,NMAE,-0.008074256771779087
R04_F01,4,1,UTS,R2,0.007470879029736088
R04_F01,4,1,UTS,RMSE,-1.2914023049621122
R04_F01,4,1,UTS,MAE,-0.9682331942623001
R04_F01,4,1,UTS,NRMSE,-0.012545108006211558
R04_F01,4,1,UTS,NMAE,-0.009405736655841102
R04_F01,4,1,UTS,MAPE_Percent,-0.21712676709459977
R04_F01,4,1,YS,R2,0.004814730299123049
R04_F01,4,1,YS,RMSE,-0.9562089090130215
R04_F01,4,1,YS,MAE,-0.9631830822294987
R04_F01,4,1,YS,NRMSE,-0.008113409963722173
R04_F01,4,1,YS,NMAE,-0.008172585658415998
R04_F01,4,1,YS,MAPE_Percent,-0.2384819545119541
R04_F02,4,2,El,R2,0.009155191377868133
R04_F02,4,2,El,RMSE,-0.05419426905169189
R04_F02,4,2,El,MAE,0.08655050064425174
R04_F02,4,2,El,NRMSE,-0.008027069788855146
R04_F02,4,2,El,NMAE,0.012819564154820329
R04_F02,4,2,El,MAPE_Percent,1.1996424730229656
R04_F02,4,2,Macro,R2,0.019048181880774395
R04_F02,4,2,Macro,NRMSE,-0.029503408827971978
R04_F02,4,2,Macro,NMAE,-0.017459877323490303
R04_F02,4,2,UTS,R2,0.019584927880637593
R04_F02,4,2,UTS,RMSE,-3.437616676544664
R04_F02,4,2,UTS,MAE,-3.1840655335516956
R04_F02,4,2,UTS,NRMSE,-0.03486324396570328
R04_F02,4,2,UTS,NMAE,-0.032291806778927734
R04_F02,4,2,UTS,MAPE_Percent,-0.8750560011819211
R04_F02,4,2,YS,R2,0.028404426383817793
R04_F02,4,2,YS,RMSE,-5.157419334152436
R04_F02,4,2,YS,MAE,-3.7202439877137436
R04_F02,4,2,YS,NRMSE,-0.04561991272935739
R04_F02,4,2,YS,NMAE,-0.03290738934636356
R04_F02,4,2,YS,MAPE_Percent,-1.432663550549787
R04_F03,4,3,El,R2,0.015637220530804408
R04_F03,4,3,El,RMSE,-0.1251976092873508
R04_F03,4,3,El,MAE,0.07828872078727556
R04_F03,4,3,El,NRMSE,-0.016964800810686298
R04_F03,4,3,El,NMAE,0.010608449805388998
R04_F03,4,3,El,MAPE_Percent,6.651152351916561
R04_F03,4,3,Macro,R2,-0.013101493273543707
R04_F03,4,3,Macro,NRMSE,0.015533377374931878
R04_F03,4,3,Macro,NMAE,0.0218114336586038
R04_F03,4,3,UTS,R2,-0.03530841983525368
R04_F03,4,3,UTS,RMSE,4.545403617302796
R04_F03,4,3,UTS,MAE,3.396855127103237
R04_F03,4,3,UTS,NRMSE,0.042494793567907696
R04_F03,4,3,UTS,NMAE,0.03175706044164153
R04_F03,4,3,UTS,MAPE_Percent,0.9134462360289577
R04_F03,4,3,YS,R2,-0.019633280516181628
R04_F03,4,3,YS,RMSE,2.623350124355156
R04_F03,4,3,YS,MAE,2.872193390433985
R04_F03,4,3,YS,NRMSE,0.02107013936757446
R04_F03,4,3,YS,NMAE,0.023068790728780847
R04_F03,4,3,YS,MAPE_Percent,0.9680639157191875
R04_F04,4,4,El,R2,0.006678410674589963
R04_F04,4,4,El,RMSE,-0.039608589050976306
R04_F04,4,4,El,MAE,-0.1230087264925106
R04_F04,4,4,El,NRMSE,-0.0053419512554056525
R04_F04,4,4,El,NMAE,-0.016590003245680385
R04_F04,4,4,El,MAPE_Percent,-1.060244543851109
R04_F04,4,4,Macro,R2,-0.011352928649895677
R04_F04,4,4,Macro,NRMSE,0.010735814002804267
R04_F04,4,4,Macro,NMAE,-0.0002987158517911981
R04_F04,4,4,UTS,R2,-0.01657010728653674
R04_F04,4,4,UTS,RMSE,1.827959140904845
R04_F04,4,4,UTS,MAE,0.8103787967573979
R04_F04,4,4,UTS,NRMSE,0.017418850362272142
R04_F04,4,4,UTS,NMAE,0.007722200503063659
R04_F04,4,4,UTS,MAPE_Percent,0.15731358740073542
R04_F04,4,4,YS,R2,-0.0241670893377407
R04_F04,4,4,YS,RMSE,2.474435405654404
R04_F04,4,4,YS,MAE,0.9798715282272781
R04_F04,4,4,YS,NRMSE,0.02013054290154631
R04_F04,4,4,YS,NMAE,0.007971655187243132
R04_F04,4,4,YS,MAPE_Percent,0.2646964393507769
R04_F05,4,5,El,R2,-0.05876210460271092
R04_F05,4,5,El,RMSE,0.3910966410993737
R04_F05,4,5,El,MAE,0.44255841523474815
R04_F05,4,5,El,NRMSE,0.05316169063388693
R04_F05,4,5,El,NMAE,0.06015687961931365
R04_F05,4,5,El,MAPE_Percent,4.241145743125561
R04_F05,4,5,Macro,R2,-0.02393922480369759
R04_F05,4,5,Macro,NRMSE,0.022101667619157717
R04_F05,4,5,Macro,NMAE,0.02958780049758325
R04_F05,4,5,UTS,R2,-0.003017450312560399
R04_F05,4,5,UTS,RMSE,0.34848338660194145
R04_F05,4,5,UTS,MAE,0.44899156682408403
R04_F05,4,5,UTS,NRMSE,0.0032976960798329347
R04_F05,4,5,UTS,NMAE,0.00424880435257341
R04_F05,4,5,UTS,MAPE_Percent,0.4786973999548847
R04_F05,4,5,YS,R2,-0.010038119495821674
R04_F05,4,5,YS,RMSE,1.2154980894626704
R04_F05,4,5,YS,MAE,3.007100691109528
R04_F05,4,5,YS,NRMSE,0.009845616143753455
R04_F05,4,5,YS,NMAE,0.024357717520862743
R04_F05,4,5,YS,MAPE_Percent,2.289194200925964
R05_F01,5,1,El,R2,-0.0035527713961645002
R05_F01,5,1,El,RMSE,0.029318418849292094
R05_F01,5,1,El,MAE,0.20800355523322267
R05_F01,5,1,El,NRMSE,0.004093989760085293
R05_F01,5,1,El,NMAE,0.02904537347540892
R05_F01,5,1,El,MAPE_Percent,3.8902587188380124
R05_F01,5,1,Macro,R2,-0.003836339089336782
R05_F01,5,1,Macro,NRMSE,0.00668389363310018
R05_F01,5,1,Macro,NMAE,0.01343864548326179
R05_F01,5,1,UTS,R2,-0.006190391518162697
R05_F01,5,1,UTS,RMSE,1.331041268304844
R05_F01,5,1,UTS,MAE,0.45458334003981093
R05_F01,5,1,UTS,NRMSE,0.012857973920779447
R05_F01,5,1,UTS,NMAE,0.004391314431968496
R05_F01,5,1,UTS,MAPE_Percent,0.42297665163208364
R05_F01,5,1,YS,R2,-0.0017658543536831495
R05_F01,5,1,YS,RMSE,0.37306038021591803
R05_F01,5,1,YS,MAE,0.8279384524390707
R05_F01,5,1,YS,NRMSE,0.0030997172184358823
R05_F01,5,1,YS,NMAE,0.006879248542408067
R05_F01,5,1,YS,MAPE_Percent,1.2140499187988034
R05_F02,5,2,El,R2,0.010651894404781537
R05_F02,5,2,El,RMSE,-0.07357715376829477
R05_F02,5,2,El,MAE,0.006786825747254088
R05_F02,5,2,El,NRMSE,-0.010074650403968877
R05_F02,5,2,El,NMAE,0.000929295212635739
R05_F02,5,2,El,MAPE_Percent,0.10523609954452517
R05_F02,5,2,Macro,R2,0.0031418282524051655
R05_F02,5,2,Macro,NRMSE,-0.0029232548049018536
R05_F02,5,2,Macro,NMAE,0.0027066876768860326
R05_F02,5,2,UTS,R2,-0.0033531232391463828
R05_F02,5,2,UTS,RMSE,0.38467387648081086
R05_F02,5,2,UTS,MAE,0.8551408640263887
R05_F02,5,2,UTS,NRMSE,0.003733628753852747
R05_F02,5,2,UTS,NMAE,0.00829996189949933
R05_F02,5,2,UTS,MAPE_Percent,0.17165267483336955
R05_F02,5,2,YS,R2,0.0021267135915804536
R05_F02,5,2,YS,RMSE,-0.293275847991751
R05_F02,5,2,YS,MAE,-0.13393754150311565
R05_F02,5,2,YS,NRMSE,-0.002428742764589431
R05_F02,5,2,YS,NMAE,-0.0011091940814769718
R05_F02,5,2,YS,MAPE_Percent,-0.19345775630739936
R05_F03,5,3,El,R2,-0.037698671183579835
R05_F03,5,3,El,RMSE,0.23633007365783243
R05_F03,5,3,El,MAE,0.21984819311944914
R05_F03,5,3,El,NRMSE,0.033740498406225505
R05_F03,5,3,El,NMAE,0.03138740446676325
R05_F03,5,3,El,MAPE_Percent,0.6058887195161304
R05_F03,5,3,Macro,R2,-0.0194917915250864
R05_F03,5,3,Macro,NRMSE,0.020455229089130555
R05_F03,5,3,Macro,NMAE,0.023125970052839895
R05_F03,5,3,UTS,R2,-0.008536847502437772
R05_F03,5,3,UTS,RMSE,1.3017180097144951
R05_F03,5,3,UTS,MAE,1.3674009460032792
R05_F03,5,3,UTS,NRMSE,0.012375753388173982
R05_F03,5,3,UTS,NMAE,0.013000217223854776
R05_F03,5,3,UTS,MAPE_Percent,0.41263161819298944
R05_F03,5,3,YS,R2,-0.012239855889241924
R05_F03,5,3,YS,RMSE,1.8335305020950727
R05_F03,5,3,YS,MAE,3.004731305837705
R05_F03,5,3,YS,NRMSE,0.015249435472992456
R05_F03,5,3,YS,NMAE,0.024990288467901633
R05_F03,5,3,YS,MAPE_Percent,0.9629010646426099
R05_F04,5,4,El,R2,-0.01883851330589692
R05_F04,5,4,El,RMSE,0.11556257012732596
R05_F04,5,4,El,MAE,0.114504433349077
R05_F04,5,4,El,NRMSE,0.015351652381481118
R05_F04,5,4,El,NMAE,0.01521108655663106
R05_F04,5,4,El,MAPE_Percent,2.0505011422243626
R05_F04,5,4,Macro,R2,0.0029249010874080605
R05_F04,5,4,Macro,NRMSE,-0.005806252833231551
R05_F04,5,4,Macro,NMAE,-0.003348882096480099
R05_F04,5,4,UTS,R2,0.0052653284101492615
R05_F04,5,4,UTS,RMSE,-0.6709984240048925
R05_F04,5,4,UTS,MAE,-1.2220282833266722
R05_F04,5,4,UTS,NRMSE,-0.006441229575415874
R05_F04,5,4,UTS,NMAE,-0.01173082445347301
R05_F04,5,4,UTS,MAPE_Percent,-0.21909096985275767
R05_F04,5,4,YS,R2,0.02234788815797195
R05_F04,5,4,YS,RMSE,-3.1778748035532587
R05_F04,5,4,YS,MAE,-1.6326683633496586
R05_F04,5,4,YS,NRMSE,-0.026329181305759897
R05_F04,5,4,YS,NMAE,-0.013526908392598347
R05_F04,5,4,YS,MAPE_Percent,-0.33846657281442916
R05_F05,5,5,El,R2,-0.013935633535441139
R05_F05,5,5,El,RMSE,0.09215546291116539
R05_F05,5,5,El,MAE,-0.005729184450165903
R05_F05,5,5,El,NRMSE,0.012929507998543865
R05_F05,5,5,El,NMAE,-0.0008038105808763074
R05_F05,5,5,El,MAPE_Percent,-0.40896157109304454
R05_F05,5,5,Macro,R2,-0.00796803139307578
R05_F05,5,5,Macro,NRMSE,0.008536210834158897
R05_F05,5,5,Macro,NMAE,0.003265959968661636
R05_F05,5,5,UTS,R2,-0.00785639610392419
R05_F05,5,5,UTS,RMSE,1.0605017150683196
R05_F05,5,5,UTS,MAE,0.8330267854900484
R05_F05,5,5,UTS,NRMSE,0.010264790094721032
R05_F05,5,5,UTS,NMAE,0.008063018639988428
R05_F05,5,5,UTS,MAPE_Percent,0.19003224517182726
R05_F05,5,5,YS,R2,-0.002112064539862013
R05_F05,5,5,YS,RMSE,0.2895677646341781
R05_F05,5,5,YS,MAE,0.30448041043275254
R05_F05,5,5,YS,NRMSE,0.002414334409211627
R05_F05,5,5,YS,NMAE,0.0025386718468727865
R05_F05,5,5,YS,MAPE_Percent,0.11354418799357013
